Unified lake build: 480 own and 217 reused declarations.
⚠ [3437/3597] Replayed QuadraticTangZhang.CenteredRemainder
warning: QuadraticTangZhang/CenteredRemainder.lean:84:58: Unused tactic linter: `ring` does nothing

Note: This linter can be disabled with `set_option linter.unusedTactic false`
warning: QuadraticTangZhang/CenteredRemainder.lean:84:58: this tactic is never executed

Note: This linter can be disabled with `set_option linter.unreachableTactic false`
warning: QuadraticTangZhang/CenteredRemainder.lean:84:25: Used `tac1 <;> tac2` where `(tac1; tac2)` would suffice

Note: This linter can be disabled with `set_option linter.unnecessarySeqFocus false`
warning: QuadraticTangZhang/CenteredRemainder.lean:84:39: Used `tac1 <;> tac2` where `(tac1; tac2)` would suffice

Note: This linter can be disabled with `set_option linter.unnecessarySeqFocus false`
warning: QuadraticTangZhang/CenteredRemainder.lean:100:24: Used `tac1 <;> tac2` where `(tac1; tac2)` would suffice

Note: This linter can be disabled with `set_option linter.unnecessarySeqFocus false`
warning: QuadraticTangZhang/CenteredRemainder.lean:100:38: Used `tac1 <;> tac2` where `(tac1; tac2)` would suffice

Note: This linter can be disabled with `set_option linter.unnecessarySeqFocus false`
warning: QuadraticTangZhang/CenteredRemainder.lean:190:20: Used `tac1 <;> tac2` where `(tac1; tac2)` would suffice

Note: This linter can be disabled with `set_option linter.unnecessarySeqFocus false`
warning: QuadraticTangZhang/CenteredRemainder.lean:190:34: Used `tac1 <;> tac2` where `(tac1; tac2)` would suffice

Note: This linter can be disabled with `set_option linter.unnecessarySeqFocus false`
⚠ [3438/3597] Replayed BorceaVariance.FiniteMoments
warning: BorceaVariance/FiniteMoments.lean:49:14: `Finset.sum_sq_le_sum_mul_sum_of_sq_eq_mul` has been deprecated: Use `Finset.sum_sq_le_sum_mul_sum_of_sq_le_mul` instead

Note: The updated constant has a different type:
  ∀ {ι : Type u_1} {R : Type u_2} [inst : CommSemiring R] [inst_1 : LinearOrder R] [IsStrictOrderedRing R]
    [ExistsAddOfLE R] (s : Finset ι) {r f g : ι → R},
    (∀ i ∈ s, 0 ≤ f i) →
      (∀ i ∈ s, 0 ≤ g i) → (∀ i ∈ s, r i ^ 2 ≤ f i * g i) → (∑ i ∈ s, r i) ^ 2 ≤ (∑ i ∈ s, f i) * ∑ i ∈ s, g i
instead of
  ∀ {ι : Type u_1} {R : Type u_2} [inst : CommSemiring R] [inst_1 : LinearOrder R] [IsStrictOrderedRing R]
    [ExistsAddOfLE R] (s : Finset ι) {r f g : ι → R},
    (∀ i ∈ s, 0 ≤ f i) →
      (∀ i ∈ s, 0 ≤ g i) → (∀ i ∈ s, r i ^ 2 = f i * g i) → (∑ i ∈ s, r i) ^ 2 ≤ (∑ i ∈ s, f i) * ∑ i ∈ s, g i
warning: BorceaVariance/FiniteMoments.lean:48:14: This simp argument is unused:
  norm_mul

Hint: Omit it from the simp argument list.
  [apply] simp [Complex.norm_real, Real.norm_eq_abs, abs_of_nonneg (hw i hi)]

Note: This linter can be disabled with `set_option linter.unusedSimpArgs false`
⚠ [3441/3597] Replayed BorceaVariance.Sharpness
warning: BorceaVariance/Sharpness.lean:8:40: Variable name `hn` is not explicitly referenced.

Hint: The binding can be removed (if unused) or named `_` (if used implicitly). Alternatively, prefix the name with `_` to silence this warning:
  [apply] _hn

Note: This linter can be disabled with `set_option linter.unusedVariables false`
warning: BorceaVariance/Sharpness.lean:25:36: `if_false` has been deprecated: Use `ite_false` instead
warning: BorceaVariance/Sharpness.lean:28:29: `if_false` has been deprecated: Use `ite_false` instead
warning: BorceaVariance/Sharpness.lean:45:29: This simp argument is unused:
  Multiset.map_const

Hint: Omit it from the simp argument list.
  [apply] simp only [sub_zero, hmap, Multiset.sum_replicate, nsmul_eq_mul, mul_one, roots_card, hdeg]

Note: This linter can be disabled with `set_option linter.unusedSimpArgs false`
warning: BorceaVariance/Sharpness.lean:45:49: This simp argument is unused:
  Multiset.sum_replicate

Hint: Omit it from the simp argument list.
  [apply] simp only [sub_zero, hmap, Multiset.map_const, nsmul_eq_mul, mul_one, roots_card, hdeg]

Note: This linter can be disabled with `set_option linter.unusedSimpArgs false`
warning: BorceaVariance/Sharpness.lean:46:4: This simp argument is unused:
  nsmul_eq_mul

Hint: Omit it from the simp argument list.
  [apply] simp only [sub_zero, hmap, Multiset.map_const, Multiset.sum_replicate, mul_one, roots_card, hdeg]

Note: This linter can be disabled with `set_option linter.unusedSimpArgs false`
warning: BorceaVariance/Sharpness.lean:46:18: This simp argument is unused:
  mul_one

Hint: Omit it from the simp argument list.
  [apply] simp only [sub_zero, hmap, Multiset.map_const, Multiset.sum_replicate, nsmul_eq_mul, roots_card, hdeg]

Note: This linter can be disabled with `set_option linter.unusedSimpArgs false`
warning: BorceaVariance/Sharpness.lean:46:27: This simp argument is unused:
  roots_card

Hint: Omit it from the simp argument list.
  [apply] simp only [sub_zero, hmap, Multiset.map_const, Multiset.sum_replicate, nsmul_eq_mul, mul_one, hdeg]

Note: This linter can be disabled with `set_option linter.unusedSimpArgs false`
⚠ [3443/3597] Replayed QuadraticTangZhang.CenteredScalar
warning: QuadraticTangZhang/CenteredScalar.lean:39:20: Used `tac1 <;> tac2` where `(tac1; tac2)` would suffice

Note: This linter can be disabled with `set_option linter.unnecessarySeqFocus false`
warning: QuadraticTangZhang/CenteredScalar.lean:40:74: Used `tac1 <;> tac2` where `(tac1; tac2)` would suffice

Note: This linter can be disabled with `set_option linter.unnecessarySeqFocus false`
warning: QuadraticTangZhang/CenteredScalar.lean:113:25: Used `tac1 <;> tac2` where `(tac1; tac2)` would suffice

Note: This linter can be disabled with `set_option linter.unnecessarySeqFocus false`
warning: QuadraticTangZhang/CenteredScalar.lean:113:53: Used `tac1 <;> tac2` where `(tac1; tac2)` would suffice

Note: This linter can be disabled with `set_option linter.unnecessarySeqFocus false`
warning: QuadraticTangZhang/CenteredScalar.lean:165:40: This simp argument is unused:
  norm_mul

Hint: Omit it from the simp argument list.
  [apply] simp [U, r, abs_of_nonneg ha]

Note: This linter can be disabled with `set_option linter.unusedSimpArgs false`
⚠ [3446/3597] Replayed QuadraticTangZhang.ConvexQuadrature
warning: QuadraticTangZhang/ConvexQuadrature.lean:140:20: Used `tac1 <;> tac2` where `(tac1; tac2)` would suffice

Note: This linter can be disabled with `set_option linter.unnecessarySeqFocus false`
warning: QuadraticTangZhang/ConvexQuadrature.lean:149:20: Used `tac1 <;> tac2` where `(tac1; tac2)` would suffice

Note: This linter can be disabled with `set_option linter.unnecessarySeqFocus false`
⚠ [3448/3597] Replayed BorceaVariance.Integral.ConvexMesh
warning: BorceaVariance/Integral/ConvexMesh.lean:20:23: Used `tac1 <;> tac2` where `(tac1; tac2)` would suffice

Note: This linter can be disabled with `set_option linter.unnecessarySeqFocus false`
warning: BorceaVariance/Integral/ConvexMesh.lean:37:23: Used `tac1 <;> tac2` where `(tac1; tac2)` would suffice

Note: This linter can be disabled with `set_option linter.unnecessarySeqFocus false`
⚠ [3451/3597] Replayed QuadraticTangZhang.DyadicSoundness
warning: QuadraticTangZhang/DyadicSoundness.lean:37:5: Variable name `hn` is not explicitly referenced.

Hint: The binding can be removed (if unused) or named `_` (if used implicitly). Alternatively, prefix the name with `_` to silence this warning:
  [apply] _hn

Note: This linter can be disabled with `set_option linter.unusedVariables false`
warning: QuadraticTangZhang/DyadicSoundness.lean:45:5: Variable name `hn` is not explicitly referenced.

Hint: The binding can be removed (if unused) or named `_` (if used implicitly). Alternatively, prefix the name with `_` to silence this warning:
  [apply] _hn

Note: This linter can be disabled with `set_option linter.unusedVariables false`
warning: QuadraticTangZhang/DyadicSoundness.lean:64:27: `dif_neg` has been deprecated: Use `dite_eq_right` instead
warning: QuadraticTangZhang/DyadicSoundness.lean:67:12: `if_pos` has been deprecated: Use `ite_eq_left` instead
warning: QuadraticTangZhang/DyadicSoundness.lean:71:12: `if_neg` has been deprecated: Use `ite_eq_right` instead
warning: QuadraticTangZhang/DyadicSoundness.lean:93:27: `dif_neg` has been deprecated: Use `dite_eq_right` instead
warning: QuadraticTangZhang/DyadicSoundness.lean:96:12: `if_pos` has been deprecated: Use `ite_eq_left` instead
warning: QuadraticTangZhang/DyadicSoundness.lean:100:12: `if_neg` has been deprecated: Use `ite_eq_right` instead
warning: QuadraticTangZhang/DyadicSoundness.lean:187:45: `if_pos` has been deprecated: Use `ite_eq_left` instead
warning: QuadraticTangZhang/DyadicSoundness.lean:189:45: `if_neg` has been deprecated: Use `ite_eq_right` instead
⚠ [3457/3597] Replayed BorceaVariance.ReciprocalAlgebra
warning: BorceaVariance/ReciprocalAlgebra.lean:50:65: Used `tac1 <;> tac2` where `(tac1; tac2)` would suffice

Note: This linter can be disabled with `set_option linter.unnecessarySeqFocus false`
warning: BorceaVariance/ReciprocalAlgebra.lean:51:81: Used `tac1 <;> tac2` where `(tac1; tac2)` would suffice

Note: This linter can be disabled with `set_option linter.unnecessarySeqFocus false`
⚠ [3465/3597] Replayed BorceaVariance.SmallDegree.Cubic
warning: BorceaVariance/SmallDegree/Cubic.lean:49:2: `push_neg` has been deprecated. Prefer using `push Not` instead.
If you'd rather continue using `push_neg` in your project, you can implement it as follows:
```
open Lean.Parser.Tactic in
macro "push_neg" cfg:optConfig loc:(location)? : tactic =>
  `(tactic| push $cfg:optConfig Not $[$loc]?)
```
⚠ [3479/3597] Replayed BorceaVariance.LinearAlgebra.Compression
warning: BorceaVariance/LinearAlgebra/Compression.lean:33:36: This simp argument is unused:
  norm_div

Hint: Omit it from the simp argument list.
  [apply] simp [centeredCompression, hij, norm_mul, div_pow]

Note: This linter can be disabled with `set_option linter.unusedSimpArgs false`
warning: BorceaVariance/LinearAlgebra/Compression.lean:33:46: This simp argument is unused:
  norm_mul

Hint: Omit it from the simp argument list.
  [apply] simp [centeredCompression, hij, norm_div, div_pow]

Note: This linter can be disabled with `set_option linter.unusedSimpArgs false`
warning: BorceaVariance/LinearAlgebra/Compression.lean:50:13: This simp argument is unused:
  Finset.sum_add_distrib

Hint: Omit it from the simp argument list.
  [apply] simp only [Finset.sum_sub_distrib, ← Finset.mul_sum, ← Finset.sum_div, Finset.sum_const, Finset.card_univ,
    Fintype.card_fin, nsmul_eq_mul]

Note: This linter can be disabled with `set_option linter.unusedSimpArgs false`
warning: BorceaVariance/LinearAlgebra/Compression.lean:75:28: This simp argument is unused:
  Finset.sum_add_distrib

Hint: Omit it from the simp argument list.
  [apply] simp only [Matrix.mul_apply, uniformProjection, sub_mul, mul_sub, Finset.sum_sub_distrib]

Note: This linter can be disabled with `set_option linter.unusedSimpArgs false`
warning: BorceaVariance/LinearAlgebra/Compression.lean:86:31: This simp argument is unused:
  Matrix.mul_diagonal

Hint: Omit it from the simp argument list.
  [apply] simp only [Matrix.mul_apply, uniformProjection, centeredCompression, sub_mul, mul_sub, Finset.sum_sub_distrib,
    Finset.sum_add_distrib]

Note: This linter can be disabled with `set_option linter.unusedSimpArgs false`
warning: BorceaVariance/LinearAlgebra/Compression.lean:88:4: This simp argument is unused:
  Finset.sum_add_distrib

Hint: Omit it from the simp argument list.
  [apply] simp only [Matrix.mul_apply, Matrix.mul_diagonal, uniformProjection, centeredCompression, sub_mul, mul_sub,
    Finset.sum_sub_distrib]

Note: This linter can be disabled with `set_option linter.unusedSimpArgs false`
warning: BorceaVariance/LinearAlgebra/Compression.lean:91:40: This simp argument is unused:
  hcenter

Hint: Omit it from the simp argument list.
  [apply] simp only [ite_mul, one_mul, zero_mul, mul_ite, mul_one, mul_zero, Finset.sum_ite_eq, Finset.sum_ite_eq',
    Finset.mem_univ, ite_true, ← Finset.sum_mul, ← Finset.mul_sum]

Note: This linter can be disabled with `set_option linter.unusedSimpArgs false`
warning: BorceaVariance/LinearAlgebra/Compression.lean:93:50: This simp argument is unused:
  sub_zero

Hint: Omit it from the simp argument list.
  [apply] simp only [Matrix.diagonal_apply, Finset.sum_ite_eq, Finset.sum_ite_eq', Finset.mem_univ, ite_true, hcenter,
    mul_zero]

Note: This linter can be disabled with `set_option linter.unusedSimpArgs false`
⚠ [3486/3597] Replayed BorceaVariance.LinearAlgebra.SchurStep
warning: BorceaVariance/LinearAlgebra/SchurStep.lean:17:2: Try this: 
  haveI̵

The goal is a proposition, so `have` is preferred over `haveI`.
The difference between `have` and `haveI` is that `haveI` inlines the value.
But this is not relevant for proofs because of proof irrelevance.

Note: This linter can be disabled with `set_option linter.style.haveILetI false`
warning: BorceaVariance/LinearAlgebra/SchurStep.lean:50:21: This simp argument is unused:
  eq_comm

Hint: Omit it from the simp argument list.
  [apply] simp [smul_eq_mul]

Note: This linter can be disabled with `set_option linter.unusedSimpArgs false`
warning: BorceaVariance/LinearAlgebra/SchurStep.lean:92:8: This simp argument is unused:
  Matrix.charmatrix_apply_ne _ _ _ (Fin.succ_ne_zero i)

Hint: Omit it from the simp argument list.
  [apply] simp [hcol]

Note: This linter can be disabled with `set_option linter.unusedSimpArgs false`
⚠ [3489/3597] Replayed BorceaVariance.LinearAlgebra.CompressionCharpoly
warning: BorceaVariance/LinearAlgebra/CompressionCharpoly.lean:22:28: This simp argument is unused:
  zero_mul

Hint: Omit it from the simp argument list.
  [apply] simp only [eval_zero, zero_sub, neg_div, sub_neg_eq_add]

Note: This linter can be disabled with `set_option linter.unusedSimpArgs false`
warning: BorceaVariance/LinearAlgebra/CompressionCharpoly.lean:22:48: This simp argument is unused:
  neg_div

Hint: Omit it from the simp argument list.
  [apply] simp only [eval_zero, zero_mul, zero_sub, sub_neg_eq_add]

Note: This linter can be disabled with `set_option linter.unusedSimpArgs false`
warning: BorceaVariance/LinearAlgebra/CompressionCharpoly.lean:22:57: This simp argument is unused:
  sub_neg_eq_add

Hint: Omit it from the simp argument list.
  [apply] simp only [eval_zero, zero_mul, zero_sub, neg_div]

Note: This linter can be disabled with `set_option linter.unusedSimpArgs false`
warning: BorceaVariance/LinearAlgebra/CompressionCharpoly.lean:33:42: `Polynomial.eval_finset_sum` has been deprecated: Use `Polynomial.eval_finsetSum` instead
warning: BorceaVariance/LinearAlgebra/CompressionCharpoly.lean:49:13: `Set.mem_setOf_eq` has been deprecated: Use `Set.mem_ofPred_eq` instead
⚠ [3495/3597] Replayed BorceaVariance.FiniteCoordinates
warning: BorceaVariance/FiniteCoordinates.lean:40:26: This simp argument is unused:
  derivative_X_sub_C

Hint: Omit it from the simp argument list.
  [apply] simp [derivative_mul, eval_prod]

Note: This linter can be disabled with `set_option linter.unusedSimpArgs false`
⚠ [3496/3597] Replayed BorceaVariance.BasicProduct
warning: BorceaVariance/BasicProduct.lean:30:49: Variable name `ha` is not explicitly referenced.

Hint: The binding can be removed (if unused) or named `_` (if used implicitly). Alternatively, prefix the name with `_` to silence this warning:
  [apply] _ha

Note: This linter can be disabled with `set_option linter.unusedVariables false`
⚠ [3500/3597] Replayed BorceaVariance.PhiShape
warning: BorceaVariance/PhiShape.lean:23:47: This simp argument is unused:
  phiSquareKernel

Hint: Omit it from the simp argument list.
  [apply] simp

Note: This linter can be disabled with `set_option linter.unusedSimpArgs false`
⚠ [3503/3597] Replayed BorceaVariance.Integral.RetainedProducts
warning: BorceaVariance/Integral/RetainedProducts.lean:7:25: Variable name `hL` is not explicitly referenced.

Hint: The binding can be removed (if unused) or named `_` (if used implicitly). Alternatively, prefix the name with `_` to silence this warning:
  [apply] _hL

Note: This linter can be disabled with `set_option linter.unusedVariables false`
⚠ [3504/3597] Replayed BorceaVariance.Integral.DirectRetained
warning: BorceaVariance/Integral/DirectRetained.lean:65:8: This simp argument is unused:
  norm_mul

Hint: Omit it from the simp argument list.
  [apply] simp [norm_pow, norm_prod]

Note: This linter can be disabled with `set_option linter.unusedSimpArgs false`
⚠ [3506/3597] Replayed BorceaVariance.Integral.OmissionBounds
warning: BorceaVariance/Integral/OmissionBounds.lean:40:44: Unused tactic linter: `ring` does nothing

Note: This linter can be disabled with `set_option linter.unusedTactic false`
warning: BorceaVariance/Integral/OmissionBounds.lean:40:44: this tactic is never executed

Note: This linter can be disabled with `set_option linter.unreachableTactic false`
warning: BorceaVariance/Integral/OmissionBounds.lean:40:25: Used `tac1 <;> tac2` where `(tac1; tac2)` would suffice

Note: This linter can be disabled with `set_option linter.unnecessarySeqFocus false`
warning: BorceaVariance/Integral/OmissionBounds.lean:56:44: Unused tactic linter: `ring` does nothing

Note: This linter can be disabled with `set_option linter.unusedTactic false`
warning: BorceaVariance/Integral/OmissionBounds.lean:56:44: this tactic is never executed

Note: This linter can be disabled with `set_option linter.unreachableTactic false`
warning: BorceaVariance/Integral/OmissionBounds.lean:56:25: Used `tac1 <;> tac2` where `(tac1; tac2)` would suffice

Note: This linter can be disabled with `set_option linter.unnecessarySeqFocus false`
⚠ [3509/3597] Replayed BorceaVariance.Integral.InterpolationMoments
warning: BorceaVariance/Integral/InterpolationMoments.lean:6:46: Variable name `hm` is not explicitly referenced.

Hint: The binding can be removed (if unused) or named `_` (if used implicitly). Alternatively, prefix the name with `_` to silence this warning:
  [apply] _hm

Note: This linter can be disabled with `set_option linter.unusedVariables false`
⚠ [3510/3597] Replayed BorceaVariance.Integral.CenteredFirst
warning: BorceaVariance/Integral/CenteredFirst.lean:9:62: Variable name `hU` is not explicitly referenced.

Hint: The binding can be removed (if unused) or named `_` (if used implicitly). Alternatively, prefix the name with `_` to silence this warning:
  [apply] _hU

Note: This linter can be disabled with `set_option linter.unusedVariables false`
warning: BorceaVariance/Integral/CenteredFirst.lean:41:56: Unused tactic linter: `ring` does nothing

Note: This linter can be disabled with `set_option linter.unusedTactic false`
warning: BorceaVariance/Integral/CenteredFirst.lean:41:56: this tactic is never executed

Note: This linter can be disabled with `set_option linter.unreachableTactic false`
warning: BorceaVariance/Integral/CenteredFirst.lean:41:23: Used `tac1 <;> tac2` where `(tac1; tac2)` would suffice

Note: This linter can be disabled with `set_option linter.unnecessarySeqFocus false`
warning: BorceaVariance/Integral/CenteredFirst.lean:41:37: Used `tac1 <;> tac2` where `(tac1; tac2)` would suffice

Note: This linter can be disabled with `set_option linter.unnecessarySeqFocus false`
warning: BorceaVariance/Integral/CenteredFirst.lean:57:21: Used `tac1 <;> tac2` where `(tac1; tac2)` would suffice

Note: This linter can be disabled with `set_option linter.unnecessarySeqFocus false`
warning: BorceaVariance/Integral/CenteredFirst.lean:57:35: Used `tac1 <;> tac2` where `(tac1; tac2)` would suffice

Note: This linter can be disabled with `set_option linter.unnecessarySeqFocus false`
warning: BorceaVariance/Integral/CenteredFirst.lean:107:81: Used `tac1 <;> tac2` where `(tac1; tac2)` would suffice

Note: This linter can be disabled with `set_option linter.unnecessarySeqFocus false`
⚠ [3512/3597] Replayed BorceaVariance.Integral.CenteredSecond
warning: BorceaVariance/Integral/CenteredSecond.lean:68:21: Used `tac1 <;> tac2` where `(tac1; tac2)` would suffice

Note: This linter can be disabled with `set_option linter.unnecessarySeqFocus false`
warning: BorceaVariance/Integral/CenteredSecond.lean:68:35: Used `tac1 <;> tac2` where `(tac1; tac2)` would suffice

Note: This linter can be disabled with `set_option linter.unnecessarySeqFocus false`
warning: BorceaVariance/Integral/CenteredSecond.lean:120:87: Used `tac1 <;> tac2` where `(tac1; tac2)` would suffice

Note: This linter can be disabled with `set_option linter.unnecessarySeqFocus false`
⚠ [3513/3597] Replayed BorceaVariance.Integral.AbsoluteTest
warning: BorceaVariance/Integral/AbsoluteTest.lean:24:40: Used `tac1 <;> tac2` where `(tac1; tac2)` would suffice

Note: This linter can be disabled with `set_option linter.unnecessarySeqFocus false`
⚠ [3514/3597] Replayed BorceaVariance.Integral.RatioTest
warning: BorceaVariance/Integral/RatioTest.lean:9:5: Variable name `hr` is not explicitly referenced.

Hint: The binding can be removed (if unused) or named `_` (if used implicitly). Alternatively, prefix the name with `_` to silence this warning:
  [apply] _hr

Note: This linter can be disabled with `set_option linter.unusedVariables false`
⚠ [3516/3597] Replayed BorceaVariance.Integral.Constants
warning: BorceaVariance/Integral/Constants.lean:39:4: try 'simp' instead of 'simpa'

Note: This linter can be disabled with `set_option linter.unnecessarySimpa false`
⚠ [3519/3597] Replayed BorceaVariance.Certificate.BetaMajorant
warning: BorceaVariance/Certificate/BetaMajorant.lean:13:35: Variable name `hn` is not explicitly referenced.

Hint: The binding can be removed (if unused) or named `_` (if used implicitly). Alternatively, prefix the name with `_` to silence this warning:
  [apply] _hn

Note: This linter can be disabled with `set_option linter.unusedVariables false`
⚠ [3524/3597] Replayed BorceaVariance.SmallDegree.InverseRoots
warning: BorceaVariance/SmallDegree/InverseRoots.lean:58:64: This simp argument is unused:
  derivative_one

Hint: Omit it from the simp argument list.
  [apply] simp only [derivative_mul, derivative_add, derivative_X_sub_C, zero_mul, zero_add, one_mul, eval_add,
    eval_mul, eval_X, eval_sub, eval_C, sub_self, mul_zero, add_zero]

Note: This linter can be disabled with `set_option linter.unusedSimpArgs false`
warning: BorceaVariance/SmallDegree/InverseRoots.lean:59:15: This simp argument is unused:
  zero_add

Hint: Omit it from the simp argument list.
  [apply] simp only [derivative_mul, derivative_add, derivative_X_sub_C, derivative_one, zero_mul, one_mul, eval_add,
    eval_mul, eval_X, eval_sub, eval_C, sub_self, mul_zero, add_zero]

Note: This linter can be disabled with `set_option linter.unusedSimpArgs false`
warning: BorceaVariance/SmallDegree/InverseRoots.lean:59:82: This simp argument is unused:
  mul_zero

Hint: Omit it from the simp argument list.
  [apply] simp only [derivative_mul, derivative_add, derivative_X_sub_C, derivative_one, zero_mul, zero_add, one_mul,
    eval_add, eval_mul, eval_X, eval_sub, eval_C, sub_self, add_zero]

Note: This linter can be disabled with `set_option linter.unusedSimpArgs false`
⚠ [3533/3597] Replayed BorceaVariance.SmallDegree.RealCoordinateVariance
warning: BorceaVariance/SmallDegree/RealCoordinateVariance.lean:79:20: Used `tac1 <;> tac2` where `(tac1; tac2)` would suffice

Note: This linter can be disabled with `set_option linter.unnecessarySeqFocus false`
⚠ [3535/3597] Replayed BorceaVariance.SmallDegree.CoefficientBounds
warning: BorceaVariance/SmallDegree/CoefficientBounds.lean:67:23: Used `tac1 <;> tac2` where `(tac1; tac2)` would suffice

Note: This linter can be disabled with `set_option linter.unnecessarySeqFocus false`
⚠ [3537/3597] Replayed BorceaVariance.Integral.BetaPolynomial
warning: BorceaVariance/Integral/BetaPolynomial.lean:16:25: This simp argument is unused:
  Nat.add_sub_cancel

Hint: Omit it from the simp argument list.
  [apply] simp only [Nat.cast_add, Nat.cast_one]

Note: This linter can be disabled with `set_option linter.unusedSimpArgs false`
⚠ [3538/3597] Replayed BorceaVariance.Integral.IntegralPolynomial
warning: BorceaVariance/Integral/IntegralPolynomial.lean:45:10: `intervalIntegral.integral_finset_sum` has been deprecated: Use `intervalIntegral.integral_finsetSum` instead
⚠ [3539/3597] Replayed BorceaVariance.SmallDegree.CoefficientIntegral
warning: BorceaVariance/SmallDegree/CoefficientIntegral.lean:23:20: Used `tac1 <;> tac2` where `(tac1; tac2)` would suffice

Note: This linter can be disabled with `set_option linter.unnecessarySeqFocus false`
⚠ [3540/3597] Replayed BorceaVariance.SmallDegree.CoefficientTail
warning: BorceaVariance/SmallDegree/CoefficientTail.lean:26:20: Used `tac1 <;> tac2` where `(tac1; tac2)` would suffice

Note: This linter can be disabled with `set_option linter.unnecessarySeqFocus false`
⚠ [3543/3597] Replayed BorceaVariance.SmallDegree.CoefficientTest
warning: BorceaVariance/SmallDegree/CoefficientTest.lean:34:24: This simp argument is unused:
  Complex.norm_natCast

Hint: Omit it from the simp argument list.
  [apply] simp only [norm_mul, Complex.norm_real, Real.norm_eq_abs, abs_of_nonneg ha, Nat.cast_add, Nat.cast_one,
    hmnorm]

Note: This linter can be disabled with `set_option linter.unusedSimpArgs false`
⚠ [3544/3597] Replayed BorceaVariance.SmallDegree.QuadraticSplit
warning: BorceaVariance/SmallDegree/QuadraticSplit.lean:76:33: This simp argument is unused:
  Complex.norm_natCast

Hint: Omit it from the simp argument list.
  [apply] simp only [norm_neg, norm_mul, Complex.norm_real, Real.norm_eq_abs, abs_of_nonneg ha, Nat.cast_add,
    Nat.cast_one, hmnorm]

Note: This linter can be disabled with `set_option linter.unusedSimpArgs false`
⚠ [3546/3597] Replayed BorceaVariance.SmallDegree.QuadraticReal
warning: BorceaVariance/SmallDegree/QuadraticReal.lean:18:21: This simp argument is unused:
  map_sub

Hint: Omit it from the simp argument list.
  [apply] simp only [map_mul, map_add, map_pow, map_neg, map_one, map_ofNat, MvPolynomial.aeval_esymm_eq_multiset_esymm,
    MvPolynomial.psum, MvPolynomial.aeval_sum, MvPolynomial.aeval_X] at he

Note: This linter can be disabled with `set_option linter.unusedSimpArgs false`
⚠ [3553/3597] Replayed BorceaVariance.LargeDegree.LargeA
warning: BorceaVariance/LargeDegree/LargeA.lean:61:27: Used `tac1 <;> tac2` where `(tac1; tac2)` would suffice

Note: This linter can be disabled with `set_option linter.unnecessarySeqFocus false`
⚠ [3564/3597] Replayed QuadraticTangZhang.RectangleBounds
warning: QuadraticTangZhang/RectangleBounds.lean:18:44: Variable name `hD` is not explicitly referenced.

Hint: The binding can be removed (if unused) or named `_` (if used implicitly). Alternatively, prefix the name with `_` to silence this warning:
  [apply] _hD

Note: This linter can be disabled with `set_option linter.unusedVariables false`
warning: QuadraticTangZhang/RectangleBounds.lean:84:18: Variable name `hR` is not explicitly referenced.

Hint: The binding can be removed (if unused) or named `_` (if used implicitly). Alternatively, prefix the name with `_` to silence this warning:
  [apply] _hR

Note: This linter can be disabled with `set_option linter.unusedVariables false`
⚠ [3565/3597] Replayed QuadraticTangZhang.UniformBounds
warning: QuadraticTangZhang/UniformBounds.lean:34:18: Variable name `hL` is not explicitly referenced.

Hint: The binding can be removed (if unused) or named `_` (if used implicitly). Alternatively, prefix the name with `_` to silence this warning:
  [apply] _hL

Note: This linter can be disabled with `set_option linter.unusedVariables false`
⚠ [3566/3597] Replayed QuadraticTangZhang.ExponentialIntegrals
warning: QuadraticTangZhang/ExponentialIntegrals.lean:19:22: This simp argument is unused:
  add_zero

Hint: Omit it from the simp argument list.
  [apply] simp only [mul_zero, zero_add, Real.exp_zero, mul_one]

Note: This linter can be disabled with `set_option linter.unusedSimpArgs false`
info: QuadraticTangZhang/ExponentialIntegrals.lean:47:38: Try this:
  [apply] ring_nf
  
  The `ring` tactic failed to close the goal. Use `ring_nf` to obtain a normal form.
    
  Note that `ring` works primarily in *commutative* rings. If you have a noncommutative ring, abelian group or module, consider using `noncomm_ring`, `abel` or `module` instead.
warning: QuadraticTangZhang/ExponentialIntegrals.lean:47:20: Used `tac1 <;> tac2` where `(tac1; tac2)` would suffice

Note: This linter can be disabled with `set_option linter.unnecessarySeqFocus false`
info: QuadraticTangZhang/ExponentialIntegrals.lean:63:79: Try this:
  [apply] ring_nf
  
  The `ring` tactic failed to close the goal. Use `ring_nf` to obtain a normal form.
    
  Note that `ring` works primarily in *commutative* rings. If you have a noncommutative ring, abelian group or module, consider using `noncomm_ring`, `abel` or `module` instead.
info: QuadraticTangZhang/ExponentialIntegrals.lean:88:40: Try this:
  [apply] ring_nf
  
  The `ring` tactic failed to close the goal. Use `ring_nf` to obtain a normal form.
    
  Note that `ring` works primarily in *commutative* rings. If you have a noncommutative ring, abelian group or module, consider using `noncomm_ring`, `abel` or `module` instead.
warning: QuadraticTangZhang/ExponentialIntegrals.lean:93:48: try 'simp' instead of 'simpa'

Note: This linter can be disabled with `set_option linter.unnecessarySimpa false`
⚠ [3570/3597] Replayed BorceaVariance.LargeDegree.TableConstants
warning: BorceaVariance/LargeDegree/TableConstants.lean:38:4: Unused tactic linter: `norm_num` does nothing

Note: This linter can be disabled with `set_option linter.unusedTactic false`
⚠ [3572/3597] Replayed BorceaVariance.LargeDegree.SmallABounds
warning: BorceaVariance/LargeDegree/SmallABounds.lean:59:4: try 'simp' instead of 'simpa'

Note: This linter can be disabled with `set_option linter.unnecessarySimpa false`
⚠ [3577/3597] Replayed BorceaVariance.LargeDegree.CentralIntegrals
warning: BorceaVariance/LargeDegree/CentralIntegrals.lean:67:22: Used `tac1 <;> tac2` where `(tac1; tac2)` would suffice

Note: This linter can be disabled with `set_option linter.unnecessarySeqFocus false`
⚠ [3579/3597] Replayed BorceaVariance.LargeDegree
warning: BorceaVariance/LargeDegree.lean:30:2: `push_neg` has been deprecated. Prefer using `push Not` instead.
If you'd rather continue using `push_neg` in your project, you can implement it as follows:
```
open Lean.Parser.Tactic in
macro "push_neg" cfg:optConfig loc:(location)? : tactic =>
  `(tactic| push $cfg:optConfig Not $[$loc]?)
```
⚠ [3580/3597] Replayed BorceaVariance.Compactness
warning: BorceaVariance/Compactness.lean:68:27: Used `tac1 <;> tac2` where `(tac1; tac2)` would suffice

Note: This linter can be disabled with `set_option linter.unnecessarySeqFocus false`
⚠ [3583/3597] Replayed BorceaVariance.SmallDegree.RootParameters
warning: BorceaVariance/SmallDegree/RootParameters.lean:20:2: Used `tac1 <;> tac2` where `(tac1; tac2)` would suffice

Note: This linter can be disabled with `set_option linter.unnecessarySeqFocus false`
warning: BorceaVariance/SmallDegree/RootParameters.lean:45:2: Used `tac1 <;> tac2` where `(tac1; tac2)` would suffice

Note: This linter can be disabled with `set_option linter.unnecessarySeqFocus false`
⚠ [3584/3597] Replayed BorceaVariance.SmallDegree.Symmetric
warning: BorceaVariance/SmallDegree/Symmetric.lean:25:4: This simp argument is unused:
  Nat.reduceSub

Hint: Omit it from the simp argument list.
  [apply] simp only [cofactorSum, Multiset.map_cons, Multiset.prod_cons, add_mul, Polynomial.coeff_add,
    Polynomial.coeff_X_mul, Polynomial.coeff_C_mul, constantCoeff_linear_product]

Note: This linter can be disabled with `set_option linter.unusedSimpArgs false`
warning: BorceaVariance/SmallDegree/Symmetric.lean:79:6: `push_neg` has been deprecated. Prefer using `push Not` instead.
If you'd rather continue using `push_neg` in your project, you can implement it as follows:
```
open Lean.Parser.Tactic in
macro "push_neg" cfg:optConfig loc:(location)? : tactic =>
  `(tactic| push $cfg:optConfig Not $[$loc]?)
```
warning: BorceaVariance/SmallDegree/Symmetric.lean:81:6: Try `simp at hlt` instead of `simpa using hlt`

Note: This linter can be disabled with `set_option linter.unnecessarySimpa false`
warning: BorceaVariance/SmallDegree/Symmetric.lean:107:6: `push_neg` has been deprecated. Prefer using `push Not` instead.
If you'd rather continue using `push_neg` in your project, you can implement it as follows:
```
open Lean.Parser.Tactic in
macro "push_neg" cfg:optConfig loc:(location)? : tactic =>
  `(tactic| push $cfg:optConfig Not $[$loc]?)
```
⚠ [3585/3597] Replayed BorceaVariance.SmallDegree.SymmetricProduct
warning: BorceaVariance/SmallDegree/SymmetricProduct.lean:18:8: Unused tactic linter: `ring` does nothing

Note: This linter can be disabled with `set_option linter.unusedTactic false`
warning: BorceaVariance/SmallDegree/SymmetricProduct.lean:18:8: this tactic is never executed

Note: This linter can be disabled with `set_option linter.unreachableTactic false`
warning: BorceaVariance/SmallDegree/SymmetricProduct.lean:20:43: Variable name `hm` is not explicitly referenced.

Hint: The binding can be removed (if unused) or named `_` (if used implicitly). Alternatively, prefix the name with `_` to silence this warning:
  [apply] _hm

Note: This linter can be disabled with `set_option linter.unusedVariables false`
warning: BorceaVariance/SmallDegree/SymmetricProduct.lean:57:25: This simp argument is unused:
  inv_div

Hint: Omit it from the simp argument list.
  [apply] simp [ξ, norm_inv, div_eq_mul_inv, inv_pow]

Note: This linter can be disabled with `set_option linter.unusedSimpArgs false`
⚠ [3586/3597] Replayed BorceaVariance.SmallDegree.RootProduct
warning: BorceaVariance/SmallDegree/RootProduct.lean:61:23: Used `tac1 <;> tac2` where `(tac1; tac2)` would suffice

Note: This linter can be disabled with `set_option linter.unnecessarySeqFocus false`
⚠ [3587/3597] Replayed BorceaVariance.SmallDegree.ConvexPacking
warning: BorceaVariance/SmallDegree/ConvexPacking.lean:26:4: Used `tac1 <;> tac2` where `(tac1; tac2)` would suffice

Note: This linter can be disabled with `set_option linter.unnecessarySeqFocus false`
warning: BorceaVariance/SmallDegree/ConvexPacking.lean:112:35: This simp argument is unused:
  Multiset.map_const

Hint: Omit it from the simp argument list.
  [apply] simp [g, Multiset.sum_map_sub, Multiset.sum_replicate]

Note: This linter can be disabled with `set_option linter.unusedSimpArgs false`
⚠ [3588/3597] Replayed BorceaVariance.SmallDegree.PackingPointwise
warning: BorceaVariance/SmallDegree/PackingPointwise.lean:34:2: Used `tac1 <;> tac2` where `(tac1; tac2)` would suffice

Note: This linter can be disabled with `set_option linter.unnecessarySeqFocus false`
⚠ [3591/3597] Replayed BorceaVariance.SmallDegree.Packing
warning: BorceaVariance/SmallDegree/Packing.lean:38:8: Unused tactic linter: `ring` does nothing

Note: This linter can be disabled with `set_option linter.unusedTactic false`
warning: BorceaVariance/SmallDegree/Packing.lean:38:8: this tactic is never executed

Note: This linter can be disabled with `set_option linter.unreachableTactic false`
warning: BorceaVariance/SmallDegree/Packing.lean:43:20: Used `tac1 <;> tac2` where `(tac1; tac2)` would suffice

Note: This linter can be disabled with `set_option linter.unnecessarySeqFocus false`
warning: BorceaVariance/SmallDegree/Packing.lean:66:20: Used `tac1 <;> tac2` where `(tac1; tac2)` would suffice

Note: This linter can be disabled with `set_option linter.unnecessarySeqFocus false`
✔ [3592/3597] Built BorceaVariance (18s)
ℹ [3594/3597] Built Audit (18s)
info: Audit.lean:32:0: 'QuadraticTangZhang.normSq_sub_coordinates' depends on axioms: [propext, Classical.choice, Quot.sound]
info: Audit.lean:33:0: 'QuadraticTangZhang.sum_normSq_sub' depends on axioms: [propext, Classical.choice, Quot.sound]
info: Audit.lean:34:0: 'QuadraticTangZhang.variance_identity' depends on axioms: [propext, Classical.choice, Quot.sound]
info: Audit.lean:35:0: 'QuadraticTangZhang.mean_sq_le_secondMoment' depends on axioms: [propext, Classical.choice, Quot.sound]
info: Audit.lean:36:0: 'QuadraticTangZhang.secondMoment_nonneg' depends on axioms: [propext, Classical.choice, Quot.sound]
info: Audit.lean:37:0: 'QuadraticTangZhang.meanRe_bounds' depends on axioms: [propext, Classical.choice, Quot.sound]
info: Audit.lean:38:0: 'QuadraticTangZhang.sum_centered_re' depends on axioms: [propext, Classical.choice, Quot.sound]
info: Audit.lean:39:0: 'QuadraticTangZhang.sum_centered_im' depends on axioms: [propext, Classical.choice, Quot.sound]
info: Audit.lean:40:0: 'QuadraticTangZhang.boundary_secondMoment' depends on axioms: [propext, Classical.choice, Quot.sound]
info: Audit.lean:41:0: 'QuadraticTangZhang.boundary_rigidity' depends on axioms: [propext, Classical.choice, Quot.sound]
info: Audit.lean:42:0: 'QuadraticTangZhang.boundary_equality_iff' depends on axioms: [propext, Classical.choice, Quot.sound]
info: Audit.lean:43:0: 'QuadraticTangZhang.affine_normSq' depends on axioms: [propext, Classical.choice, Quot.sound]
info: Audit.lean:44:0: 'QuadraticTangZhang.affine_secondMoment' depends on axioms: [propext, Classical.choice, Quot.sound]
info: Audit.lean:45:0: 'QuadraticTangZhang.criticalReciprocals_card' depends on axioms: [propext, Classical.choice, Quot.sound]
info: Audit.lean:46:0: 'QuadraticTangZhang.criticalReciprocals_ne_zero' depends on axioms: [propext, Classical.choice, Quot.sound]
info: Audit.lean:47:0: 'QuadraticTangZhang.criticalReciprocals_factorization' depends on axioms: [propext, Classical.choice, Quot.sound]
info: Audit.lean:48:0: 'QuadraticTangZhang.reciprocalEnergy_of_ne' depends on axioms: [propext, Classical.choice, Quot.sound]
info: Audit.lean:49:0: 'QuadraticTangZhang.ofReal_multiset_sum' depends on axioms: [propext, Classical.choice, Quot.sound]
info: Audit.lean:50:0: 'QuadraticTangZhang.criticalEnergy_eq_ofReal' depends on axioms: [propext, Classical.choice, Quot.sound]
info: Audit.lean:51:0: 'QuadraticTangZhang.reciprocal_sum_le_of_energy_le' depends on axioms: [propext, Classical.choice, Quot.sound]
info: Audit.lean:52:0: 'QuadraticTangZhang.multiset_variance_real' depends on axioms: [propext, Classical.choice, Quot.sound]
info: Audit.lean:53:0: 'QuadraticTangZhang.multiset_mean_sq_le' depends on axioms: [propext, Classical.choice, Quot.sound]
info: Audit.lean:54:0: 'QuadraticTangZhang.reciprocalEnergy_self' depends on axioms: [propext, Classical.choice, Quot.sound]
info: Audit.lean:55:0: 'QuadraticTangZhang.reciprocalEnergy_eq_top_iff' depends on axioms: [propext, Classical.choice, Quot.sound]
info: Audit.lean:56:0: 'QuadraticTangZhang.criticalEnergy_eq_top_of_mem' depends on axioms: [propext, Classical.choice, Quot.sound]
info: Audit.lean:57:0: 'QuadraticTangZhang.main_at_common_zero' depends on axioms: [propext, Classical.choice, Quot.sound]
info: Audit.lean:58:0: 'Sendov.prod_cons_eq' depends on axioms: [propext, Classical.choice, Quot.sound]
info: Audit.lean:59:0: 'Sendov.centroid_identity' depends on axioms: [propext, Classical.choice, Quot.sound]
info: Audit.lean:60:0: 'Sendov.sumEraseProd_zero' depends on axioms: [propext, Classical.choice, Quot.sound]
info: Audit.lean:61:0: 'Sendov.sumEraseProd_cons' depends on axioms: [propext, Classical.choice, Quot.sound]
info: Audit.lean:62:0: 'Sendov.prod_map_neg' depends on axioms: [propext, Classical.choice, Quot.sound]
info: Audit.lean:63:0: 'Sendov.eval_prod_zero' depends on axioms: [propext, Classical.choice, Quot.sound]
info: Audit.lean:64:0: 'Sendov.eval_deriv_prod_zero' depends on axioms: [propext, Classical.choice, Quot.sound]
info: Audit.lean:65:0: 'Sendov.prod_inv_sub_mul' depends on axioms: [propext, Classical.choice, Quot.sound]
info: Audit.lean:66:0: 'Sendov.second_origin_identity' depends on axioms: [propext, Classical.choice, Quot.sound]
info: Audit.lean:67:0: 'Sendov.continuous_deriv_seg' depends on axioms: [propext, Classical.choice, Quot.sound]
info: Audit.lean:68:0: 'Sendov.eval_eq_integral' depends on axioms: [propext, Classical.choice, Quot.sound]
info: Audit.lean:69:0: 'Sendov.first_origin_identity' depends on axioms: [propext, Classical.choice, Quot.sound]
info: Audit.lean:70:0: 'Sendov.prod_map_mul_const' depends on axioms: [propext, Classical.choice, Quot.sound]
info: Audit.lean:71:0: 'Sendov.prod_inv_mul' depends on axioms: [propext, Classical.choice, Quot.sound]
info: Audit.lean:72:0: 'Sendov.prod_sub_mul_prod' depends on axioms: [propext, Classical.choice, Quot.sound]
info: Audit.lean:73:0: 'Sendov.polar_identity' depends on axioms: [propext, Classical.choice, Quot.sound]
info: Audit.lean:74:0: 'Sendov.exists_root_multiset' depends on axioms: [propext, Classical.choice, Quot.sound]
info: Audit.lean:75:0: 'Sendov.exists_crit_multiset' depends on axioms: [propext, Classical.choice, Quot.sound]
info: Audit.lean:76:0: 'QuadraticTangZhang.weighted_product_split' depends on axioms: [propext, Classical.choice, Quot.sound]
info: Audit.lean:77:0: 'QuadraticTangZhang.centered_interpolation_polynomial' depends on axioms: [propext, Classical.choice, Quot.sound]
info: Audit.lean:78:0: 'QuadraticTangZhang.origin_derivative_polynomial' depends on axioms: [propext, Classical.choice, Quot.sound]
info: Audit.lean:79:0: 'QuadraticTangZhang.centered_sum_norm_sq' depends on axioms: [propext, Classical.choice, Quot.sound]
info: Audit.lean:80:0: 'QuadraticTangZhang.centered_remainder_general' depends on axioms: [propext, Classical.choice, Quot.sound]
info: Audit.lean:81:0: 'QuadraticTangZhang.norm_meanComplex_sq' depends on axioms: [propext, Classical.choice, Quot.sound]
info: Audit.lean:82:0: 'QuadraticTangZhang.sum_sub_meanComplex' depends on axioms: [propext, Classical.choice, Quot.sound]
info: Audit.lean:83:0: 'QuadraticTangZhang.centered_variance_sum' depends on axioms: [propext, Classical.choice, Quot.sound]
info: Audit.lean:84:0: 'QuadraticTangZhang.norm_meanComplex_le_one' depends on axioms: [propext, Classical.choice, Quot.sound]
info: Audit.lean:85:0: 'QuadraticTangZhang.one_sub_meanComplex_ne_zero' depends on axioms: [propext, Classical.choice, Quot.sound]
info: Audit.lean:86:0: 'QuadraticTangZhang.sum_origin_norm_sq' depends on axioms: [propext, Classical.choice, Quot.sound]
info: Audit.lean:87:0: 'QuadraticTangZhang.centered_remainder_estimate' depends on axioms: [propext, Classical.choice, Quot.sound]
info: Audit.lean:88:0: 'QuadraticTangZhang.prod_norm_sq_le_mean' depends on axioms: [propext, Classical.choice, Quot.sound]
info: Audit.lean:89:0: 'QuadraticTangZhang.norm_prod_le_moment' depends on axioms: [propext, Classical.choice, Quot.sound]
info: Audit.lean:90:0: 'QuadraticTangZhang.deleted_amgm_coefficient' depends on axioms: [propext, Classical.choice, Quot.sound]
info: Audit.lean:91:0: 'QuadraticTangZhang.norm_deleted_prod_le' depends on axioms: [propext, Classical.choice, Quot.sound]
info: Audit.lean:92:0: 'QuadraticTangZhang.exp_one_bounds' depends on axioms: [propext, Classical.choice, Quot.sound]
info: Audit.lean:93:0: 'QuadraticTangZhang.sqrt_exp_one_lt' depends on axioms: [propext, Classical.choice, Quot.sound]
info: Audit.lean:94:0: 'QuadraticTangZhang.log_million_bounds' depends on axioms: [propext, Classical.choice, Quot.sound]
info: Audit.lean:95:0: 'QuadraticTangZhang.log_three_eighths_million' depends on axioms: [propext, Classical.choice, Quot.sound]
info: Audit.lean:96:0: 'QuadraticTangZhang.log_fifty_thousand' depends on axioms: [propext, Classical.choice, Quot.sound]
info: Audit.lean:97:0: 'QuadraticTangZhang.near_coefficient_base' depends on axioms: [propext, Classical.choice, Quot.sound]
info: Audit.lean:98:0: 'QuadraticTangZhang.decreasing_coefficient_base' depends on axioms: [propext, Classical.choice, Quot.sound]
info: Audit.lean:99:0: 'QuadraticTangZhang.near_endpoint_coefficient_base' depends on axioms: [propext, Classical.choice, Quot.sound]
info: Audit.lean:100:0: 'QuadraticTangZhang.near_total_base' depends on axioms: [propext, Classical.choice, Quot.sound]
info: Audit.lean:101:0: 'QuadraticTangZhang.near_exponent_base' depends on axioms: [propext, Classical.choice, Quot.sound]
info: Audit.lean:102:0: 'QuadraticTangZhang.polar_log_exponent_base' depends on axioms: [propext, Classical.choice, Quot.sound]
info: Audit.lean:103:0: 'QuadraticTangZhang.small_alpha_base' depends on axioms: [propext, Classical.choice, Quot.sound]
info: Audit.lean:104:0: 'QuadraticTangZhang.large_alpha_base' depends on axioms: [propext, Classical.choice, Quot.sound]
info: Audit.lean:105:0: 'QuadraticTangZhang.sigma_base' depends on axioms: [propext, Classical.choice, Quot.sound]
info: Audit.lean:106:0: 'QuadraticTangZhang.degree_correction_base' depends on axioms: [propext, Classical.choice, Quot.sound]
info: Audit.lean:107:0: 'QuadraticTangZhang.small_a_power_base' depends on axioms: [propext, Classical.choice, Quot.sound]
info: Audit.lean:108:0: 'QuadraticTangZhang.small_a_increasing_coefficient' depends on axioms: [propext, Classical.choice, Quot.sound]
info: Audit.lean:109:0: 'QuadraticTangZhang.small_a_decreasing_coefficient' depends on axioms: [propext, Classical.choice, Quot.sound]
info: Audit.lean:110:0: 'QuadraticTangZhang.small_a_total' depends on axioms: [propext, Classical.choice, Quot.sound]
info: Audit.lean:111:0: 'QuadraticTangZhang.cube_root_base' depends on axioms: [propext, Classical.choice, Quot.sound]
info: Audit.lean:112:0: 'QuadraticTangZhang.large_a_correction_base' depends on axioms: [propext, Classical.choice, Quot.sound]
info: Audit.lean:113:0: 'QuadraticTangZhang.large_a_increasing_coefficient' depends on axioms: [propext, Classical.choice, Quot.sound]
info: Audit.lean:114:0: 'QuadraticTangZhang.large_a_total' depends on axioms: [propext, Classical.choice, Quot.sound]
info: Audit.lean:115:0: 'QuadraticTangZhang.boundary_gap_base' depends on axioms: [propext, Classical.choice, Quot.sound]
info: Audit.lean:116:0: 'Sendov.amgm_step' depends on axioms: [propext, Classical.choice, Quot.sound]
info: Audit.lean:117:0: 'Sendov.maclaurin_step' depends on axioms: [propext, Classical.choice, Quot.sound]
info: Audit.lean:118:0: 'Sendov.Multiset.prod_le_mean_pow' depends on axioms: [propext, Classical.choice, Quot.sound]
info: Audit.lean:119:0: 'Sendov.esymm_card_cons' depends on axioms: [propext, Classical.choice, Quot.sound]
info: Audit.lean:120:0: 'Sendov.Multiset.esymm_card_pred_le' depends on axioms: [propext, Classical.choice, Quot.sound]
info: Audit.lean:121:0: 'QuadraticTangZhang.beta_decomposition' depends on axioms: [propext, Classical.choice, Quot.sound]
info: Audit.lean:122:0: 'QuadraticTangZhang.betaS_le_beta' depends on axioms: [propext, Classical.choice, Quot.sound]
info: Audit.lean:123:0: 'QuadraticTangZhang.beta_one_pos' depends on axioms: [propext, Classical.choice, Quot.sound]
info: Audit.lean:124:0: 'QuadraticTangZhang.x_gt_half_of_beta_lt_one' depends on axioms: [propext, Classical.choice, Quot.sound]
info: Audit.lean:125:0: 'QuadraticTangZhang.rho_identity' depends on axioms: [propext, Classical.choice, Quot.sound]
info: Audit.lean:126:0: 'QuadraticTangZhang.rho_le_gap' depends on axioms: [propext, Classical.choice, Quot.sound]
info: Audit.lean:127:0: 'QuadraticTangZhang.rho_le_sq' depends on axioms: [propext, Classical.choice, Quot.sound]
info: Audit.lean:128:0: 'QuadraticTangZhang.betaS_endpoint' depends on axioms: [propext, Classical.choice, Quot.sound]
info: Audit.lean:129:0: 'QuadraticTangZhang.betaS_endpoint_le' depends on axioms: [propext, Classical.choice, Quot.sound]
info: Audit.lean:130:0: 'QuadraticTangZhang.polar_chord_gap' depends on axioms: [propext, Classical.choice, Quot.sound]
info: Audit.lean:131:0: 'QuadraticTangZhang.polar_le_chord' depends on axioms: [propext, Classical.choice, Quot.sound]
info: Audit.lean:132:0: 'QuadraticTangZhang.cubic_le_a' depends on axioms: [propext, Classical.choice, Quot.sound]
info: Audit.lean:133:0: 'QuadraticTangZhang.cubic_discriminant_identity' depends on axioms: [propext, Classical.choice, Quot.sound]
info: Audit.lean:134:0: 'QuadraticTangZhang.cubic_discriminant_nonneg' depends on axioms: [propext, Classical.choice, Quot.sound]
info: Audit.lean:135:0: 'QuadraticTangZhang.exclude_center_cubic' depends on axioms: [propext, Classical.choice, Quot.sound]
info: Audit.lean:136:0: 'QuadraticTangZhang.exclude_center_monotone' depends on axioms: [propext, Classical.choice, Quot.sound]
info: Audit.lean:137:0: 'QuadraticTangZhang.boundary_margin' depends on axioms: [propext, Classical.choice, Quot.sound]
info: Audit.lean:138:0: 'QuadraticTangZhang.exclude_center_boundary' depends on axioms: [propext, Classical.choice, Quot.sound]
info: Audit.lean:139:0: 'QuadraticTangZhang.exclude_direct' depends on axioms: [propext, Classical.choice, Quot.sound]
info: Audit.lean:140:0: 'QuadraticTangZhang.small_degree_factor_pos' depends on axioms: [propext, Classical.choice, Quot.sound]
info: Audit.lean:141:0: 'QuadraticTangZhang.small_degree_deficit_pos' depends on axioms: [propext, Classical.choice, Quot.sound]
info: Audit.lean:142:0: 'QuadraticTangZhang.boxEnvelope_nonneg' depends on axioms: [propext, Classical.choice, Quot.sound]
info: Audit.lean:143:0: 'QuadraticTangZhang.boxEnvelope_le_one' depends on axioms: [propext, Classical.choice, Quot.sound]
info: Audit.lean:144:0: 'QuadraticTangZhang.boxEnvelope_convex' depends on axioms: [propext, Classical.choice, Quot.sound]
info: Audit.lean:145:0: 'QuadraticTangZhang.boxEnvelope_rpow_convex' depends on axioms: [propext, Classical.choice, Quot.sound]
info: Audit.lean:146:0: 'QuadraticTangZhang.weighted_sq_div' depends on axioms: [propext, Classical.choice, Quot.sound]
info: Audit.lean:147:0: 'QuadraticTangZhang.convexOn_sq_div_affine' depends on axioms: [propext, Classical.choice, Quot.sound]
info: Audit.lean:148:0: 'QuadraticTangZhang.boxEnvelope_rpow_div_convex' depends on axioms: [propext, Classical.choice, Quot.sound]
info: Audit.lean:149:0: 'QuadraticTangZhang.convex_chord_bound' depends on axioms: [propext, Classical.choice, Quot.sound]
info: Audit.lean:150:0: 'QuadraticTangZhang.weighted_chord_integral' depends on axioms: [propext, Classical.choice, Quot.sound]
info: Audit.lean:151:0: 'QuadraticTangZhang.weighted_convex_integral_le_chord' depends on axioms: [propext, Classical.choice, Quot.sound]
info: Audit.lean:152:0: 'QuadraticTangZhang.convex_quadrature_weight_one' depends on axioms: [propext, Classical.choice, Quot.sound]
info: Audit.lean:153:0: 'QuadraticTangZhang.convex_quadrature_weight_two' depends on axioms: [propext, Classical.choice, Quot.sound]
info: Audit.lean:154:0: 'QuadraticTangZhang.degree_term_mono' depends on axioms: [propext, Classical.choice, Quot.sound]
info: Audit.lean:155:0: 'QuadraticTangZhang.abstract_rectangle_exclusion' depends on axioms: [propext, Classical.choice, Quot.sound]
info: Audit.lean:156:0: 'QuadraticTangZhang.abstract_rectangle_exclusion_basic' depends on axioms: [propext, Classical.choice, Quot.sound]
info: Audit.lean:157:0: 'QuadraticTangZhang.sum_eq_card_mul_mean' depends on axioms: [propext, Classical.choice, Quot.sound]
info: Audit.lean:158:0: 'QuadraticTangZhang.differential_origin_identity' depends on axioms: [propext, Classical.choice, Quot.sound]
info: Audit.lean:159:0: 'QuadraticTangZhang.originProduct_norm_le_beta' depends on axioms: [propext, Classical.choice, Quot.sound]
info: Audit.lean:160:0: 'QuadraticTangZhang.originErrorSum_norm_bound' depends on axioms: [propext, Classical.choice, Quot.sound]
info: Audit.lean:161:0: 'QuadraticTangZhang.originRemainder_norm_bound' depends on axioms: [propext, Classical.choice, Quot.sound]
info: Audit.lean:162:0: 'QuadraticTangZhang.direct_scalar_inequality' depends on axioms: [propext, Classical.choice, Quot.sound]
info: Audit.lean:163:0: 'QuadraticTangZhang.origin_gap_pos' depends on axioms: [propext, Classical.choice, Quot.sound]
info: Audit.lean:164:0: 'QuadraticTangZhang.beta_pos_on_unit' depends on axioms: [propext, Classical.choice, Quot.sound]
info: Audit.lean:165:0: 'QuadraticTangZhang.centerFactor_norm_lower' depends on axioms: [propext, Classical.choice, Quot.sound]
info: Audit.lean:166:0: 'QuadraticTangZhang.centerIntegral_integrable' depends on axioms: [propext, Classical.choice, Quot.sound]
info: Audit.lean:167:0: 'QuadraticTangZhang.centerIntegral_nonneg' depends on axioms: [propext, Classical.choice, Quot.sound]
info: Audit.lean:168:0: 'QuadraticTangZhang.centerCoefficient_nonneg' depends on axioms: [propext, Classical.choice, Quot.sound]
info: Audit.lean:169:0: 'QuadraticTangZhang.centerFactor_integral' depends on axioms: [propext, Classical.choice, Quot.sound]
info: Audit.lean:170:0: 'QuadraticTangZhang.centered_integral_remainder' depends on axioms: [propext, Classical.choice, Quot.sound]
info: Audit.lean:171:0: 'QuadraticTangZhang.norm_centerFactor_sq_le_beta' depends on axioms: [propext, Classical.choice, Quot.sound]
info: Audit.lean:172:0: 'QuadraticTangZhang.norm_pow_le_rpow_of_sq_le' depends on axioms: [propext, Classical.choice, Quot.sound]
info: Audit.lean:173:0: 'QuadraticTangZhang.centered_scalar_inequality' depends on axioms: [propext, Classical.choice, Quot.sound]
info: Audit.lean:174:0: 'QuadraticTangZhang.segment_quadrature_one' depends on axioms: [propext, Classical.choice, Quot.sound]
info: Audit.lean:175:0: 'QuadraticTangZhang.segment_quadrature_two' depends on axioms: [propext, Classical.choice, Quot.sound]
info: Audit.lean:176:0: 'QuadraticTangZhang.finite_quadrature_one_sound' depends on axioms: [propext, Classical.choice, Quot.sound]
info: Audit.lean:177:0: 'QuadraticTangZhang.finite_quadrature_two_sound' depends on axioms: [propext, Classical.choice, Quot.sound]
info: Audit.lean:178:0: 'QuadraticTangZhang.roundDown_nonneg' depends on axioms: [propext, Classical.choice, Quot.sound]
info: Audit.lean:179:0: 'QuadraticTangZhang.roundUp_nonneg' depends on axioms: [propext, Classical.choice, Quot.sound]
info: Audit.lean:180:0: 'QuadraticTangZhang.roundDown_le' depends on axioms: [propext, Classical.choice, Quot.sound]
info: Audit.lean:181:0: 'QuadraticTangZhang.le_roundUp' depends on axioms: [propext, Classical.choice, Quot.sound]
info: Audit.lean:182:0: 'QuadraticTangZhang.roundDown_cast_le' depends on axioms: [propext, Classical.choice, Quot.sound]
info: Audit.lean:183:0: 'QuadraticTangZhang.cast_le_roundUp' depends on axioms: [propext, Classical.choice, Quot.sound]
info: Audit.lean:184:0: 'QuadraticTangZhang.roundedPowLower_sound' depends on axioms: [propext, Classical.choice, Quot.sound]
info: Audit.lean:185:0: 'QuadraticTangZhang.roundedPowUpper_sound' depends on axioms: [propext, Classical.choice, Quot.sound]
info: Audit.lean:186:0: 'QuadraticTangZhang.roundedSqrtLower_nonneg' depends on axioms: [propext, Classical.choice, Quot.sound]
info: Audit.lean:187:0: 'QuadraticTangZhang.roundedSqrtUpper_nonneg' depends on axioms: [propext, Classical.choice, Quot.sound]
info: Audit.lean:188:0: 'QuadraticTangZhang.roundedSqrtLower_sq' depends on axioms: [propext, Classical.choice, Quot.sound]
info: Audit.lean:189:0: 'QuadraticTangZhang.le_roundedSqrtUpper_sq' depends on axioms: [propext, Classical.choice, Quot.sound]
info: Audit.lean:190:0: 'QuadraticTangZhang.roundedSqrt_sound' depends on axioms: [propext, Classical.choice, Quot.sound]
info: Audit.lean:191:0: 'QuadraticTangZhang.rpow_half_nat_even' depends on axioms: [propext, Classical.choice, Quot.sound]
info: Audit.lean:192:0: 'QuadraticTangZhang.rpow_half_nat_odd' depends on axioms: [propext, Classical.choice, Quot.sound]
info: Audit.lean:193:0: 'QuadraticTangZhang.halfPower_sound' depends on axioms: [propext, Classical.choice, Quot.sound]
info: Audit.lean:194:0: 'QuadraticTangZhang.integral_t_exp_neg_le' depends on axioms: [propext, Classical.choice, Quot.sound]
info: Audit.lean:195:0: 'QuadraticTangZhang.integral_sq_exp_neg_le' depends on axioms: [propext, Classical.choice, Quot.sound]
info: Audit.lean:196:0: 'QuadraticTangZhang.rpow_le_exp_gap' depends on axioms: [propext, Classical.choice, Quot.sound]
info: Audit.lean:197:0: 'QuadraticTangZhang.beta_power_split_bound' depends on axioms: [propext, Classical.choice, Quot.sound]
info: Audit.lean:198:0: 'QuadraticTangZhang.direct_integral_split_bound' depends on axioms: [propext, Classical.choice, Quot.sound]
info: Audit.lean:199:0: 'QuadraticTangZhang.affine_denominator_pos' depends on axioms: [propext, Classical.choice, Quot.sound]
info: Audit.lean:200:0: 'QuadraticTangZhang.envelope_quotient_continuous' depends on axioms: [propext, Classical.choice, Quot.sound]
info: Audit.lean:201:0: 'QuadraticTangZhang.uniform_integral_bounds' depends on axioms: [propext, Classical.choice, Quot.sound]
info: Audit.lean:202:0: 'QuadraticTangZhang.uniform_coefficient_bounds' depends on axioms: [propext, Classical.choice, Quot.sound]
info: Audit.lean:203:0: 'QuadraticTangZhang.uniform_endpoint_bound' depends on axioms: [propext, Classical.choice, Quot.sound]
info: Audit.lean:204:0: 'QuadraticTangZhang.beta_gap_form' depends on axioms: [propext, Classical.choice, Quot.sound]
info: Audit.lean:205:0: 'QuadraticTangZhang.denominator_gap_form' depends on axioms: [propext, Classical.choice, Quot.sound]
info: Audit.lean:206:0: 'QuadraticTangZhang.rpow_div_mono_pair' depends on axioms: [propext, Classical.choice, Quot.sound]
info: Audit.lean:207:0: 'QuadraticTangZhang.beta_quotient_gap_mono' depends on axioms: [propext, Classical.choice, Quot.sound]
info: Audit.lean:208:0: 'QuadraticTangZhang.rectangle_envelope_power_bound' depends on axioms: [propext, Classical.choice, Quot.sound]
info: Audit.lean:209:0: 'QuadraticTangZhang.rectangle_envelope_quotient_bound' depends on axioms: [propext, Classical.choice, Quot.sound]
info: Audit.lean:210:0: 'QuadraticTangZhang.polar_le_linear' depends on axioms: [propext, Classical.choice, Quot.sound]
info: Audit.lean:211:0: 'QuadraticTangZhang.polar_exponential' depends on axioms: [propext, Classical.choice, Quot.sound]
info: Audit.lean:212:0: 'QuadraticTangZhang.beta_rational_bound' depends on axioms: [propext, Classical.choice, Quot.sound]
info: Audit.lean:213:0: 'QuadraticTangZhang.beta_log_bound' depends on axioms: [propext, Classical.choice, Quot.sound]
info: Audit.lean:214:0: 'QuadraticTangZhang.prod_norm_le_exact_moment' depends on axioms: [propext, Classical.choice, Quot.sound]
info: Audit.lean:215:0: 'QuadraticTangZhang.exact_polar_inequality' depends on axioms: [propext, Classical.choice, Quot.sound]
info: Audit.lean:216:0: 'QuadraticTangZhang.polarQuadratic_nonneg' depends on axioms: [propext, Classical.choice, Quot.sound]
info: Audit.lean:217:0: 'QuadraticTangZhang.polarQuadratic_le_square' depends on axioms: [propext, Classical.choice, Quot.sound]
info: Audit.lean:218:0: 'QuadraticTangZhang.small_degree_polar_contradiction' depends on axioms: [propext, Classical.choice, Quot.sound]
info: Audit.lean:219:0: 'Sendov.norm_sub_le_norm_one_sub_mul' depends on axioms: [propext, Classical.choice, Quot.sound]
info: Audit.lean:220:0: 'Sendov.norm_multiset_prod' depends on axioms: [propext, Classical.choice, Quot.sound]
info: Audit.lean:221:0: 'Sendov.prod_map_le_of_le' depends on axioms: [propext, Classical.choice, Quot.sound]
info: Audit.lean:222:0: 'Sendov.norm_prod_map' depends on axioms: [propext, Classical.choice, Quot.sound]
info: Audit.lean:223:0: 'Sendov.prod_map_norm_nonneg' depends on axioms: [propext, Classical.choice, Quot.sound]
info: Audit.lean:224:0: 'Sendov.one_le_integral_prod_norm' depends on axioms: [propext, Classical.choice, Quot.sound]
info: Audit.lean:225:0: 'Sendov.norm_sq_add_real_mul' depends on axioms: [propext, Classical.choice, Quot.sound]
info: Audit.lean:226:0: 'Sendov.prod_map_sq' depends on axioms: [propext, Classical.choice, Quot.sound]
info: Audit.lean:227:0: 'Sendov.sum_norm_sq_split' depends on axioms: [propext, Classical.choice, Quot.sound]
info: Audit.lean:228:0: 'Sendov.sum_norm_sq_le_card' depends on axioms: [propext, Classical.choice, Quot.sound]
info: Audit.lean:229:0: 'Sendov.continuous_prod_norm' depends on axioms: [propext, Classical.choice, Quot.sound]
info: Audit.lean:230:0: 'QuadraticTangZhang.smallIntegral_mul' depends on axioms: [propext, Classical.choice, Quot.sound]
info: Audit.lean:231:0: 'QuadraticTangZhang.smallIntegral_one' depends on axioms: [propext, Classical.choice, Quot.sound]
info: Audit.lean:232:0: 'QuadraticTangZhang.smallIntegral_two' depends on axioms: [propext, Classical.choice, Quot.sound]
info: Audit.lean:233:0: 'QuadraticTangZhang.smallIntegral_three' depends on axioms: [propext, Classical.choice, Quot.sound]
info: Audit.lean:234:0: 'QuadraticTangZhang.smallIntegral_four' depends on axioms: [propext, Classical.choice, Quot.sound]
info: Audit.lean:235:0: 'QuadraticTangZhang.smallIntegral_lt_one' depends on axioms: [propext, Classical.choice, Quot.sound]
info: Audit.lean:236:0: 'Sendov.integral_exp_mul' depends on axioms: [propext, Classical.choice, Quot.sound]
info: Audit.lean:237:0: 'Sendov.integral_exp_eq' depends on axioms: [propext, Classical.choice, Quot.sound]
info: Audit.lean:238:0: 'Sendov.integral_exp_eq'' depends on axioms: [propext, Classical.choice, Quot.sound]
info: Audit.lean:239:0: 'Sendov.beta_lt_two' depends on axioms: [propext, Classical.choice, Quot.sound]
info: Audit.lean:240:0: 'Sendov.beta_le' depends on axioms: [propext, Classical.choice, Quot.sound]
info: Audit.lean:241:0: 'Sendov.log_le_alpha_mul' depends on axioms: [propext, Classical.choice, Quot.sound]
info: Audit.lean:242:0: 'Sendov.sinh_sq_le' depends on axioms: [propext, Classical.choice, Quot.sound]
info: Audit.lean:243:0: 'Sendov.sqrt_mul_sub_le' depends on axioms: [propext, Classical.choice, Quot.sound]
info: Audit.lean:244:0: 'Sendov.log_sinh_div_le' depends on axioms: [propext, Classical.choice, Quot.sound]
info: Audit.lean:245:0: 'Sendov.sinh_le_mul_exp' depends on axioms: [propext, Classical.choice, Quot.sound]
info: Audit.lean:246:0: 'QuadraticTangZhang.rho_pos_of_polar' depends on axioms: [propext, Classical.choice, Quot.sound]
info: Audit.lean:247:0: 'QuadraticTangZhang.chord_polar_bound' depends on axioms: [propext, Classical.choice, Quot.sound]
info: Audit.lean:248:0: 'QuadraticTangZhang.rho_log_lower_bound' depends on axioms: [propext, Classical.choice, Quot.sound]
info: Audit.lean:249:0: 'BorceaVariance.phi_nonneg' depends on axioms: [propext, Classical.choice, Quot.sound]
info: Audit.lean:250:0: 'BorceaVariance.phi_sq' depends on axioms: [propext, Classical.choice, Quot.sound]
info: Audit.lean:251:0: 'BorceaVariance.phi_le_one' depends on axioms: [propext, Classical.choice, Quot.sound]
info: Audit.lean:252:0: 'BorceaVariance.phi_le_psi' depends on axioms: [propext, Classical.choice, Quot.sound]
info: Audit.lean:253:0: 'BorceaVariance.normalized_other_shift_energy' depends on axioms: [propext, Classical.choice, Quot.sound]
info: Audit.lean:254:0: 'BorceaVariance.normalized_basic_product' depends on axioms: [propext, Classical.choice, Quot.sound]
info: Audit.lean:255:0: 'BorceaVariance.Certificate.multiplyUp_sound' depends on axioms: [propext, Classical.choice, Quot.sound]
info: Audit.lean:256:0: 'BorceaVariance.Certificate.subtractDown_sound' depends on axioms: [propext, Classical.choice, Quot.sound]
info: Audit.lean:257:0: 'BorceaVariance.Certificate.upperPower_sound' depends on axioms: [propext, Classical.choice, Quot.sound]
info: Audit.lean:258:0: 'BorceaVariance.Certificate.upperSqrt_sound' depends on axioms: [propext, Classical.choice, Quot.sound]
info: Audit.lean:259:0: 'BorceaVariance.Certificate.upperHalfPower_sound' depends on axioms: [propext, Classical.choice, Quot.sound]
info: Audit.lean:260:0: 'BorceaVariance.Certificate.taylor32_le_exp' depends on axioms: [propext, Classical.choice, Quot.sound]
info: Audit.lean:261:0: 'BorceaVariance.Certificate.varianceBox_upper' depends on axioms: [propext, Classical.choice, Quot.sound]
info: Audit.lean:262:0: 'BorceaVariance.Certificate.rhoLower_sound' depends on axioms: [propext, Classical.choice, Quot.sound]
info: Audit.lean:263:0: 'BorceaVariance.Certificate.betaCoefficient_lower' depends on axioms: [propext, Classical.choice, Quot.sound]
info: Audit.lean:264:0: 'BorceaVariance.Certificate.beta_majorant_sound' depends on axioms: [propext, Classical.choice, Quot.sound]
info: Audit.lean:265:0: 'BorceaVariance.Certificate.CounterexampleParameters.in_initialBox' depends on axioms: [propext,
 Classical.choice,
 Quot.sound]
info: Audit.lean:266:0: 'BorceaVariance.Certificate.admissible_in_initialBox' depends on axioms: [propext, Classical.choice, Quot.sound]
info: Audit.lean:267:0: 'BorceaVariance.Certificate.no_counterexample_of_initialBox_excluded' depends on axioms: [propext,
 Classical.choice,
 Quot.sound]
info: Audit.lean:268:0: 'BorceaVariance.Certificate.phi_box_upper' depends on axioms: [propext, Classical.choice, Quot.sound]
info: Audit.lean:269:0: 'BorceaVariance.Certificate.reciprocal_product_box_upper' depends on axioms: [propext, Classical.choice, Quot.sound]
info: Audit.lean:270:0: 'BorceaVariance.Certificate.core_box_upper' depends on axioms: [propext, Classical.choice, Quot.sound]
info: Audit.lean:271:0: 'BorceaVariance.Certificate.degreeChain_coverage' depends on axioms: [propext, Classical.choice, Quot.sound]
info: Audit.lean:272:0: 'BorceaVariance.Certificate.norm_mean_sub_real_lower' depends on axioms: [propext, Classical.choice, Quot.sound]
info: Audit.lean:273:0: 'BorceaVariance.Certificate.norm_one_sub_product_lower' depends on axioms: [propext, Classical.choice, Quot.sound]
info: Audit.lean:274:0: 'BorceaVariance.Certificate.distanceA_lower' depends on axioms: [propext, Classical.choice, Quot.sound]
info: Audit.lean:275:0: 'BorceaVariance.Certificate.distanceB_lower' depends on axioms: [propext, Classical.choice, Quot.sound]
info: Audit.lean:276:0: 'BorceaVariance.Certificate.endpoint_square_upper' depends on axioms: [propext, Classical.choice, Quot.sound]
info: Audit.lean:277:0: 'BorceaVariance.Certificate.endpoint_kappa_bound' depends on axioms: [propext, Classical.choice, Quot.sound]
info: Audit.lean:278:0: 'BorceaVariance.Certificate.linear_majorant_box' depends on axioms: [propext, Classical.choice, Quot.sound]
info: Audit.lean:279:0: 'BorceaVariance.Certificate.rhoLower_nonneg' depends on axioms: [propext, Classical.choice, Quot.sound]
info: Audit.lean:280:0: 'BorceaVariance.Certificate.beta_box_unit_bounds' depends on axioms: [propext, Classical.choice, Quot.sound]
info: Audit.lean:281:0: 'BorceaVariance.Certificate.Generated.certificates_degree_list' depends on axioms: [propext]
info: Audit.lean:282:0: 'BorceaVariance.Certificate.Generated.concrete_degree_coverage' depends on axioms: [propext,
 Classical.choice,
 Quot.sound]
info: Audit.lean:283:0: 'BorceaVariance.Certificate.Generated.concrete_tree_coverage' depends on axioms: [propext, Classical.choice, Quot.sound]
info: Audit.lean:284:0: 'BorceaVariance.Certificate.Generated.concrete_paths_no_duplicates' depends on axioms: [propext, Quot.sound]
info: Audit.lean:285:0: 'BorceaVariance.Certificate.Generated.concrete_leaf_has_no_descendant' depends on axioms: [propext]
info: Audit.lean:286:0: 'BorceaVariance.Certificate.Generated.degreeBlocks_count' does not depend on any axioms
info: Audit.lean:287:0: 'BorceaVariance.Certificate.Generated.degreeBlocks_chain' does not depend on any axioms
info: Audit.lean:288:0: 'BorceaVariance.Certificate.Generated.degreeBlocks_no_overlap' does not depend on any axioms
info: Audit.lean:289:0: 'BorceaVariance.Certificate.Generated.degreeBlocks_coverage' depends on axioms: [propext, Classical.choice, Quot.sound]
info: Audit.lean:290:0: 'BorceaVariance.Certificate.meshCheck_sound' depends on axioms: [propext, Quot.sound]
info: Audit.lean:291:0: 'BorceaVariance.Certificate.sum_segment_upper_bounds' depends on axioms: [propext, Classical.choice, Quot.sound]
info: Audit.lean:292:0: 'BorceaVariance.Certificate.segment_majorant_one' depends on axioms: [propext, Classical.choice, Quot.sound]
info: Audit.lean:293:0: 'BorceaVariance.Certificate.segment_majorant_two' depends on axioms: [propext, Classical.choice, Quot.sound]
info: Audit.lean:294:0: 'BorceaVariance.Certificate.CounterexampleParameters.critical_centered' depends on axioms: [propext,
 Classical.choice,
 Quot.sound]
info: Audit.lean:295:0: 'BorceaVariance.Certificate.CounterexampleParameters.critical_secondMoment_bound' depends on axioms: [propext,
 Classical.choice,
 Quot.sound]
info: Audit.lean:296:0: 'BorceaVariance.Certificate.CounterexampleParameters.moments' depends on axioms: [propext, Classical.choice, Quot.sound]
info: Audit.lean:297:0: 'BorceaVariance.Certificate.CounterexampleParameters.distinguished_pos' depends on axioms: [propext,
 Classical.choice,
 Quot.sound]
info: Audit.lean:298:0: 'BorceaVariance.Certificate.CounterexampleParameters.mean_re_pos' depends on axioms: [propext,
 Classical.choice,
 Quot.sound]
info: Audit.lean:299:0: 'BorceaVariance.Certificate.CounterexampleParameters.critical_far' depends on axioms: [propext,
 Classical.choice,
 Quot.sound]
info: Audit.lean:300:0: 'BorceaVariance.Certificate.parameters_exist' depends on axioms: [propext, Classical.choice, Quot.sound]
info: Audit.lean:301:0: 'BorceaVariance.Certificate.CounterexampleParameters.variance_nonnegative' depends on axioms: [propext,
 Classical.choice,
 Quot.sound]
info: Audit.lean:302:0: 'BorceaVariance.Certificate.CounterexampleParameters.unit_parameters' depends on axioms: [propext,
 Classical.choice,
 Quot.sound]
info: Audit.lean:303:0: 'BorceaVariance.Certificate.Tree.leafPaths_nodup' depends on axioms: [propext, Quot.sound]
info: Audit.lean:304:0: 'BorceaVariance.Certificate.Tree.atLeaf_unique' does not depend on any axioms
info: Audit.lean:305:0: 'BorceaVariance.Certificate.Tree.leaf_has_no_descendant' does not depend on any axioms
info: Audit.lean:306:0: 'BorceaVariance.Certificate.Tree.atLeaf_split_coordinate' does not depend on any axioms
info: Audit.lean:307:0: 'BorceaVariance.Certificate.degree_bound_sound' depends on axioms: [propext, Classical.choice, Quot.sound]
info: Audit.lean:308:0: 'BorceaVariance.Certificate.variance_nonnegative_sound' depends on axioms: [propext, Classical.choice, Quot.sound]
info: Audit.lean:309:0: 'BorceaVariance.Certificate.beta_negative_sound' depends on axioms: [propext, Classical.choice, Quot.sound]
info: Audit.lean:310:0: 'BorceaVariance.Certificate.varianceUpper_bounds' depends on axioms: [propext, Classical.choice, Quot.sound]
info: Audit.lean:311:0: 'BorceaVariance.Certificate.inverse_moment_sound' depends on axioms: [propext, Classical.choice, Quot.sound]
info: Audit.lean:312:0: 'BorceaVariance.Certificate.moment_A_sound' depends on axioms: [propext, Classical.choice, Quot.sound]
info: Audit.lean:313:0: 'BorceaVariance.Certificate.moment_B_sound' depends on axioms: [propext, Classical.choice, Quot.sound]
info: Audit.lean:314:0: 'BorceaVariance.Certificate.productBase_bounds' depends on axioms: [propext, Classical.choice, Quot.sound]
info: Audit.lean:315:0: 'BorceaVariance.Certificate.product_sound' depends on axioms: [propext, Classical.choice, Quot.sound]
info: Audit.lean:316:0: 'BorceaVariance.Certificate.radial_denominator_lower' depends on axioms: [propext, Classical.choice, Quot.sound]
info: Audit.lean:317:0: 'BorceaVariance.Certificate.radial_mean_box_bound' depends on axioms: [propext, Classical.choice, Quot.sound]
info: Audit.lean:318:0: 'BorceaVariance.Certificate.radial_variance_box_bound' depends on axioms: [propext, Classical.choice, Quot.sound]
info: Audit.lean:319:0: 'BorceaVariance.Certificate.initial_variance_box_bound' depends on axioms: [propext, Classical.choice, Quot.sound]
info: Audit.lean:320:0: 'BorceaVariance.Certificate.finite_radial_sound' depends on axioms: [propext, Classical.choice, Quot.sound]
info: Audit.lean:321:0: 'BorceaVariance.Certificate.initial_critical_variance_negative_sound' depends on axioms: [propext,
 Classical.choice,
 Quot.sound]
info: Audit.lean:322:0: 'BorceaVariance.Certificate.radialDistance_nonneg' depends on axioms: [propext, Classical.choice, Quot.sound]
info: Audit.lean:323:0: 'BorceaVariance.Certificate.radialDistance_lower' depends on axioms: [propext, Classical.choice, Quot.sound]
info: Audit.lean:324:0: 'BorceaVariance.Certificate.stableBoxLoss_nonneg' depends on axioms: [propext, Classical.choice, Quot.sound]
info: Audit.lean:325:0: 'BorceaVariance.Certificate.stableBoxLoss_lower' depends on axioms: [propext, Classical.choice, Quot.sound]
info: Audit.lean:326:0: 'BorceaVariance.Certificate.product_stable_sound' depends on axioms: [propext, Classical.choice, Quot.sound]
info: Audit.lean:327:0: 'BorceaVariance.Certificate.CounterexampleParameters.initial_moments' depends on axioms: [propext,
 Classical.choice,
 Quot.sound]
info: Audit.lean:328:0: 'BorceaVariance.Certificate.initial_inverse_moment_sound' depends on axioms: [propext, Classical.choice, Quot.sound]
info: Audit.lean:329:0: 'BorceaVariance.Certificate.initial_moment_A_sound' depends on axioms: [propext, Classical.choice, Quot.sound]
info: Audit.lean:330:0: 'BorceaVariance.Certificate.initial_moment_B_sound' depends on axioms: [propext, Classical.choice, Quot.sound]
info: Audit.lean:331:0: 'BorceaVariance.Certificate.Interval.split_covers' depends on axioms: [propext, Classical.choice, Quot.sound]
info: Audit.lean:332:0: 'BorceaVariance.Certificate.Box.split_covers' depends on axioms: [propext, Classical.choice, Quot.sound]
info: Audit.lean:333:0: 'BorceaVariance.Certificate.Tree.coverage' depends on axioms: [propext, Classical.choice, Quot.sound]
info: Audit.lean:334:0: 'BorceaVariance.Certificate.Tree.exclusion' depends on axioms: [propext, Classical.choice, Quot.sound]
info: Audit.lean:335:0: 'BorceaVariance.compact_moment_bounds' depends on axioms: [propext, Classical.choice, Quot.sound]
info: Audit.lean:336:0: 'BorceaVariance.norm_product_bound_of_secondMoment' depends on axioms: [propext, Classical.choice, Quot.sound]
info: Audit.lean:337:0: 'BorceaVariance.direct_linear_integral_bound' depends on axioms: [propext, Classical.choice, Quot.sound]
info: Audit.lean:338:0: 'BorceaVariance.normalized_compact' depends on axioms: [propext, Classical.choice, Quot.sound]
info: Audit.lean:339:0: 'BorceaVariance.phi_base_nonneg_of_energy' depends on axioms: [propext, Classical.choice, Quot.sound]
info: Audit.lean:340:0: 'BorceaVariance.root_product_upper' depends on axioms: [propext, Classical.choice, Quot.sound]
info: Audit.lean:341:0: 'BorceaVariance.normalized_root_product_upper' depends on axioms: [propext, Classical.choice, Quot.sound]
info: Audit.lean:342:0: 'BorceaVariance.normalized_core_product' depends on axioms: [propext, Classical.choice, Quot.sound]
info: Audit.lean:343:0: 'BorceaVariance.critical_root_sum_zero' depends on axioms: [propext, Classical.choice, Quot.sound]
info: Audit.lean:344:0: 'BorceaVariance.multiset_fin_enumeration' depends on axioms: [propext, Quot.sound]
info: Audit.lean:345:0: 'BorceaVariance.normalized_critical_points' depends on axioms: [propext, Classical.choice, Quot.sound]
info: Audit.lean:346:0: 'BorceaVariance.sigma2_nonneg' depends on axioms: [propext, Classical.choice, Quot.sound]
info: Audit.lean:347:0: 'BorceaVariance.variance_nonneg' depends on axioms: [propext, Classical.choice, Quot.sound]
info: Audit.lean:348:0: 'BorceaVariance.sigma2_sq' depends on axioms: [propext, Classical.choice, Quot.sound]
info: Audit.lean:349:0: 'BorceaVariance.root_eq_centroid_of_variance_zero' depends on axioms: [propext, Classical.choice, Quot.sound]
info: Audit.lean:350:0: 'BorceaVariance.polynomial_of_variance_zero' depends on axioms: [propext, Classical.choice, Quot.sound]
info: Audit.lean:351:0: 'BorceaVariance.zero_variance_main' depends on axioms: [propext, Classical.choice, Quot.sound]
info: Audit.lean:352:0: 'BorceaVariance.sigma2_pos_of_counterexample' depends on axioms: [propext, Classical.choice, Quot.sound]
info: Audit.lean:353:0: 'BorceaVariance.normalized_other_roots' depends on axioms: [propext, Classical.choice, Quot.sound]
info: Audit.lean:354:0: 'BorceaVariance.normalized_derivative_factorization' depends on axioms: [propext, Classical.choice, Quot.sound]
info: Audit.lean:355:0: 'BorceaVariance.normalized_product_identity' depends on axioms: [propext, Classical.choice, Quot.sound]
info: Audit.lean:356:0: 'BorceaVariance.normalized_origin_identity_fin' depends on axioms: [propext, Classical.choice, Quot.sound]
info: Audit.lean:357:0: 'BorceaVariance.normalized_center_identity_fin' depends on axioms: [propext, Classical.choice, Quot.sound]
info: Audit.lean:358:0: 'BorceaVariance.centered_sum' depends on axioms: [propext, Classical.choice, Quot.sound]
info: Audit.lean:359:0: 'BorceaVariance.sum_eq_card_mul_mean' depends on axioms: [propext, Classical.choice, Quot.sound]
info: Audit.lean:360:0: 'BorceaVariance.sum_sq_eq_card_mul_secondMoment' depends on axioms: [propext, Classical.choice, Quot.sound]
info: Audit.lean:361:0: 'BorceaVariance.centered_variance_sum' depends on axioms: [propext, Classical.choice, Quot.sound]
info: Audit.lean:362:0: 'BorceaVariance.centeredVariance_nonneg' depends on axioms: [propext, Classical.choice, Quot.sound]
info: Audit.lean:363:0: 'BorceaVariance.weighted_complex_cauchy' depends on axioms: [propext, Classical.choice, Quot.sound]
info: Audit.lean:364:0: 'BorceaVariance.complex_cauchy' depends on axioms: [propext, Classical.choice, Quot.sound]
info: Audit.lean:365:0: 'BorceaVariance.origin_identity_multiset' depends on axioms: [propext, Classical.choice, Quot.sound]
info: Audit.lean:366:0: 'BorceaVariance.normalized_origin_identity' depends on axioms: [propext, Classical.choice, Quot.sound]
info: Audit.lean:367:0: 'BorceaVariance.differential_identity' depends on axioms: [propext, Classical.choice, Quot.sound]
info: Audit.lean:368:0: 'BorceaVariance.center_power_integral' depends on axioms: [propext, Classical.choice, Quot.sound]
info: Audit.lean:369:0: 'BorceaVariance.center_identity' depends on axioms: [propext, Classical.choice, Quot.sound]
info: Audit.lean:370:0: 'BorceaVariance.centered_error_integral_bound' depends on axioms: [propext, Classical.choice, Quot.sound]
info: Audit.lean:371:0: 'BorceaVariance.absolute_integral_test' depends on axioms: [propext, Classical.choice, Quot.sound]
info: Audit.lean:372:0: 'BorceaVariance.beta_nat_succ_identity' depends on axioms: [propext, Classical.choice, Quot.sound]
info: Audit.lean:373:0: 'BorceaVariance.integral_nat_beta' depends on axioms: [propext, Classical.choice, Quot.sound]
info: Audit.lean:374:0: 'BorceaVariance.rpow_le_max_endpoint' depends on axioms: [propext, Classical.choice, Quot.sound]
info: Audit.lean:375:0: 'BorceaVariance.retained_base_antitone_degree' depends on axioms: [propext, Classical.choice, Quot.sound]
info: Audit.lean:376:0: 'BorceaVariance.retained_block_power_bound' depends on axioms: [propext, Classical.choice, Quot.sound]
info: Audit.lean:377:0: 'BorceaVariance.retained_block_nat_power_bound' depends on axioms: [propext, Classical.choice, Quot.sound]
info: Audit.lean:378:0: 'BorceaVariance.centered_first_remainder_general' depends on axioms: [propext, Classical.choice, Quot.sound]
info: Audit.lean:379:0: 'BorceaVariance.centered_first_remainder_moments' depends on axioms: [propext, Classical.choice, Quot.sound]
info: Audit.lean:380:0: 'BorceaVariance.centered_interpolation_first' depends on axioms: [propext, Classical.choice, Quot.sound]
info: Audit.lean:381:0: 'BorceaVariance.centered_second_remainder_general' depends on axioms: [propext, Classical.choice, Quot.sound]
info: Audit.lean:382:0: 'BorceaVariance.centered_second_remainder_moments' depends on axioms: [propext, Classical.choice, Quot.sound]
info: Audit.lean:383:0: 'BorceaVariance.centered_interpolation_second' depends on axioms: [propext, Classical.choice, Quot.sound]
info: Audit.lean:384:0: 'BorceaVariance.omissionConstant_sq_le_exp' depends on axioms: [propext, Classical.choice, Quot.sound]
info: Audit.lean:385:0: 'BorceaVariance.omission_one_constant_bounds' depends on axioms: [propext, Classical.choice, Quot.sound]
info: Audit.lean:386:0: 'BorceaVariance.omission_two_constant_bounds' depends on axioms: [propext, Classical.choice, Quot.sound]
info: Audit.lean:387:0: 'BorceaVariance.convex_quadratic_majorant' depends on axioms: [propext, Classical.choice, Quot.sound]
info: Audit.lean:388:0: 'BorceaVariance.convex_linear_majorant' depends on axioms: [propext, Classical.choice, Quot.sound]
info: Audit.lean:389:0: 'BorceaVariance.convex_nonnegative_rpow' depends on axioms: [propext, Classical.choice, Quot.sound]
info: Audit.lean:390:0: 'BorceaVariance.convex_positive_part' depends on axioms: [propext, Classical.choice, Quot.sound]
info: Audit.lean:391:0: 'BorceaVariance.convex_retained_base' depends on axioms: [propext, Classical.choice, Quot.sound]
info: Audit.lean:392:0: 'BorceaVariance.convex_retained_block_powers' depends on axioms: [propext, Classical.choice, Quot.sound]
info: Audit.lean:393:0: 'BorceaVariance.chord_one' depends on axioms: [propext, Classical.choice, Quot.sound]
info: Audit.lean:394:0: 'BorceaVariance.chord_two' depends on axioms: [propext, Classical.choice, Quot.sound]
info: Audit.lean:395:0: 'BorceaVariance.le_min_of_separate_bounds' depends on axioms: [propext, Classical.choice, Quot.sound]
info: Audit.lean:396:0: 'BorceaVariance.directMajorant_le_first_moment' depends on axioms: [propext, Classical.choice, Quot.sound]
info: Audit.lean:397:0: 'BorceaVariance.direct_unit_bound' depends on axioms: [propext, Classical.choice, Quot.sound]
info: Audit.lean:398:0: 'BorceaVariance.direct_second_moment_bound' depends on axioms: [propext, Classical.choice, Quot.sound]
info: Audit.lean:399:0: 'BorceaVariance.direct_bound' depends on axioms: [propext, Classical.choice, Quot.sound]
info: Audit.lean:400:0: 'BorceaVariance.weighted_deleted_product_bound' depends on axioms: [propext, Classical.choice, Quot.sound]
info: Audit.lean:401:0: 'BorceaVariance.retained_factor_lower' depends on axioms: [propext, Classical.choice, Quot.sound]
info: Audit.lean:402:0: 'BorceaVariance.direct_retained_bound' depends on axioms: [propext, Classical.choice, Quot.sound]
info: Audit.lean:403:0: 'BorceaVariance.originErrorSum_norm_le_directMajorant' depends on axioms: [propext, Classical.choice, Quot.sound]
info: Audit.lean:404:0: 'BorceaVariance.originProduct_endpoint_bound' depends on axioms: [propext, Classical.choice, Quot.sound]
info: Audit.lean:405:0: 'BorceaVariance.originRemainder_norm_le_direct_integral' depends on axioms: [propext, Classical.choice, Quot.sound]
info: Audit.lean:406:0: 'BorceaVariance.origin_core_integral_bound' depends on axioms: [propext, Classical.choice, Quot.sound]
info: Audit.lean:407:0: 'BorceaVariance.direct_integral_test' depends on axioms: [propext, Classical.choice, Quot.sound]
info: Audit.lean:408:0: 'BorceaVariance.binomial_beta_identity' depends on axioms: [propext, Classical.choice, Quot.sound]
info: Audit.lean:409:0: 'BorceaVariance.binomial_linear_factor_expansion' depends on axioms: [propext, Classical.choice, Quot.sound]
info: Audit.lean:410:0: 'BorceaVariance.integral_polynomial_identity' depends on axioms: [propext, Classical.choice, Quot.sound]
info: Audit.lean:411:0: 'BorceaVariance.integralPolynomial_nonneg' depends on axioms: [propext, Classical.choice, Quot.sound]
info: Audit.lean:412:0: 'BorceaVariance.power_sum_integral_relation' depends on axioms: [propext, Classical.choice, Quot.sound]
info: Audit.lean:413:0: 'BorceaVariance.interpolationPolynomial_derivative' depends on axioms: [propext, Classical.choice, Quot.sound]
info: Audit.lean:414:0: 'BorceaVariance.interpolationPolynomial_second_derivative' depends on axioms: [propext, Classical.choice, Quot.sound]
info: Audit.lean:415:0: 'BorceaVariance.interpolationPolynomial_derivative_zero' depends on axioms: [propext, Classical.choice, Quot.sound]
info: Audit.lean:416:0: 'BorceaVariance.polynomial_taylor_second' depends on axioms: [propext, Classical.choice, Quot.sound]
info: Audit.lean:417:0: 'BorceaVariance.ordered_pair_norm_sum_bound' depends on axioms: [propext, Classical.choice, Quot.sound]
info: Audit.lean:418:0: 'BorceaVariance.centered_norm_le_factor_mean' depends on axioms: [propext, Classical.choice, Quot.sound]
info: Audit.lean:419:0: 'BorceaVariance.centered_interpolation_second_moment' depends on axioms: [propext, Classical.choice, Quot.sound]
info: Audit.lean:420:0: 'BorceaVariance.centered_interpolation_first_moment' depends on axioms: [propext, Classical.choice, Quot.sound]
info: Audit.lean:421:0: 'BorceaVariance.integral_beta_one' depends on axioms: [propext, Classical.choice, Quot.sound]
info: Audit.lean:422:0: 'BorceaVariance.integral_linear_power_upper' depends on axioms: [propext, Classical.choice, Quot.sound]
info: Audit.lean:423:0: 'BorceaVariance.esymm_fin_card_pred' depends on axioms: [propext, Classical.choice, Quot.sound]
info: Audit.lean:424:0: 'BorceaVariance.sum_deleted_prod_le_mean' depends on axioms: [propext, Classical.choice, Quot.sound]
info: Audit.lean:425:0: 'BorceaVariance.factorMean_nonneg' depends on axioms: [propext, Classical.choice, Quot.sound]
info: Audit.lean:426:0: 'BorceaVariance.factorMean_sq_le_beta' depends on axioms: [propext, Classical.choice, Quot.sound]
info: Audit.lean:427:0: 'BorceaVariance.factorMean_endpoint_sq_le' depends on axioms: [propext, Classical.choice, Quot.sound]
info: Audit.lean:428:0: 'BorceaVariance.factorMean_endpoint_le_kappa' depends on axioms: [propext, Classical.choice, Quot.sound]
info: Audit.lean:429:0: 'BorceaVariance.factorMean_endpoint_sqrt_bound' depends on axioms: [propext, Classical.choice, Quot.sound]
info: Audit.lean:430:0: 'BorceaVariance.factorMean_linear_majorant' depends on axioms: [propext, Classical.choice, Quot.sound]
info: Audit.lean:431:0: 'BorceaVariance.originProduct_norm_le_second_moment' depends on axioms: [propext, Classical.choice, Quot.sound]
info: Audit.lean:432:0: 'BorceaVariance.omissionConstant_nonneg' depends on axioms: [propext, Classical.choice, Quot.sound]
info: Audit.lean:433:0: 'BorceaVariance.omissionConstant_sq' depends on axioms: [propext, Classical.choice, Quot.sound]
info: Audit.lean:434:0: 'BorceaVariance.pow_le_rpow_half_of_sq_le' depends on axioms: [propext, Classical.choice, Quot.sound]
info: Audit.lean:435:0: 'BorceaVariance.norm_subproduct_le_second_moment' depends on axioms: [propext, Classical.choice, Quot.sound]
info: Audit.lean:436:0: 'BorceaVariance.norm_subproduct_le_first_moment' depends on axioms: [propext, Classical.choice, Quot.sound]
info: Audit.lean:437:0: 'BorceaVariance.normalized_direct_integral_test' depends on axioms: [propext, Classical.choice, Quot.sound]
info: Audit.lean:438:0: 'BorceaVariance.normalized_absolute_integral_test' depends on axioms: [propext, Classical.choice, Quot.sound]
info: Audit.lean:439:0: 'BorceaVariance.normalized_ratio_integral_test' depends on axioms: [propext, Classical.choice, Quot.sound]
info: Audit.lean:440:0: 'BorceaVariance.ratio_scalar_test' depends on axioms: [propext, Classical.choice, Quot.sound]
info: Audit.lean:441:0: 'BorceaVariance.normalized_core_product_le_mean' depends on axioms: [propext, Classical.choice, Quot.sound]
info: Audit.lean:442:0: 'BorceaVariance.norm_prod_le_first_moment' depends on axioms: [propext, Classical.choice, Quot.sound]
info: Audit.lean:443:0: 'BorceaVariance.retained_deleted_second_moment' depends on axioms: [propext, Classical.choice, Quot.sound]
info: Audit.lean:444:0: 'BorceaVariance.retained_deleted_first_moment' depends on axioms: [propext, Classical.choice, Quot.sound]
info: Audit.lean:445:0: 'BorceaVariance.large_degree_remainder_coefficient' depends on axioms: [propext, Classical.choice, Quot.sound]
info: Audit.lean:446:0: 'BorceaVariance.remainder_gap_to_H' depends on axioms: [propext, Classical.choice, Quot.sound]
info: Audit.lean:447:0: 'BorceaVariance.normalized_away_estimates' depends on axioms: [propext, Classical.choice, Quot.sound]
info: Audit.lean:448:0: 'BorceaVariance.no_normalized_counterexample_large_away' depends on axioms: [propext, Classical.choice, Quot.sound]
info: Audit.lean:449:0: 'BorceaVariance.normalized_critical_secondMoment_le_one' depends on axioms: [propext, Classical.choice, Quot.sound]
info: Audit.lean:450:0: 'BorceaVariance.normalized_core_product_le_psi' depends on axioms: [propext, Classical.choice, Quot.sound]
info: Audit.lean:451:0: 'BorceaVariance.direct_norm_test' depends on axioms: [propext, Classical.choice, Quot.sound]
info: Audit.lean:452:0: 'BorceaVariance.normalized_large_direct' depends on axioms: [propext, Classical.choice, Quot.sound]
info: Audit.lean:453:0: 'BorceaVariance.central_endpoint_bound' depends on axioms: [propext, Classical.choice, Quot.sound]
info: Audit.lean:454:0: 'BorceaVariance.no_normalized_counterexample_large_central' depends on axioms: [propext, Classical.choice, Quot.sound]
info: Audit.lean:455:0: 'BorceaVariance.central_first_coefficient' depends on axioms: [propext, Classical.choice, Quot.sound]
info: Audit.lean:456:0: 'BorceaVariance.central_B_power' depends on axioms: [propext, Classical.choice, Quot.sound]
info: Audit.lean:457:0: 'BorceaVariance.central_second_coefficient' depends on axioms: [propext, Classical.choice, Quot.sound]
info: Audit.lean:458:0: 'BorceaVariance.central_endpoint_power' depends on axioms: [propext, Classical.choice, Quot.sound]
info: Audit.lean:459:0: 'BorceaVariance.central_real_part_lower' depends on axioms: [propext, Classical.choice, Quot.sound]
info: Audit.lean:460:0: 'BorceaVariance.central_beta_bounds' depends on axioms: [propext, Classical.choice, Quot.sound]
info: Audit.lean:461:0: 'BorceaVariance.central_center_factor_lower' depends on axioms: [propext, Classical.choice, Quot.sound]
info: Audit.lean:462:0: 'BorceaVariance.centeredError_continuous' depends on axioms: [propext, Classical.choice, Quot.sound]
info: Audit.lean:463:0: 'BorceaVariance.central_first_integral_bound' depends on axioms: [propext, Classical.choice, Quot.sound]
info: Audit.lean:464:0: 'BorceaVariance.central_second_integral_bound' depends on axioms: [propext, Classical.choice, Quot.sound]
info: Audit.lean:465:0: 'BorceaVariance.central_centered_integral_bound' depends on axioms: [propext, Classical.choice, Quot.sound]
info: Audit.lean:466:0: 'BorceaVariance.centeredError_factor_order' depends on axioms: [propext, Classical.choice, Quot.sound]
info: Audit.lean:467:0: 'BorceaVariance.central_first_pointwise' depends on axioms: [propext, Classical.choice, Quot.sound]
info: Audit.lean:468:0: 'BorceaVariance.central_second_pointwise' depends on axioms: [propext, Classical.choice, Quot.sound]
info: Audit.lean:469:0: 'BorceaVariance.originProduct_exp_bound' depends on axioms: [propext, Classical.choice, Quot.sound]
info: Audit.lean:470:0: 'BorceaVariance.originRemainder_exp_bound' depends on axioms: [propext, Classical.choice, Quot.sound]
info: Audit.lean:471:0: 'BorceaVariance.reciprocal_real_part_lower' depends on axioms: [propext, Classical.choice, Quot.sound]
info: Audit.lean:472:0: 'BorceaVariance.largeDegreeGap_pos' depends on axioms: [propext, Classical.choice, Quot.sound]
info: Audit.lean:473:0: 'BorceaVariance.reciprocal_beta_linear_gap' depends on axioms: [propext, Classical.choice, Quot.sound]
info: Audit.lean:474:0: 'BorceaVariance.reciprocal_beta_largeDegreeGap' depends on axioms: [propext, Classical.choice, Quot.sound]
info: Audit.lean:475:0: 'BorceaVariance.largeDegreeGap_ge_one_five_hundred' depends on axioms: [propext, Classical.choice, Quot.sound]
info: Audit.lean:476:0: 'BorceaVariance.large_a_moment_bounds' depends on axioms: [propext, Classical.choice, Quot.sound]
info: Audit.lean:477:0: 'BorceaVariance.no_normalized_counterexample_large_a_ge_two' depends on axioms: [propext, Classical.choice, Quot.sound]
info: Audit.lean:478:0: 'BorceaVariance.small_a_remainder_coefficient' depends on axioms: [propext, Classical.choice, Quot.sound]
info: Audit.lean:479:0: 'BorceaVariance.small_a_remainder_algebra' depends on axioms: [propext, Classical.choice, Quot.sound]
info: Audit.lean:480:0: 'BorceaVariance.no_normalized_counterexample_large_small_a' depends on axioms: [propext, Classical.choice, Quot.sound]
info: Audit.lean:481:0: 'BorceaVariance.normalized_degree_log_bound' depends on axioms: [propext, Classical.choice, Quot.sound]
info: Audit.lean:482:0: 'BorceaVariance.log_degree_gt_ten' depends on axioms: [propext, Classical.choice, Quot.sound]
info: Audit.lean:483:0: 'BorceaVariance.normalized_small_a_degree' depends on axioms: [propext, Classical.choice, Quot.sound]
info: Audit.lean:484:0: 'BorceaVariance.small_a_real_part_lower' depends on axioms: [propext, Classical.choice, Quot.sound]
info: Audit.lean:485:0: 'BorceaVariance.large_degree_exponential_comparisons' depends on axioms: [propext, Classical.choice, Quot.sound]
info: Audit.lean:486:0: 'BorceaVariance.psi_table_endpoints' depends on axioms: [propext, Classical.choice, Quot.sound]
info: Audit.lean:487:0: 'BorceaVariance.psi_away_table' depends on axioms: [propext, Classical.choice, Quot.sound]
info: Audit.lean:488:0: 'BorceaVariance.exp_neg_hundred_lt' depends on axioms: [propext, Classical.choice, Quot.sound]
info: Audit.lean:489:0: 'BorceaVariance.exp_neg_small_a_lt' depends on axioms: [propext, Classical.choice, Quot.sound]
info: Audit.lean:490:0: 'BorceaVariance.largeDegreeH_interval_bound' depends on axioms: [propext, Classical.choice, Quot.sound]
info: Audit.lean:491:0: 'BorceaVariance.largeDegreeH_table' depends on axioms: [propext, Classical.choice, Quot.sound]
info: Audit.lean:492:0: 'BorceaVariance.no_normalized_counterexample_large' depends on axioms: [propext, Classical.choice, Quot.sound]
info: Audit.lean:493:0: 'BorceaVariance.large_degree_main' depends on axioms: [propext, Classical.choice, Quot.sound]
info: Audit.lean:494:0: 'BorceaVariance.one_sub_le_exp_neg' depends on axioms: [propext, Classical.choice, Quot.sound]
info: Audit.lean:495:0: 'BorceaVariance.exp_ge_sixth' depends on axioms: [propext, Classical.choice, Quot.sound]
info: Audit.lean:496:0: 'BorceaVariance.small_a_final_margin' depends on axioms: [propext, Classical.choice, Quot.sound]
info: Audit.lean:497:0: 'BorceaVariance.away_table_margins' depends on axioms: [propext, Classical.choice, Quot.sound]
info: Audit.lean:498:0: 'BorceaVariance.central_B_value' depends on axioms: [propext, Classical.choice, Quot.sound]
info: Audit.lean:499:0: 'BorceaVariance.near_final_rational_margin' depends on axioms: [propext, Classical.choice, Quot.sound]
info: Audit.lean:500:0: 'BorceaVariance.compression_entry_norm' depends on axioms: [propext, Classical.choice, Quot.sound]
info: Audit.lean:501:0: 'BorceaVariance.centered_pair_norm_sum' depends on axioms: [propext, Classical.choice, Quot.sound]
info: Audit.lean:502:0: 'BorceaVariance.centered_compression_frobenius' depends on axioms: [propext, Classical.choice, Quot.sound]
info: Audit.lean:503:0: 'BorceaVariance.uniformProjection_row_sum' depends on axioms: [propext, Classical.choice, Quot.sound]
info: Audit.lean:504:0: 'BorceaVariance.compression_row_sum' depends on axioms: [propext, Classical.choice, Quot.sound]
info: Audit.lean:505:0: 'BorceaVariance.uniformProjection_idempotent' depends on axioms: [propext, Classical.choice, Quot.sound]
info: Audit.lean:506:0: 'BorceaVariance.centeredCompression_eq_projection_diagonal' depends on axioms: [propext, Classical.choice, Quot.sound]
info: Audit.lean:507:0: 'BorceaVariance.charpoly_eval_projection_diagonal' depends on axioms: [propext, Classical.choice, Quot.sound]
info: Audit.lean:508:0: 'BorceaVariance.root_product_derivative_eval' depends on axioms: [propext, Classical.choice, Quot.sound]
info: Audit.lean:509:0: 'BorceaVariance.projection_diagonal_charpoly' depends on axioms: [propext, Classical.choice, Quot.sound]
info: Audit.lean:510:0: 'BorceaVariance.centered_compression_charpoly' depends on axioms: [propext, Classical.choice, Quot.sound]
info: Audit.lean:511:0: 'BorceaVariance.det_diagonal_add_row' depends on axioms: [propext, Classical.choice, Quot.sound]
info: Audit.lean:512:0: 'BorceaVariance.frobeniusSquare_eq_trace' depends on axioms: [propext, Classical.choice, Quot.sound]
info: Audit.lean:513:0: 'BorceaVariance.frobeniusSquare_nonneg' depends on axioms: [propext, Classical.choice, Quot.sound]
info: Audit.lean:514:0: 'BorceaVariance.frobeniusSquare_unitary_similarity' depends on axioms: [propext, Classical.choice, Quot.sound]
info: Audit.lean:515:0: 'BorceaVariance.diagonal_energy_le_frobeniusSquare' depends on axioms: [propext, Classical.choice, Quot.sound]
info: Audit.lean:516:0: 'BorceaVariance.schur_frobenius_bound' depends on axioms: [propext, Classical.choice, Quot.sound]
info: Audit.lean:517:0: 'BorceaVariance.exists_orthonormal_eigenbasis_first' depends on axioms: [propext, Classical.choice, Quot.sound]
info: Audit.lean:518:0: 'BorceaVariance.eigenbasis_first_column' depends on axioms: [propext, Classical.choice, Quot.sound]
info: Audit.lean:519:0: 'BorceaVariance.orthonormal_change_matrix' depends on axioms: [propext, Classical.choice, Quot.sound]
info: Audit.lean:520:0: 'BorceaVariance.first_column_charpoly' depends on axioms: [propext, Classical.choice, Quot.sound]
info: Audit.lean:521:0: 'BorceaVariance.first_block_frobenius_le' depends on axioms: [propext, Classical.choice, Quot.sound]
info: Audit.lean:522:0: 'BorceaVariance.exists_normalizing_scale' depends on axioms: [propext, Classical.choice, Quot.sound]
info: Audit.lean:523:0: 'BorceaVariance.normalize_counterexample' depends on axioms: [propext, Classical.choice, Quot.sound]
info: Audit.lean:524:0: 'BorceaVariance.normalized_root_factorization' depends on axioms: [propext, Classical.choice, Quot.sound]
info: Audit.lean:525:0: 'BorceaVariance.phi_succ_mono' depends on axioms: [propext, Classical.choice, Quot.sound]
info: Audit.lean:526:0: 'BorceaVariance.phi_base_nonneg_of_degree' depends on axioms: [propext, Classical.choice, Quot.sound]
info: Audit.lean:527:0: 'BorceaVariance.phi_mono_degree' depends on axioms: [propext, Classical.choice, Quot.sound]
info: Audit.lean:528:0: 'BorceaVariance.hasDerivAt_phiSquareKernel' depends on axioms: [propext, Classical.choice, Quot.sound]
info: Audit.lean:529:0: 'BorceaVariance.phi_mono_before_one' depends on axioms: [propext, Classical.choice, Quot.sound]
info: Audit.lean:530:0: 'BorceaVariance.phi_antitone_after_one' depends on axioms: [propext, Classical.choice, Quot.sound]
info: Audit.lean:531:0: 'BorceaVariance.eval_affinePullback' depends on axioms: [propext, Classical.choice, Quot.sound]
info: Audit.lean:532:0: 'BorceaVariance.natDegree_affinePullback' depends on axioms: [propext, Classical.choice, Quot.sound]
info: Audit.lean:533:0: 'BorceaVariance.derivative_affinePullback' depends on axioms: [propext, Classical.choice, Quot.sound]
info: Audit.lean:534:0: 'BorceaVariance.roots_affinePullback' depends on axioms: [propext, Classical.choice, Quot.sound]
info: Audit.lean:535:0: 'BorceaVariance.critical_roots_affinePullback' depends on axioms: [propext, Classical.choice, Quot.sound]
info: Audit.lean:536:0: 'BorceaVariance.roots_card' depends on axioms: [propext, Classical.choice, Quot.sound]
info: Audit.lean:537:0: 'BorceaVariance.multiset_sum_affine' depends on axioms: [propext, Classical.choice, Quot.sound]
info: Audit.lean:538:0: 'BorceaVariance.centroid_affinePullback' depends on axioms: [propext, Classical.choice, Quot.sound]
info: Audit.lean:539:0: 'BorceaVariance.centroid_C_mul' depends on axioms: [propext, Classical.choice, Quot.sound]
info: Audit.lean:540:0: 'BorceaVariance.variance_C_mul' depends on axioms: [propext, Classical.choice, Quot.sound]
info: Audit.lean:541:0: 'BorceaVariance.sigma2_C_mul' depends on axioms: [propext, Classical.choice, Quot.sound]
info: Audit.lean:542:0: 'BorceaVariance.variance_affinePullback' depends on axioms: [propext, Classical.choice, Quot.sound]
info: Audit.lean:543:0: 'BorceaVariance.sigma2_affinePullback' depends on axioms: [propext, Classical.choice, Quot.sound]
info: Audit.lean:544:0: 'BorceaVariance.actual_critical_family_centered' depends on axioms: [propext, Classical.choice, Quot.sound]
info: Audit.lean:545:0: 'BorceaVariance.actual_critical_family_far' depends on axioms: [propext, Classical.choice, Quot.sound]
info: Audit.lean:546:0: 'BorceaVariance.normalized_reciprocal_moments' depends on axioms: [propext, Classical.choice, Quot.sound]
info: Audit.lean:547:0: 'BorceaVariance.normalized_distinguished_pos' depends on axioms: [propext, Classical.choice, Quot.sound]
info: Audit.lean:548:0: 'BorceaVariance.hasDerivAt_psi' depends on axioms: [propext, Classical.choice, Quot.sound]
info: Audit.lean:549:0: 'BorceaVariance.psi_mono_before_one' depends on axioms: [propext, Classical.choice, Quot.sound]
info: Audit.lean:550:0: 'BorceaVariance.psi_antitone_after_one' depends on axioms: [propext, Classical.choice, Quot.sound]
info: Audit.lean:551:0: 'BorceaVariance.psi_two_lt' depends on axioms: [propext, Classical.choice, Quot.sound]
info: Audit.lean:552:0: 'BorceaVariance.reciprocal_mul' depends on axioms: [propext, Classical.choice, Quot.sound]
info: Audit.lean:553:0: 'BorceaVariance.reciprocal_norm_lt_one' depends on axioms: [propext, Classical.choice, Quot.sound]
info: Audit.lean:554:0: 'BorceaVariance.reciprocal_ne_zero' depends on axioms: [propext, Classical.choice, Quot.sound]
info: Audit.lean:555:0: 'BorceaVariance.reciprocal_conjugate_formula' depends on axioms: [propext, Classical.choice, Quot.sound]
info: Audit.lean:556:0: 'BorceaVariance.reciprocal_product_identity' depends on axioms: [propext, Classical.choice, Quot.sound]
info: Audit.lean:557:0: 'BorceaVariance.sum_beta' depends on axioms: [propext, Classical.choice, Quot.sound]
info: Audit.lean:558:0: 'BorceaVariance.beta_decomposition' depends on axioms: [propext, Classical.choice, Quot.sound]
info: Audit.lean:559:0: 'BorceaVariance.beta_nonneg' depends on axioms: [propext, Classical.choice, Quot.sound]
info: Audit.lean:560:0: 'BorceaVariance.secondMoment_reciprocal_lt_one' depends on axioms: [propext, Classical.choice, Quot.sound]
info: Audit.lean:561:0: 'BorceaVariance.secondMoment_reciprocal_pos' depends on axioms: [propext, Classical.choice, Quot.sound]
info: Audit.lean:562:0: 'BorceaVariance.centered_shift_energy' depends on axioms: [propext, Classical.choice, Quot.sound]
info: Audit.lean:563:0: 'BorceaVariance.reciprocal_weight_sum' depends on axioms: [propext, Classical.choice, Quot.sound]
info: Audit.lean:564:0: 'BorceaVariance.reciprocal_weighted_energy' depends on axioms: [propext, Classical.choice, Quot.sound]
info: Audit.lean:565:0: 'BorceaVariance.reciprocal_weighted_identity' depends on axioms: [propext, Classical.choice, Quot.sound]
info: Audit.lean:566:0: 'BorceaVariance.reciprocal_centered_identity' depends on axioms: [propext, Classical.choice, Quot.sound]
info: Audit.lean:567:0: 'BorceaVariance.norm_sub_real_sq' depends on axioms: [propext, Classical.choice, Quot.sound]
info: Audit.lean:568:0: 'BorceaVariance.norm_one_sub_real_mul_sq' depends on axioms: [propext, Classical.choice, Quot.sound]
info: Audit.lean:569:0: 'BorceaVariance.reciprocal_weighted_cauchy' depends on axioms: [propext, Classical.choice, Quot.sound]
info: Audit.lean:570:0: 'BorceaVariance.reciprocal_moment_A' depends on axioms: [propext, Classical.choice, Quot.sound]
info: Audit.lean:571:0: 'BorceaVariance.reciprocal_moment_A_distance' depends on axioms: [propext, Classical.choice, Quot.sound]
info: Audit.lean:572:0: 'BorceaVariance.reciprocal_moment_B' depends on axioms: [propext, Classical.choice, Quot.sound]
info: Audit.lean:573:0: 'BorceaVariance.reciprocal_inverse_moment' depends on axioms: [propext, Classical.choice, Quot.sound]
info: Audit.lean:574:0: 'BorceaVariance.reciprocal_moment_endpoint' depends on axioms: [propext, Classical.choice, Quot.sound]
info: Audit.lean:575:0: 'BorceaVariance.reciprocal_moments' depends on axioms: [propext, Classical.choice, Quot.sound]
info: Audit.lean:576:0: 'BorceaVariance.normalized_degree_bound' depends on axioms: [propext, Classical.choice, Quot.sound]
info: Audit.lean:577:0: 'BorceaVariance.schoenberg_centered_monic' depends on axioms: [propext, Classical.choice, Quot.sound]
info: Audit.lean:578:0: 'BorceaVariance.schoenberg_centered' depends on axioms: [propext, Classical.choice, Quot.sound]
info: Audit.lean:579:0: 'BorceaVariance.normalized_critical_energy_bound' depends on axioms: [propext, Classical.choice, Quot.sound]
info: Audit.lean:580:0: 'BorceaVariance.normalized_critical_secondMoment_bound' depends on axioms: [propext, Classical.choice, Quot.sound]
info: Audit.lean:581:0: 'BorceaVariance.sharpPolynomial_degree' depends on axioms: [propext, Classical.choice, Quot.sound]
info: Audit.lean:582:0: 'BorceaVariance.sharpPolynomial_root_norm' depends on axioms: [propext, Classical.choice, Quot.sound]
info: Audit.lean:583:0: 'BorceaVariance.sharpPolynomial_centroid' depends on axioms: [propext, Classical.choice, Quot.sound]
info: Audit.lean:584:0: 'BorceaVariance.sharpPolynomial_sigma2' depends on axioms: [propext, Classical.choice, Quot.sound]
info: Audit.lean:585:0: 'BorceaVariance.sharpPolynomial_critical_iff' depends on axioms: [propext, Classical.choice, Quot.sound]
info: Audit.lean:586:0: 'BorceaVariance.sharpness_family' depends on axioms: [propext, Classical.choice, Quot.sound]
info: Audit.lean:587:0: 'BorceaVariance.constant_one_sharp' depends on axioms: [propext, Classical.choice, Quot.sound]
info: Audit.lean:588:0: 'BorceaVariance.iterated_derivative_leadingCoeff' depends on axioms: [propext, Classical.choice, Quot.sound]
info: Audit.lean:589:0: 'BorceaVariance.iterated_derivative_root_product' depends on axioms: [propext, Classical.choice, Quot.sound]
info: Audit.lean:590:0: 'BorceaVariance.polynomial_root_energy_nonneg' depends on axioms: [propext, Classical.choice, Quot.sound]
info: Audit.lean:591:0: 'BorceaVariance.centered_polynomial_esymm_bound' depends on axioms: [propext, Classical.choice, Quot.sound]
info: Audit.lean:592:0: 'BorceaVariance.centered_family_esymm_bound' depends on axioms: [propext, Classical.choice, Quot.sound]
info: Audit.lean:593:0: 'BorceaVariance.centered_coefficients' depends on axioms: [propext, Classical.choice, Quot.sound]
info: Audit.lean:594:0: 'BorceaVariance.centered_error_coefficient_bound' depends on axioms: [propext, Classical.choice, Quot.sound]
info: Audit.lean:595:0: 'BorceaVariance.centered_error_integral_coefficient_bound' depends on axioms: [propext, Classical.choice, Quot.sound]
info: Audit.lean:596:0: 'BorceaVariance.pow_mul_half_rpow' depends on axioms: [propext, Classical.choice, Quot.sound]
info: Audit.lean:597:0: 'BorceaVariance.coefficient_error_integral_bound' depends on axioms: [propext, Classical.choice, Quot.sound]
info: Audit.lean:598:0: 'BorceaVariance.tail_coefficient_bound' depends on axioms: [propext, Classical.choice, Quot.sound]
info: Audit.lean:599:0: 'BorceaVariance.tail_integral_coefficient_bound' depends on axioms: [propext, Classical.choice, Quot.sound]
info: Audit.lean:600:0: 'BorceaVariance.coefficient_tail_integral_bound' depends on axioms: [propext, Classical.choice, Quot.sound]
info: Audit.lean:601:0: 'BorceaVariance.center_integral_norm_test' depends on axioms: [propext, Classical.choice, Quot.sound]
info: Audit.lean:602:0: 'BorceaVariance.coefficient_integral_test' depends on axioms: [propext, Classical.choice, Quot.sound]
info: Audit.lean:603:0: 'BorceaVariance.normalized_coefficient_integral_test' depends on axioms: [propext, Classical.choice, Quot.sound]
info: Audit.lean:604:0: 'BorceaVariance.convex_pair_sum_upper' depends on axioms: [propext, Classical.choice, Quot.sound]
info: Audit.lean:605:0: 'BorceaVariance.convex_packing_exists' depends on axioms: [propext, Classical.choice, Quot.sound]
info: Audit.lean:606:0: 'BorceaVariance.convex_packing_zero' depends on axioms: [propext, Classical.choice, Quot.sound]
info: Audit.lean:607:0: 'BorceaVariance.convex_packing' depends on axioms: [propext, Classical.choice, Quot.sound]
info: Audit.lean:608:0: 'BorceaVariance.no_normalized_counterexample_cubic' depends on axioms: [propext, Classical.choice, Quot.sound]
info: Audit.lean:609:0: 'BorceaVariance.cubic_main' depends on axioms: [propext, Classical.choice, Quot.sound]
info: Audit.lean:610:0: 'BorceaVariance.complex_quadratic_norm_identity' depends on axioms: [propext, Classical.choice, Quot.sound]
info: Audit.lean:611:0: 'BorceaVariance.choose_signed_critical_point' depends on axioms: [propext, Classical.choice, Quot.sound]
info: Audit.lean:612:0: 'BorceaVariance.cubic_two_point_bound' depends on axioms: [propext, Classical.choice, Quot.sound]
info: Audit.lean:613:0: 'BorceaVariance.normalized_root_distances_ne_zero' depends on axioms: [propext, Classical.choice, Quot.sound]
info: Audit.lean:614:0: 'BorceaVariance.normalized_critical_logderivative' depends on axioms: [propext, Classical.choice, Quot.sound]
info: Audit.lean:615:0: 'BorceaVariance.normalized_inverse_root_sum' depends on axioms: [propext, Classical.choice, Quot.sound]
info: Audit.lean:616:0: 'BorceaVariance.normalized_inverse_root_mean' depends on axioms: [propext, Classical.choice, Quot.sound]
info: Audit.lean:617:0: 'BorceaVariance.complex_natDegree_iterate_derivative' depends on axioms: [propext, Classical.choice, Quot.sound]
info: Audit.lean:618:0: 'BorceaVariance.iterated_critical_root_sum_zero' depends on axioms: [propext, Classical.choice, Quot.sound]
info: Audit.lean:619:0: 'BorceaVariance.iterated_schoenberg' depends on axioms: [propext, Classical.choice, Quot.sound]
info: Audit.lean:620:0: 'BorceaVariance.packing_power_interval_exists' depends on axioms: [propext, Classical.choice, Quot.sound]
info: Audit.lean:621:0: 'BorceaVariance.packing_residual_bounds' depends on axioms: [propext, Classical.choice, Quot.sound]
info: Audit.lean:622:0: 'BorceaVariance.logarithmic_convex_packing' depends on axioms: [propext, Classical.choice, Quot.sound]
info: Audit.lean:623:0: 'BorceaVariance.hasDerivAt_logLossKernel' depends on axioms: [propext, Classical.choice, Quot.sound]
info: Audit.lean:624:0: 'BorceaVariance.log_loss' depends on axioms: [propext, Classical.choice, Quot.sound]
info: Audit.lean:625:0: 'BorceaVariance.finite_log_loss' depends on axioms: [propext, Classical.choice, Quot.sound]
info: Audit.lean:626:0: 'BorceaVariance.finite_product_radial_loss' depends on axioms: [propext, Classical.choice, Quot.sound]
info: Audit.lean:627:0: 'BorceaVariance.reciprocal_packing_pointwise' depends on axioms: [propext, Classical.choice, Quot.sound]
info: Audit.lean:628:0: 'BorceaVariance.finite_packing_distance_sum' depends on axioms: [propext, Classical.choice, Quot.sound]
info: Audit.lean:629:0: 'BorceaVariance.finite_packing_inverse_sum' depends on axioms: [propext, Classical.choice, Quot.sound]
info: Audit.lean:630:0: 'BorceaVariance.reciprocal_packing_distance' depends on axioms: [propext, Classical.choice, Quot.sound]
info: Audit.lean:631:0: 'BorceaVariance.reciprocal_packing_variance' depends on axioms: [propext, Classical.choice, Quot.sound]
info: Audit.lean:632:0: 'BorceaVariance.reciprocal_packing' depends on axioms: [propext, Classical.choice, Quot.sound]
info: Audit.lean:633:0: 'BorceaVariance.hasDerivAt_packingDefect' depends on axioms: [propext, Classical.choice, Quot.sound]
info: Audit.lean:634:0: 'BorceaVariance.hasDerivAt_packingDefect_deriv' depends on axioms: [propext, Classical.choice, Quot.sound]
info: Audit.lean:635:0: 'BorceaVariance.packingDefect_convex' depends on axioms: [propext, Classical.choice, Quot.sound]
info: Audit.lean:636:0: 'BorceaVariance.packingDefect_monotone' depends on axioms: [propext, Classical.choice, Quot.sound]
info: Audit.lean:637:0: 'BorceaVariance.packingDefect_neg_log' depends on axioms: [propext, Classical.choice, Quot.sound]
info: Audit.lean:638:0: 'BorceaVariance.packing_exp_neg_log' depends on axioms: [propext, Classical.choice, Quot.sound]
info: Audit.lean:639:0: 'BorceaVariance.hasDerivAt_packingKernel' depends on axioms: [propext, Classical.choice, Quot.sound]
info: Audit.lean:640:0: 'BorceaVariance.packingKernel_monotone' depends on axioms: [propext, Classical.choice, Quot.sound]
info: Audit.lean:641:0: 'BorceaVariance.packing_product_upper' depends on axioms: [propext, Classical.choice, Quot.sound]
info: Audit.lean:642:0: 'BorceaVariance.packing_pointwise_lower' depends on axioms: [propext, Classical.choice, Quot.sound]
info: Audit.lean:643:0: 'BorceaVariance.meanPhase_scale' depends on axioms: [propext, Classical.choice, Quot.sound]
info: Audit.lean:644:0: 'BorceaVariance.mean_phase_integral_bound' depends on axioms: [propext, Classical.choice, Quot.sound]
info: Audit.lean:645:0: 'BorceaVariance.quadratic_phase_signed_lower' depends on axioms: [propext, Classical.choice, Quot.sound]
info: Audit.lean:646:0: 'BorceaVariance.signed_coefficient_integral_test' depends on axioms: [propext, Classical.choice, Quot.sound]
info: Audit.lean:647:0: 'BorceaVariance.normalized_signed_coefficient_test' depends on axioms: [propext, Classical.choice, Quot.sound]
info: Audit.lean:648:0: 'BorceaVariance.complex_pow_difference_bound' depends on axioms: [propext, Classical.choice, Quot.sound]
info: Audit.lean:649:0: 'BorceaVariance.unit_cube_difference_bound' depends on axioms: [propext, Classical.choice, Quot.sound]
info: Audit.lean:650:0: 'BorceaVariance.phase_integrand_bound' depends on axioms: [propext, Classical.choice, Quot.sound]
info: Audit.lean:651:0: 'BorceaVariance.quadraticKernel_real' depends on axioms: [propext, Classical.choice, Quot.sound]
info: Audit.lean:652:0: 'BorceaVariance.realQuadraticKernel_nonneg' depends on axioms: [propext, Classical.choice, Quot.sound]
info: Audit.lean:653:0: 'BorceaVariance.phase_integral_bound' depends on axioms: [propext, Classical.choice, Quot.sound]
info: Audit.lean:654:0: 'BorceaVariance.elementarySymmetric_zero' depends on axioms: [propext, Classical.choice, Quot.sound]
info: Audit.lean:655:0: 'BorceaVariance.elementarySymmetric_one' depends on axioms: [propext, Classical.choice, Quot.sound]
info: Audit.lean:656:0: 'BorceaVariance.elementarySymmetric_mul' depends on axioms: [propext, Classical.choice, Quot.sound]
info: Audit.lean:657:0: 'BorceaVariance.finite_product_expansion' depends on axioms: [propext, Classical.choice, Quot.sound]
info: Audit.lean:658:0: 'BorceaVariance.centered_product_expansion' depends on axioms: [propext, Classical.choice, Quot.sound]
info: Audit.lean:659:0: 'BorceaVariance.origin_centered_product_expansion' depends on axioms: [propext, Classical.choice, Quot.sound]
info: Audit.lean:660:0: 'BorceaVariance.center_linear_factor_bound' depends on axioms: [propext, Classical.choice, Quot.sound]
info: Audit.lean:661:0: 'BorceaVariance.quadratic_main' depends on axioms: [propext, Classical.choice, Quot.sound]
info: Audit.lean:662:0: 'BorceaVariance.elementarySymmetric_two_identity' depends on axioms: [propext, Classical.choice, Quot.sound]
info: Audit.lean:663:0: 'BorceaVariance.centered_elementarySymmetric_two' depends on axioms: [propext, Classical.choice, Quot.sound]
info: Audit.lean:664:0: 'BorceaVariance.centered_elementarySymmetric_two_real' depends on axioms: [propext, Classical.choice, Quot.sound]
info: Audit.lean:665:0: 'BorceaVariance.rotateToMean_centered' depends on axioms: [propext, Classical.choice, Quot.sound]
info: Audit.lean:666:0: 'BorceaVariance.rotated_centered_energy' depends on axioms: [propext, Classical.choice, Quot.sound]
info: Audit.lean:667:0: 'BorceaVariance.rotated_quadratic_real' depends on axioms: [propext, Classical.choice, Quot.sound]
info: Audit.lean:668:0: 'BorceaVariance.meanPhase_norm' depends on axioms: [propext, Classical.choice, Quot.sound]
info: Audit.lean:669:0: 'BorceaVariance.meanPhase_centered' depends on axioms: [propext, Classical.choice, Quot.sound]
info: Audit.lean:670:0: 'BorceaVariance.elementarySymmetric_meanPhase' depends on axioms: [propext, Classical.choice, Quot.sound]
info: Audit.lean:671:0: 'BorceaVariance.centered_quadratic_norm' depends on axioms: [propext, Classical.choice, Quot.sound]
info: Audit.lean:672:0: 'BorceaVariance.rotated_quadratic_norm' depends on axioms: [propext, Classical.choice, Quot.sound]
info: Audit.lean:673:0: 'BorceaVariance.real_product_perturbation_lower' depends on axioms: [propext, Classical.choice, Quot.sound]
info: Audit.lean:674:0: 'BorceaVariance.quadratic_signed_lower' depends on axioms: [propext, Classical.choice, Quot.sound]
info: Audit.lean:675:0: 'BorceaVariance.centered_error_quadratic_split' depends on axioms: [propext, Classical.choice, Quot.sound]
info: Audit.lean:676:0: 'BorceaVariance.centered_error_quadratic_integral' depends on axioms: [propext, Classical.choice, Quot.sound]
info: Audit.lean:677:0: 'BorceaVariance.signed_center_identity' depends on axioms: [propext, Classical.choice, Quot.sound]
info: Audit.lean:678:0: 'BorceaVariance.signed_integral_norm_test' depends on axioms: [propext, Classical.choice, Quot.sound]
info: Audit.lean:679:0: 'BorceaVariance.inverse_conjugate_eq_defect_mul_inv' depends on axioms: [propext, Classical.choice, Quot.sound]
info: Audit.lean:680:0: 'BorceaVariance.reciprocal_inverse_error_norm' depends on axioms: [propext, Classical.choice, Quot.sound]
info: Audit.lean:681:0: 'BorceaVariance.reciprocal_sq_lower' depends on axioms: [propext, Classical.choice, Quot.sound]
info: Audit.lean:682:0: 'BorceaVariance.finite_radial_mean_bound' depends on axioms: [propext, Classical.choice, Quot.sound]
info: Audit.lean:683:0: 'BorceaVariance.finite_radial_variance_bound' depends on axioms: [propext, Classical.choice, Quot.sound]
info: Audit.lean:684:0: 'BorceaVariance.product_radial_bound' depends on axioms: [propext, Classical.choice, Quot.sound]
info: Audit.lean:685:0: 'BorceaVariance.product_radial_sqrt_bound' depends on axioms: [propext, Classical.choice, Quot.sound]
info: Audit.lean:686:0: 'BorceaVariance.product_radial_square_bound' depends on axioms: [propext, Classical.choice, Quot.sound]
info: Audit.lean:687:0: 'BorceaVariance.reciprocal_radial_covariance' depends on axioms: [propext, Classical.choice, Quot.sound]
info: Audit.lean:688:0: 'BorceaVariance.reciprocal_radial_variance_lower' depends on axioms: [propext, Classical.choice, Quot.sound]
info: Audit.lean:689:0: 'BorceaVariance.reciprocal_radial_loss' depends on axioms: [propext, Classical.choice, Quot.sound]
info: Audit.lean:690:0: 'BorceaVariance.reciprocal_product_amgm' depends on axioms: [propext, Classical.choice, Quot.sound]
info: Audit.lean:691:0: 'BorceaVariance.rotateToMean_norm' depends on axioms: [propext, Classical.choice, Quot.sound]
info: Audit.lean:692:0: 'BorceaVariance.rotateToMean_sum' depends on axioms: [propext, Classical.choice, Quot.sound]
info: Audit.lean:693:0: 'BorceaVariance.finite_real_coordinate_lower' depends on axioms: [propext, Classical.choice, Quot.sound]
info: Audit.lean:694:0: 'BorceaVariance.finite_real_variance_of_bounds' depends on axioms: [propext, Classical.choice, Quot.sound]
info: Audit.lean:695:0: 'BorceaVariance.finite_real_variance_bound' depends on axioms: [propext, Classical.choice, Quot.sound]
info: Audit.lean:696:0: 'BorceaVariance.rotated_real_variance_bound' depends on axioms: [propext, Classical.choice, Quot.sound]
info: Audit.lean:697:0: 'BorceaVariance.bhatia_davis' depends on axioms: [propext, Classical.choice, Quot.sound]
info: Audit.lean:698:0: 'BorceaVariance.inverse_root_centered_sum' depends on axioms: [propext, Classical.choice, Quot.sound]
info: Audit.lean:699:0: 'BorceaVariance.inverse_root_cauchy' depends on axioms: [propext, Classical.choice, Quot.sound]
info: Audit.lean:700:0: 'BorceaVariance.real_sub_mul_norm_identity' depends on axioms: [propext, Classical.choice, Quot.sound]
info: Audit.lean:701:0: 'BorceaVariance.inverse_root_covariance' depends on axioms: [propext, Classical.choice, Quot.sound]
info: Audit.lean:702:0: 'BorceaVariance.inverse_root_covariance_zero' depends on axioms: [propext, Classical.choice, Quot.sound]
info: Audit.lean:703:0: 'BorceaVariance.constant_of_centeredVariance_zero' depends on axioms: [propext, Classical.choice, Quot.sound]
info: Audit.lean:704:0: 'BorceaVariance.rootVariance_identity' depends on axioms: [propext, Classical.choice, Quot.sound]
info: Audit.lean:705:0: 'BorceaVariance.rootSecondMoment_pos' depends on axioms: [propext, Classical.choice, Quot.sound]
info: Audit.lean:706:0: 'BorceaVariance.normalized_root_mean' depends on axioms: [propext, Classical.choice, Quot.sound]
info: Audit.lean:707:0: 'BorceaVariance.normalized_root_secondMoment' depends on axioms: [propext, Classical.choice, Quot.sound]
info: Audit.lean:708:0: 'BorceaVariance.normalized_root_variance' depends on axioms: [propext, Classical.choice, Quot.sound]
info: Audit.lean:709:0: 'BorceaVariance.normalized_root_product_identity' depends on axioms: [propext, Classical.choice, Quot.sound]
info: Audit.lean:710:0: 'BorceaVariance.normalized_root_product' depends on axioms: [propext, Classical.choice, Quot.sound]
info: Audit.lean:711:0: 'BorceaVariance.normalized_root_product_zero' depends on axioms: [propext, Classical.choice, Quot.sound]
info: Audit.lean:712:0: 'BorceaVariance.radialLoss_nonneg' depends on axioms: [propext, Classical.choice, Quot.sound]
info: Audit.lean:713:0: 'BorceaVariance.reciprocal_norm_product_radial_loss' depends on axioms: [propext, Classical.choice, Quot.sound]
info: Audit.lean:714:0: 'BorceaVariance.normalized_stable_product' depends on axioms: [propext, Classical.choice, Quot.sound]
info: Audit.lean:715:0: 'BorceaVariance.cofactorSum_zero' depends on axioms: [propext, Classical.choice, Quot.sound]
info: Audit.lean:716:0: 'BorceaVariance.constantCoeff_linear_product' depends on axioms: [propext, Classical.choice, Quot.sound]
info: Audit.lean:717:0: 'BorceaVariance.cofactorSum_cons' depends on axioms: [propext, Classical.choice, Quot.sound]
info: Audit.lean:718:0: 'BorceaVariance.cofactorSum_eq_esymm' depends on axioms: [propext, Classical.choice, Quot.sound]
info: Audit.lean:719:0: 'BorceaVariance.cofactorSum_tangent_lower' depends on axioms: [propext, Classical.choice, Quot.sound]
info: Audit.lean:720:0: 'BorceaVariance.cofactorSum_smoothing' depends on axioms: [propext, Classical.choice, Quot.sound]
info: Audit.lean:721:0: 'BorceaVariance.cofactorSum_le_normalized' depends on axioms: [propext, Classical.choice, Quot.sound]
info: Audit.lean:722:0: 'BorceaVariance.symmetric_inequality' depends on axioms: [propext, Classical.choice, Quot.sound]
info: Audit.lean:723:0: 'BorceaVariance.cofactorSum_eq_product_inverse_sum' depends on axioms: [propext, Classical.choice, Quot.sound]
info: Audit.lean:724:0: 'BorceaVariance.symmetric_inverse_product' depends on axioms: [propext, Classical.choice, Quot.sound]
info: Audit.lean:725:0: 'BorceaVariance.normalized_norm_product_improvement' depends on axioms: [propext, Classical.choice, Quot.sound]
info: Audit.lean:726:0: 'BorceaVariance.real_tao_product' depends on axioms: [propext, Classical.choice, Quot.sound]
info: Audit.lean:727:0: 'BorceaVariance.inverse_conjugate_norm' depends on axioms: [propext, Classical.choice, Quot.sound]
info: Audit.lean:728:0: 'BorceaVariance.tao_product' depends on axioms: [propext, Classical.choice, Quot.sound]
ℹ [3596/3597] Built ManuscriptCheck (19s)
info: ManuscriptCheck.lean:4:0: BorceaVariance.MainStatement : Prop
info: ManuscriptCheck.lean:7:0: BorceaVariance.phi_nonneg {m : ℕ} {a : ℝ} (ha : 0 ≤ a) (hb : 0 ≤ 1 + (1 - a ^ 2) / ↑m) : 0 ≤ BorceaVariance.Phi m a
info: ManuscriptCheck.lean:9:0: BorceaVariance.phi_sq {m : ℕ} (a : ℝ) (hb : 0 ≤ 1 + (1 - a ^ 2) / ↑m) :
  BorceaVariance.Phi m a ^ 2 = a ^ 2 * (1 + (1 - a ^ 2) / ↑m) ^ m
info: ManuscriptCheck.lean:11:0: BorceaVariance.phi_le_one {m : ℕ} (hm : 0 < m) {a : ℝ} (ha : 0 ≤ a) (hb : 0 ≤ 1 + (1 - a ^ 2) / ↑m) :
  BorceaVariance.Phi m a ≤ 1
info: ManuscriptCheck.lean:13:0: BorceaVariance.phi_le_psi {m : ℕ} (hm : 0 < m) {a : ℝ} (ha : 0 ≤ a) (hb : 0 ≤ 1 + (1 - a ^ 2) / ↑m) :
  BorceaVariance.Phi m a ≤ BorceaVariance.Psi a
info: ManuscriptCheck.lean:15:0: BorceaVariance.normalized_other_shift_energy {n : ℕ} (hn : 2 ≤ n) (a : ℝ) (z : Fin (n - 1) → ℂ)
  (hcenter : ↑a + ∑ j, z j = 0) (henergy : a ^ 2 + ∑ j, ‖z j‖ ^ 2 = ↑n) : ∑ j, ‖↑a - z j‖ ^ 2 = ↑n * (1 + a ^ 2)
info: ManuscriptCheck.lean:17:0: BorceaVariance.normalized_basic_product {n : ℕ} (hn : 2 ≤ n) (Cex : BorceaVariance.NormalizedCounterexample n)
  (ζ : Fin (n - 1) → ℂ) (hζ : ↑(List.ofFn ζ) = (Polynomial.derivative Cex.polynomial).roots) :
  ↑n ^ 2 ≤
    (↑n / (↑n - 1) * (1 + Cex.distinguished ^ 2) *
        BorceaVariance.secondMoment (BorceaVariance.reciprocalFamily Cex.distinguished ζ)) ^
      (n - 1)
info: ManuscriptCheck.lean:19:0: BorceaVariance.Certificate.multiplyUp_sound {S : ℕ} (hS : 0 < S) {x y : ℝ} {X Y : ℚ} (hx : 0 ≤ x) (hy : 0 ≤ y)
  (hX : x ≤ ↑X) (hY : y ≤ ↑Y) : x * y ≤ ↑(BorceaVariance.Certificate.multiplyUp S X Y)
info: ManuscriptCheck.lean:21:0: BorceaVariance.Certificate.subtractDown_sound {S : ℕ} (hS : 0 < S) {u c : ℝ} {U C : ℚ} (hU : u ≤ ↑U) (hC0 : 0 ≤ C)
  (hC : ↑C ≤ c) : u - c ≤ ↑(U - BorceaVariance.Certificate.downward S C)
info: ManuscriptCheck.lean:23:0: BorceaVariance.Certificate.upperPower_sound {S : ℕ} (hS : 0 < S) {x : ℚ} (hx : 0 ≤ x) (n : ℕ) :
  ↑x ^ n ≤ ↑(BorceaVariance.Certificate.upperPower S x n)
info: ManuscriptCheck.lean:25:0: BorceaVariance.Certificate.upperSqrt_sound {S : ℕ} (hS : 0 < S) {x : ℚ} (hx : 0 ≤ x) :
  √↑x ≤ ↑(BorceaVariance.Certificate.upperSqrt S x)
info: ManuscriptCheck.lean:27:0: BorceaVariance.Certificate.upperHalfPower_sound {S : ℕ} (hS : 0 < S) {x : ℚ} (hx : 0 ≤ x) (n : ℕ) :
  ↑x ^ (↑n / 2) ≤ ↑(BorceaVariance.Certificate.upperHalfPower S x n)
info: ManuscriptCheck.lean:29:0: BorceaVariance.Certificate.taylor32_le_exp {x : ℚ} (hx : 0 ≤ x) : ↑(BorceaVariance.Certificate.taylor32 x) ≤ Real.exp ↑x
info: ManuscriptCheck.lean:31:0: BorceaVariance.Certificate.varianceBox_upper {n : ℕ} (hn : 2 ≤ n)
  (P : BorceaVariance.Certificate.CounterexampleParameters n) (B : BorceaVariance.Certificate.Box)
  (hx : B.Contains P.point) (hrl : 0 ≤ (B 1).lo) :
  BorceaVariance.centeredVariance P.q ≤ ↑(BorceaVariance.Certificate.varianceBox B)
info: ManuscriptCheck.lean:33:0: BorceaVariance.Certificate.rhoLower_sound (D : BorceaVariance.Certificate.DegreeBlock)
  (B : BorceaVariance.Certificate.Box) (n : ℕ) (hn : 2 ≤ n) (hdegree : D.Contains n)
  (P : BorceaVariance.Certificate.CounterexampleParameters n) (hx : B.Contains P.point) (hrl : 0 ≤ (B 1).lo)
  (hsu : (B 2).hi ≤ 1) :
  ↑(BorceaVariance.Certificate.rhoLower D B) ≤
    2 * P.configuration.distinguished * (BorceaVariance.mean P.q).re -
      P.configuration.distinguished ^ 2 * BorceaVariance.secondMoment P.q
info: ManuscriptCheck.lean:35:0: BorceaVariance.Certificate.betaCoefficient_lower {n : ℕ} (P : BorceaVariance.Certificate.CounterexampleParameters n)
  (B : BorceaVariance.Certificate.Box) (hx : B.Contains P.point) (hal : 0 ≤ (B 0).lo) (hsl : 0 ≤ (B 2).lo) :
  ↑(BorceaVariance.Certificate.betaCoefficient B) ≤ P.configuration.distinguished ^ 2 * BorceaVariance.secondMoment P.q
info: ManuscriptCheck.lean:37:0: BorceaVariance.Certificate.beta_majorant_sound (D : BorceaVariance.Certificate.DegreeBlock)
  (B : BorceaVariance.Certificate.Box) (n : ℕ) (hn : 2 ≤ n) (hdegree : D.Contains n)
  (P : BorceaVariance.Certificate.CounterexampleParameters n) (hx : B.Contains P.point) (hal : 0 ≤ (B 0).lo)
  (hrl : 0 ≤ (B 1).lo) (hsl : 0 ≤ (B 2).lo) (hsu : (B 2).hi ≤ 1) {t : ℝ} (ht : 0 ≤ t) (ht1 : t ≤ 1) :
  BorceaVariance.beta P.configuration.distinguished (BorceaVariance.mean P.q) (BorceaVariance.secondMoment P.q) t ≤
    1 - ↑(BorceaVariance.Certificate.rhoLower D B) * t - ↑(BorceaVariance.Certificate.betaCoefficient B) * t * (1 - t)
info: ManuscriptCheck.lean:39:0: BorceaVariance.Certificate.CounterexampleParameters.in_initialBox {n : ℕ} (hn : 2 ≤ n)
  (P : BorceaVariance.Certificate.CounterexampleParameters n) : BorceaVariance.Certificate.initialBox.Contains P.point
info: ManuscriptCheck.lean:41:0: BorceaVariance.Certificate.admissible_in_initialBox {n : ℕ} (hn : 2 ≤ n) {x : BorceaVariance.Certificate.Point}
  (hx : BorceaVariance.Certificate.Admissible n x) : BorceaVariance.Certificate.initialBox.Contains x
info: ManuscriptCheck.lean:43:0: BorceaVariance.Certificate.no_counterexample_of_initialBox_excluded {n : ℕ} (hn : 2 ≤ n)
  (hexclude :
    ∀ (x : BorceaVariance.Certificate.Point),
      BorceaVariance.Certificate.initialBox.Contains x → ¬BorceaVariance.Certificate.Admissible n x) :
  ¬Nonempty (BorceaVariance.NormalizedCounterexample n)
info: ManuscriptCheck.lean:45:0: BorceaVariance.Certificate.phi_box_upper (D : BorceaVariance.Certificate.DegreeBlock)
  (B : BorceaVariance.Certificate.Box) (n : ℕ) (hn : 2 ≤ n) (hdegree : D.Contains n)
  (P : BorceaVariance.Certificate.CounterexampleParameters n) (hx : B.Contains P.point) :
  BorceaVariance.Phi (n - 1) P.configuration.distinguished ≤ BorceaVariance.Certificate.phiBoxUpper D B
info: ManuscriptCheck.lean:47:0: BorceaVariance.Certificate.reciprocal_product_box_upper (D : BorceaVariance.Certificate.DegreeBlock)
  (B : BorceaVariance.Certificate.Box) (n : ℕ) (hn : 2 ≤ n) (hdegree : D.Contains n)
  (P : BorceaVariance.Certificate.CounterexampleParameters n) (hx : B.Contains P.point) (hsu : (B 2).hi ≤ 1) :
  ∏ j, ‖P.q j‖ ≤ ↑(B 2).hi ^ (↑(D.lower - 1) / 2)
info: ManuscriptCheck.lean:49:0: BorceaVariance.Certificate.core_box_upper (D : BorceaVariance.Certificate.DegreeBlock)
  (B : BorceaVariance.Certificate.Box) (n : ℕ) (hn : 2 ≤ n) (hdegree : D.Contains n)
  (P : BorceaVariance.Certificate.CounterexampleParameters n) (hx : B.Contains P.point) (hsu : (B 2).hi ≤ 1)
  (z : Fin (n - 1) → ℂ) (henergy : P.configuration.distinguished ^ 2 + ∑ j, ‖z j‖ ^ 2 = ↑n) :
  ‖↑P.configuration.distinguished * BorceaVariance.mean P.q * BorceaVariance.jointProduct z P.q‖ ≤
    BorceaVariance.Certificate.coreBoxUpper D B
info: ManuscriptCheck.lean:51:0: BorceaVariance.Certificate.degreeChain_coverage (blocks : List BorceaVariance.Certificate.DegreeBlock) (lo hi : ℕ)
  (h : BorceaVariance.Certificate.degreeChain lo hi blocks = true) (n : ℕ) :
  lo ≤ n → n ≤ hi → ∃ b ∈ blocks, b.Contains n
info: ManuscriptCheck.lean:53:0: BorceaVariance.Certificate.norm_mean_sub_real_lower (μ : ℂ) (a : ℝ) (ha : 0 ≤ a) :
  a - ‖μ‖ ≤ ‖μ - ↑a‖ ∧ ‖μ‖ - a ≤ ‖μ - ↑a‖
info: ManuscriptCheck.lean:55:0: BorceaVariance.Certificate.norm_one_sub_product_lower (μ : ℂ) (a : ℝ) (ha : 0 ≤ a) :
  1 - a * ‖μ‖ ≤ ‖1 - ↑a * μ‖ ∧ a * ‖μ‖ - 1 ≤ ‖1 - ↑a * μ‖
info: ManuscriptCheck.lean:57:0: BorceaVariance.Certificate.distanceA_lower {n : ℕ} (P : BorceaVariance.Certificate.CounterexampleParameters n)
  (B : BorceaVariance.Certificate.Box) (hB : B.Contains P.point) :
  ↑(BorceaVariance.Certificate.distanceA B) ≤ ‖BorceaVariance.mean P.q - ↑P.configuration.distinguished‖
info: ManuscriptCheck.lean:59:0: BorceaVariance.Certificate.distanceB_lower {n : ℕ} (P : BorceaVariance.Certificate.CounterexampleParameters n)
  (B : BorceaVariance.Certificate.Box) (hB : B.Contains P.point) (hal : 0 ≤ (B 0).lo) (hrl : 0 ≤ (B 1).lo) :
  ↑(BorceaVariance.Certificate.distanceB B) ≤ ‖1 - ↑P.configuration.distinguished * BorceaVariance.mean P.q‖
info: ManuscriptCheck.lean:61:0: BorceaVariance.Certificate.endpoint_square_upper (D : BorceaVariance.Certificate.DegreeBlock)
  (B : BorceaVariance.Certificate.Box) (n : ℕ) (hn : 2 ≤ n) (hdegree : D.Contains n)
  (P : BorceaVariance.Certificate.CounterexampleParameters n) (hx : B.Contains P.point) (hrl : 0 ≤ (B 1).lo)
  (hsu : (B 2).hi ≤ 1) :
  BorceaVariance.factorMean P.q P.configuration.distinguished 1 ^ 2 ≤ ↑(BorceaVariance.Certificate.endpointSquare D B)
info: ManuscriptCheck.lean:63:0: BorceaVariance.Certificate.endpoint_kappa_bound (D : BorceaVariance.Certificate.DegreeBlock)
  (B : BorceaVariance.Certificate.Box) (n : ℕ) (hn : 2 ≤ n) (hdegree : D.Contains n)
  (P : BorceaVariance.Certificate.CounterexampleParameters n) (hx : B.Contains P.point) (hrl : 0 ≤ (B 1).lo)
  (hsu : (B 2).hi ≤ 1) {κ : ℝ} (hκ : 0 ≤ κ) (hκ2 : ↑(BorceaVariance.Certificate.endpointSquare D B) ≤ κ ^ 2) :
  BorceaVariance.factorMean P.q P.configuration.distinguished 1 ≤ κ
info: ManuscriptCheck.lean:65:0: BorceaVariance.Certificate.linear_majorant_box (D : BorceaVariance.Certificate.DegreeBlock)
  (B : BorceaVariance.Certificate.Box) (n : ℕ) (hn : 2 ≤ n) (hdegree : D.Contains n)
  (P : BorceaVariance.Certificate.CounterexampleParameters n) (hx : B.Contains P.point) (hrl : 0 ≤ (B 1).lo)
  (hsu : (B 2).hi ≤ 1) {κ t : ℝ} (hκ : 0 ≤ κ) (hκ2 : ↑(BorceaVariance.Certificate.endpointSquare D B) ≤ κ ^ 2)
  (ht : 0 ≤ t) (ht1 : t ≤ 1) : BorceaVariance.factorMean P.q P.configuration.distinguished t ≤ 1 - (1 - κ) * t
info: ManuscriptCheck.lean:67:0: BorceaVariance.Certificate.rhoLower_nonneg (D : BorceaVariance.Certificate.DegreeBlock)
  (B : BorceaVariance.Certificate.Box) (n : ℕ) (hn : 2 ≤ n) (hdegree : D.Contains n) (hsu : (B 2).hi ≤ 1) :
  0 ≤ BorceaVariance.Certificate.rhoLower D B
info: ManuscriptCheck.lean:69:0: BorceaVariance.Certificate.beta_box_unit_bounds (D : BorceaVariance.Certificate.DegreeBlock)
  (B : BorceaVariance.Certificate.Box) (n : ℕ) (hn : 2 ≤ n) (hdegree : D.Contains n)
  (P : BorceaVariance.Certificate.CounterexampleParameters n) (hx : B.Contains P.point) (hal : 0 ≤ (B 0).lo)
  (hrl : 0 ≤ (B 1).lo) (hsl : 0 ≤ (B 2).lo) (hsu : (B 2).hi ≤ 1) {t : ℝ} (ht : 0 ≤ t) (ht1 : t ≤ 1) :
  0 ≤
      1 - ↑(BorceaVariance.Certificate.rhoLower D B) * t -
        ↑(BorceaVariance.Certificate.betaCoefficient B) * t * (1 - t) ∧
    1 - ↑(BorceaVariance.Certificate.rhoLower D B) * t - ↑(BorceaVariance.Certificate.betaCoefficient B) * t * (1 - t) ≤
      1
info: ManuscriptCheck.lean:71:0: BorceaVariance.Certificate.Generated.certificates_degree_list :
  List.map Prod.fst BorceaVariance.Certificate.Generated.certificates =
    BorceaVariance.Certificate.Generated.degreeBlocks
info: ManuscriptCheck.lean:73:0: BorceaVariance.Certificate.Generated.concrete_degree_coverage (n : ℕ) (hlo : 4 ≤ n) (hhi : n ≤ 100000) :
  ∃ c ∈ BorceaVariance.Certificate.Generated.certificates, c.1.Contains n
info: ManuscriptCheck.lean:75:0: BorceaVariance.Certificate.Generated.concrete_tree_coverage (n : ℕ) (hlo : 4 ≤ n) (hhi : n ≤ 100000) :
  ∃ c ∈ BorceaVariance.Certificate.Generated.certificates,
    c.1.Contains n ∧
      ∀ (x : BorceaVariance.Certificate.Point),
        BorceaVariance.Certificate.initialBox.Contains x →
          BorceaVariance.Certificate.Tree.Covered BorceaVariance.Certificate.initialBox x c.2
info: ManuscriptCheck.lean:77:0: BorceaVariance.Certificate.Generated.concrete_paths_no_duplicates
  (c : BorceaVariance.Certificate.DegreeBlock × BorceaVariance.Certificate.Tree)
  (_hc : c ∈ BorceaVariance.Certificate.Generated.certificates) : c.2.leafPaths.Nodup
info: ManuscriptCheck.lean:79:0: BorceaVariance.Certificate.Generated.concrete_leaf_has_no_descendant
  (c : BorceaVariance.Certificate.DegreeBlock × BorceaVariance.Certificate.Tree)
  (_hc : c ∈ BorceaVariance.Certificate.Generated.certificates) (p q : BorceaVariance.Certificate.Path)
  (v w : BorceaVariance.Certificate.Leaf) (hp : c.2.AtLeaf p v) (hq : q ≠ []) : ¬c.2.AtLeaf (p ++ q) w
info: ManuscriptCheck.lean:81:0: BorceaVariance.Certificate.Generated.degreeBlocks_count : BorceaVariance.Certificate.Generated.degreeBlocks.length = 72
info: ManuscriptCheck.lean:83:0: BorceaVariance.Certificate.Generated.degreeBlocks_chain :
  BorceaVariance.Certificate.degreeChain 4 100000 BorceaVariance.Certificate.Generated.degreeBlocks = true
info: ManuscriptCheck.lean:85:0: BorceaVariance.Certificate.Generated.degreeBlocks_no_overlap :
  List.Pairwise (fun a b => a.upper < b.lower) BorceaVariance.Certificate.Generated.degreeBlocks
info: ManuscriptCheck.lean:87:0: BorceaVariance.Certificate.Generated.degreeBlocks_coverage (n : ℕ) (hlo : 4 ≤ n) (hhi : n ≤ 100000) :
  ∃ b ∈ BorceaVariance.Certificate.Generated.degreeBlocks, b.Contains n
info: ManuscriptCheck.lean:89:0: BorceaVariance.Certificate.meshCheck_sound {N : ℕ} {p : ℕ → ℚ} (h : BorceaVariance.Certificate.meshCheck N p = true) :
  p 0 = 0 ∧ p N = 1 ∧ (∀ i ≤ N, 0 ≤ p i ∧ p i ≤ 1) ∧ ∀ i < N, p i ≤ p (i + 1)
info: ManuscriptCheck.lean:91:0: BorceaVariance.Certificate.sum_segment_upper_bounds {N : ℕ} {p : ℕ → ℚ}
  (hmesh : BorceaVariance.Certificate.meshCheck N p = true) {f : ℝ → ℝ} (hc : ContinuousOn f (Set.Icc 0 1))
  (bounds : ℕ → ℚ) (hbound : ∀ i < N, ∫ (t : ℝ) in ↑(p i)..↑(p (i + 1)), f t ≤ ↑(bounds i)) :
  ∫ (t : ℝ) in 0..1, f t ≤ ↑(∑ i ∈ Finset.range N, bounds i)
info: ManuscriptCheck.lean:93:0: BorceaVariance.Certificate.segment_majorant_one {f g : ℝ → ℝ} {l r u v : ℚ} (hl : 0 ≤ l) (hlr : l ≤ r) (hr : r ≤ 1)
  (hf : ContinuousOn f (Set.Icc ↑l ↑r)) (hg : ConvexOn ℝ (Set.Icc 0 1) g) (hc : ContinuousOn g (Set.Icc 0 1))
  (hfg : ∀ t ∈ Set.Icc ↑l ↑r, f t ≤ t * g t) (hu : g ↑l ≤ ↑u) (hv : g ↑r ≤ ↑v) :
  ∫ (t : ℝ) in ↑l..↑r, f t ≤ ↑(QuadraticTangZhang.chordOne l r u v)
info: ManuscriptCheck.lean:95:0: BorceaVariance.Certificate.segment_majorant_two {f g : ℝ → ℝ} {l r u v : ℚ} (hl : 0 ≤ l) (hlr : l ≤ r) (hr : r ≤ 1)
  (hf : ContinuousOn f (Set.Icc ↑l ↑r)) (hg : ConvexOn ℝ (Set.Icc 0 1) g) (hc : ContinuousOn g (Set.Icc 0 1))
  (hfg : ∀ t ∈ Set.Icc ↑l ↑r, f t ≤ t ^ 2 * g t) (hu : g ↑l ≤ ↑u) (hv : g ↑r ≤ ↑v) :
  ∫ (t : ℝ) in ↑l..↑r, f t ≤ ↑(QuadraticTangZhang.chordTwo l r u v)
info: ManuscriptCheck.lean:97:0: BorceaVariance.Certificate.CounterexampleParameters.critical_centered {n : ℕ} (hn : 2 ≤ n)
  (P : BorceaVariance.Certificate.CounterexampleParameters n) : ∑ j, P.critical j = 0
info: ManuscriptCheck.lean:99:0: BorceaVariance.Certificate.CounterexampleParameters.critical_secondMoment_bound {n : ℕ} (hn : 2 ≤ n)
  (P : BorceaVariance.Certificate.CounterexampleParameters n) :
  BorceaVariance.secondMoment P.critical ≤ 1 - 1 / (↑n - 1)
info: ManuscriptCheck.lean:101:0: BorceaVariance.Certificate.CounterexampleParameters.moments {n : ℕ} (hn : 2 ≤ n)
  (P : BorceaVariance.Certificate.CounterexampleParameters n) :
  have a := P.configuration.distinguished;
  have μ := BorceaVariance.mean P.q;
  have s := BorceaVariance.secondMoment P.q;
  have v := BorceaVariance.centeredVariance P.q;
  have V := 1 - 1 / (↑n - 1);
  ‖μ‖ ^ 2 + (1 - V) * (1 - s) ≤ 2 * a * μ.re - a ^ 2 * s ∧
    ‖μ - ↑a‖ ^ 2 ≤ (a ^ 2 + V - 1) * (1 - s) ∧
      ‖1 - ↑a * μ‖ ^ 2 ≤ V * v ∧ 1 ≤ s * (a ^ 2 + V) ∧ BorceaVariance.beta a μ s 1 ≤ (a ^ 2 + V) * v
info: ManuscriptCheck.lean:103:0: BorceaVariance.Certificate.CounterexampleParameters.distinguished_pos {n : ℕ} (hn : 2 ≤ n)
  (P : BorceaVariance.Certificate.CounterexampleParameters n) : 0 < P.point 0
info: ManuscriptCheck.lean:105:0: BorceaVariance.Certificate.CounterexampleParameters.mean_re_pos {n : ℕ} (hn : 2 ≤ n)
  (P : BorceaVariance.Certificate.CounterexampleParameters n) : 0 < (BorceaVariance.mean P.q).re
info: ManuscriptCheck.lean:107:0: BorceaVariance.Certificate.CounterexampleParameters.critical_far {n : ℕ}
  (P : BorceaVariance.Certificate.CounterexampleParameters n) (j : Fin (n - 1)) :
  1 < ‖↑P.configuration.distinguished - P.critical j‖
info: ManuscriptCheck.lean:109:0: BorceaVariance.Certificate.parameters_exist {n : ℕ} (hn : 2 ≤ n) (Cex : BorceaVariance.NormalizedCounterexample n) :
  ∃ P, P.configuration = Cex
info: ManuscriptCheck.lean:111:0: BorceaVariance.Certificate.CounterexampleParameters.variance_nonnegative {n : ℕ} (hn : 2 ≤ n)
  (P : BorceaVariance.Certificate.CounterexampleParameters n) : P.point 1 ^ 2 ≤ P.point 2
info: ManuscriptCheck.lean:113:0: BorceaVariance.Certificate.CounterexampleParameters.unit_parameters {n : ℕ} (hn : 2 ≤ n)
  (P : BorceaVariance.Certificate.CounterexampleParameters n) :
  0 ≤ P.point 0 ∧ 0 ≤ P.point 1 ∧ P.point 1 < 1 ∧ 0 < P.point 2 ∧ P.point 2 < 1
info: ManuscriptCheck.lean:115:0: BorceaVariance.Certificate.Tree.leafPaths_nodup (T : BorceaVariance.Certificate.Tree) : T.leafPaths.Nodup
info: ManuscriptCheck.lean:117:0: BorceaVariance.Certificate.Tree.atLeaf_unique (T : BorceaVariance.Certificate.Tree)
  (p : BorceaVariance.Certificate.Path) (v w : BorceaVariance.Certificate.Leaf) (hv : T.AtLeaf p v)
  (hw : T.AtLeaf p w) : v = w
info: ManuscriptCheck.lean:119:0: BorceaVariance.Certificate.Tree.leaf_has_no_descendant (T : BorceaVariance.Certificate.Tree)
  (p q : BorceaVariance.Certificate.Path) (v w : BorceaVariance.Certificate.Leaf) (hp : T.AtLeaf p v) (hq : q ≠ []) :
  ¬T.AtLeaf (p ++ q) w
info: ManuscriptCheck.lean:121:0: BorceaVariance.Certificate.Tree.atLeaf_split_coordinate (i : Fin 3) (l r : BorceaVariance.Certificate.Tree) (j : Fin 3)
  (b : Bool) (p : BorceaVariance.Certificate.Path) (v : BorceaVariance.Certificate.Leaf)
  (h : (BorceaVariance.Certificate.Tree.split i l r).AtLeaf ((j, b) :: p) v) : j = i
info: ManuscriptCheck.lean:123:0: BorceaVariance.Certificate.degree_bound_sound (D : BorceaVariance.Certificate.DegreeBlock)
  (B : BorceaVariance.Certificate.Box) (n : ℕ) (hn : 2 ≤ n) (hdegree : D.Contains n)
  (htest : BorceaVariance.Certificate.degreeBoundTest D B = true) (x : BorceaVariance.Certificate.Point) :
  B.Contains x → ¬BorceaVariance.Certificate.Admissible n x
info: ManuscriptCheck.lean:125:0: BorceaVariance.Certificate.variance_nonnegative_sound (B : BorceaVariance.Certificate.Box) (n : ℕ) (hn : 2 ≤ n)
  (htest : BorceaVariance.Certificate.varianceNonnegativeTest B = true) (x : BorceaVariance.Certificate.Point) :
  B.Contains x → ¬BorceaVariance.Certificate.Admissible n x
info: ManuscriptCheck.lean:127:0: BorceaVariance.Certificate.beta_negative_sound (D : BorceaVariance.Certificate.DegreeBlock)
  (B : BorceaVariance.Certificate.Box) (n : ℕ) (hn : 2 ≤ n) (hdegree : D.Contains n)
  (htest : BorceaVariance.Certificate.betaNegativeTest D B = true) (x : BorceaVariance.Certificate.Point) :
  B.Contains x → ¬BorceaVariance.Certificate.Admissible n x
info: ManuscriptCheck.lean:129:0: BorceaVariance.Certificate.varianceUpper_bounds (D : BorceaVariance.Certificate.DegreeBlock) (n : ℕ) (hn : 2 ≤ n)
  (hdegree : D.Contains n) :
  0 ≤ ↑(BorceaVariance.Certificate.varianceUpper D) ∧ 1 - 1 / (↑n - 1) ≤ ↑(BorceaVariance.Certificate.varianceUpper D)
info: ManuscriptCheck.lean:131:0: BorceaVariance.Certificate.inverse_moment_sound (D : BorceaVariance.Certificate.DegreeBlock)
  (B : BorceaVariance.Certificate.Box) (n : ℕ) (hn : 2 ≤ n) (hdegree : D.Contains n)
  (htest : BorceaVariance.Certificate.inverseMomentTest D B = true) (x : BorceaVariance.Certificate.Point) :
  B.Contains x → ¬BorceaVariance.Certificate.Admissible n x
info: ManuscriptCheck.lean:133:0: BorceaVariance.Certificate.moment_A_sound (D : BorceaVariance.Certificate.DegreeBlock)
  (B : BorceaVariance.Certificate.Box) (n : ℕ) (hn : 2 ≤ n) (hdegree : D.Contains n)
  (htest : BorceaVariance.Certificate.momentATest D B = true) (x : BorceaVariance.Certificate.Point) :
  B.Contains x → ¬BorceaVariance.Certificate.Admissible n x
info: ManuscriptCheck.lean:135:0: BorceaVariance.Certificate.moment_B_sound (D : BorceaVariance.Certificate.DegreeBlock)
  (B : BorceaVariance.Certificate.Box) (n : ℕ) (hn : 2 ≤ n) (hdegree : D.Contains n)
  (htest : BorceaVariance.Certificate.momentBTest D B = true) (x : BorceaVariance.Certificate.Point) :
  B.Contains x → ¬BorceaVariance.Certificate.Admissible n x
info: ManuscriptCheck.lean:137:0: BorceaVariance.Certificate.productBase_bounds (D : BorceaVariance.Certificate.DegreeBlock)
  (B : BorceaVariance.Certificate.Box) (n : ℕ) (hlo : 2 ≤ D.lower) (hdegree : D.Contains n)
  (P : BorceaVariance.Certificate.CounterexampleParameters n) (hB : B.Contains P.point) :
  0 ≤ ↑n / (↑n - 1) * (1 + P.configuration.distinguished ^ 2) * BorceaVariance.secondMoment P.q ∧
    ↑n / (↑n - 1) * (1 + P.configuration.distinguished ^ 2) * BorceaVariance.secondMoment P.q ≤
      ↑(BorceaVariance.Certificate.productBase D B)
info: ManuscriptCheck.lean:139:0: BorceaVariance.Certificate.product_sound {S : ℕ} (hS : 0 < S) (D : BorceaVariance.Certificate.DegreeBlock)
  (B : BorceaVariance.Certificate.Box) (n : ℕ) (hdegree : D.Contains n)
  (htest : BorceaVariance.Certificate.productTest S D B = true) (x : BorceaVariance.Certificate.Point) :
  B.Contains x → ¬BorceaVariance.Certificate.Admissible n x
info: ManuscriptCheck.lean:141:0: BorceaVariance.Certificate.radial_denominator_lower (D : BorceaVariance.Certificate.DegreeBlock)
  (B : BorceaVariance.Certificate.Box) {n : ℕ} (hn : 2 ≤ n) (hdegree : D.Contains n)
  (P : BorceaVariance.Certificate.CounterexampleParameters n) (hB : B.Contains P.point) :
  ↑(BorceaVariance.Certificate.radialDenominator D B) ≤ 1 - ↑(n - 1) * (1 - BorceaVariance.secondMoment P.q)
info: ManuscriptCheck.lean:143:0: BorceaVariance.Certificate.radial_mean_box_bound (D : BorceaVariance.Certificate.DegreeBlock)
  (B : BorceaVariance.Certificate.Box) {n : ℕ} (hn : 2 ≤ n) (hdegree : D.Contains n)
  (P : BorceaVariance.Certificate.CounterexampleParameters n) (hB : B.Contains P.point)
  (hden : 0 < BorceaVariance.Certificate.radialDenominator D B) :
  ‖BorceaVariance.mean P.q - ↑P.configuration.distinguished‖ ^ 2 ≤
    (1 - ↑(B 2).lo) ^ 2 / ↑(BorceaVariance.Certificate.radialDenominator D B)
info: ManuscriptCheck.lean:145:0: BorceaVariance.Certificate.radial_variance_box_bound (D : BorceaVariance.Certificate.DegreeBlock)
  (B : BorceaVariance.Certificate.Box) {n : ℕ} (hn : 2 ≤ n) (hdegree : D.Contains n)
  (P : BorceaVariance.Certificate.CounterexampleParameters n) (hB : B.Contains P.point) (hal : 0 ≤ (B 0).lo)
  (hden : 0 < BorceaVariance.Certificate.radialDenominator D B) :
  BorceaVariance.secondMoment P.critical ≤ ↑(BorceaVariance.Certificate.radialVarianceUpper D B)
info: ManuscriptCheck.lean:147:0: BorceaVariance.Certificate.initial_variance_box_bound (D : BorceaVariance.Certificate.DegreeBlock)
  (B : BorceaVariance.Certificate.Box) {n : ℕ} (hn : 2 ≤ n) (hdegree : D.Contains n)
  (P : BorceaVariance.Certificate.CounterexampleParameters n) (hB : B.Contains P.point) (hal : 0 ≤ (B 0).lo) :
  BorceaVariance.secondMoment P.critical ≤ ↑(BorceaVariance.Certificate.initialVarianceUpper D B)
info: ManuscriptCheck.lean:149:0: BorceaVariance.Certificate.finite_radial_sound (D : BorceaVariance.Certificate.DegreeBlock)
  (B : BorceaVariance.Certificate.Box) (n : ℕ) (hn : 2 ≤ n) (hdegree : D.Contains n)
  (htest : BorceaVariance.Certificate.finiteRadialTest D B = true) (x : BorceaVariance.Certificate.Point) :
  B.Contains x → ¬BorceaVariance.Certificate.Admissible n x
info: ManuscriptCheck.lean:151:0: BorceaVariance.Certificate.initial_critical_variance_negative_sound (D : BorceaVariance.Certificate.DegreeBlock)
  (B : BorceaVariance.Certificate.Box) (n : ℕ) (hn : 2 ≤ n) (hdegree : D.Contains n)
  (htest : BorceaVariance.Certificate.initialCriticalVarianceNegativeTest D B = true)
  (x : BorceaVariance.Certificate.Point) : B.Contains x → ¬BorceaVariance.Certificate.Admissible n x
info: ManuscriptCheck.lean:153:0: BorceaVariance.Certificate.radialDistance_nonneg (B : BorceaVariance.Certificate.Box) :
  0 ≤ BorceaVariance.Certificate.radialDistance B
info: ManuscriptCheck.lean:155:0: BorceaVariance.Certificate.radialDistance_lower {n : ℕ} (P : BorceaVariance.Certificate.CounterexampleParameters n)
  (B : BorceaVariance.Certificate.Box) (hx : B.Contains P.point) (hal : 0 ≤ (B 0).lo) (hsl : 0 ≤ (B 2).lo) :
  ↑(BorceaVariance.Certificate.radialDistance B) ≤
    ‖BorceaVariance.mean P.q - ↑(P.configuration.distinguished * BorceaVariance.secondMoment P.q)‖
info: ManuscriptCheck.lean:157:0: BorceaVariance.Certificate.stableBoxLoss_nonneg (D : BorceaVariance.Certificate.DegreeBlock)
  (B : BorceaVariance.Certificate.Box) (hlo : 2 ≤ D.lower)
  (hV : 0 < BorceaVariance.Certificate.initialVarianceUpper D B) (hs : 0 ≤ (B 2).hi) :
  0 ≤ BorceaVariance.Certificate.stableBoxLoss D B
info: ManuscriptCheck.lean:159:0: BorceaVariance.Certificate.stableBoxLoss_lower (D : BorceaVariance.Certificate.DegreeBlock)
  (B : BorceaVariance.Certificate.Box) {n : ℕ} (hlo : 2 ≤ D.lower) (hdegree : D.Contains n)
  (P : BorceaVariance.Certificate.CounterexampleParameters n) (hx : B.Contains P.point) (hal : 0 ≤ (B 0).lo)
  (hsl : 0 ≤ (B 2).lo) (hV : 0 < BorceaVariance.Certificate.initialVarianceUpper D B) :
  ↑(BorceaVariance.Certificate.stableBoxLoss D B) ≤
    BorceaVariance.radialLoss P.configuration.distinguished P.q ↑(BorceaVariance.Certificate.initialVarianceUpper D B)
info: ManuscriptCheck.lean:161:0: BorceaVariance.Certificate.product_stable_sound (D : BorceaVariance.Certificate.DegreeBlock)
  (B : BorceaVariance.Certificate.Box) (n : ℕ) (hdegree : D.Contains n)
  (htest : BorceaVariance.Certificate.stableProductTest D B = true) (x : BorceaVariance.Certificate.Point) :
  B.Contains x → ¬BorceaVariance.Certificate.Admissible n x
info: ManuscriptCheck.lean:163:0: BorceaVariance.Certificate.CounterexampleParameters.initial_moments {n : ℕ}
  (P : BorceaVariance.Certificate.CounterexampleParameters n) (D : BorceaVariance.Certificate.DegreeBlock)
  (B : BorceaVariance.Certificate.Box) (hn : 2 ≤ n) (hdegree : D.Contains n) (hx : B.Contains P.point)
  (hal : 0 ≤ (B 0).lo) :
  have a := P.configuration.distinguished;
  have μ := BorceaVariance.mean P.q;
  have s := BorceaVariance.secondMoment P.q;
  have v := BorceaVariance.centeredVariance P.q;
  have V := ↑(BorceaVariance.Certificate.initialVarianceUpper D B);
  ‖μ‖ ^ 2 + (1 - V) * (1 - s) ≤ 2 * a * μ.re - a ^ 2 * s ∧
    ‖μ - ↑a‖ ^ 2 ≤ (a ^ 2 + V - 1) * (1 - s) ∧
      ‖1 - ↑a * μ‖ ^ 2 ≤ V * v ∧ 1 ≤ s * (a ^ 2 + V) ∧ BorceaVariance.beta a μ s 1 ≤ (a ^ 2 + V) * v
info: ManuscriptCheck.lean:165:0: BorceaVariance.Certificate.initial_inverse_moment_sound (D : BorceaVariance.Certificate.DegreeBlock)
  (B : BorceaVariance.Certificate.Box) (n : ℕ) (hn : 2 ≤ n) (hdegree : D.Contains n)
  (htest : BorceaVariance.Certificate.initialInverseMomentTest D B = true) (x : BorceaVariance.Certificate.Point) :
  B.Contains x → ¬BorceaVariance.Certificate.Admissible n x
info: ManuscriptCheck.lean:167:0: BorceaVariance.Certificate.initial_moment_A_sound (D : BorceaVariance.Certificate.DegreeBlock)
  (B : BorceaVariance.Certificate.Box) (n : ℕ) (hn : 2 ≤ n) (hdegree : D.Contains n)
  (htest : BorceaVariance.Certificate.initialMomentATest D B = true) (x : BorceaVariance.Certificate.Point) :
  B.Contains x → ¬BorceaVariance.Certificate.Admissible n x
info: ManuscriptCheck.lean:169:0: BorceaVariance.Certificate.initial_moment_B_sound (D : BorceaVariance.Certificate.DegreeBlock)
  (B : BorceaVariance.Certificate.Box) (n : ℕ) (hn : 2 ≤ n) (hdegree : D.Contains n)
  (htest : BorceaVariance.Certificate.initialMomentBTest D B = true) (x : BorceaVariance.Certificate.Point) :
  B.Contains x → ¬BorceaVariance.Certificate.Admissible n x
info: ManuscriptCheck.lean:171:0: BorceaVariance.Certificate.Interval.split_covers (I : BorceaVariance.Certificate.Interval) {x : ℝ} (hx : I.Contains x) :
  I.left.Contains x ∨ I.right.Contains x
info: ManuscriptCheck.lean:173:0: BorceaVariance.Certificate.Box.split_covers (B : BorceaVariance.Certificate.Box) (i : Fin 3)
  {x : BorceaVariance.Certificate.Point} (hx : B.Contains x) : (B.left i).Contains x ∨ (B.right i).Contains x
info: ManuscriptCheck.lean:175:0: BorceaVariance.Certificate.Tree.coverage (T : BorceaVariance.Certificate.Tree) (B : BorceaVariance.Certificate.Box)
  {x : BorceaVariance.Certificate.Point} (hx : B.Contains x) : BorceaVariance.Certificate.Tree.Covered B x T
info: ManuscriptCheck.lean:177:0: BorceaVariance.Certificate.Tree.exclusion (T : BorceaVariance.Certificate.Tree) (B : BorceaVariance.Certificate.Box)
  (admissible : BorceaVariance.Certificate.Point → Prop)
  (h :
    BorceaVariance.Certificate.Tree.AllLeaves
      (fun b x => ∀ (x : BorceaVariance.Certificate.Point), b.Contains x → ¬admissible x) B T)
  (x : BorceaVariance.Certificate.Point) : B.Contains x → ¬admissible x
info: ManuscriptCheck.lean:179:0: BorceaVariance.compact_moment_bounds {a s : ℝ} (μ : ℂ) (ha : 5 ≤ a) (hs : 0 ≤ s) (hA : ‖μ - ↑a‖ ^ 2 ≤ a ^ 2 * (1 - s))
  (hB : ‖1 - ↑a * μ‖ ^ 2 ≤ s) : s < 1 / 9 ∧ a ^ 2 * s < 8 / 3
info: ManuscriptCheck.lean:181:0: BorceaVariance.norm_product_bound_of_secondMoment {m : ℕ} (hm : 0 < m) (q : Fin m → ℂ) {b : ℝ} (hb : 0 ≤ b)
  (hs : BorceaVariance.secondMoment q ≤ b ^ 2) : ∏ j, ‖q j‖ ≤ b ^ m
info: ManuscriptCheck.lean:183:0: BorceaVariance.direct_linear_integral_bound {m : ℕ} (hm : 2 ≤ m) (q : Fin m → ℂ) {a b : ℝ} (hb : 0 < b) (hb1 : b ≤ 1)
  (hκ : BorceaVariance.factorMean q a 1 ≤ 1 - b) :
  a ^ 2 * ∫ (t : ℝ) in 0..1, t * BorceaVariance.directMajorant q a t ≤
    a ^ 2 * BorceaVariance.secondMoment q * BorceaVariance.omissionConstant m 1 ^ 2 / (b ^ 2 * (↑m + 1))
info: ManuscriptCheck.lean:185:0: BorceaVariance.normalized_compact {n : ℕ} (hn : 2 ≤ n) (Cex : BorceaVariance.NormalizedCounterexample n) :
  0 < Cex.distinguished ∧ Cex.distinguished < 5
info: ManuscriptCheck.lean:187:0: BorceaVariance.phi_base_nonneg_of_energy {m : ℕ} (hm : 0 < m) (a : ℝ) (z : Fin m → ℂ)
  (henergy : a ^ 2 + ∑ j, ‖z j‖ ^ 2 = ↑m + 1) : 0 ≤ 1 + (1 - a ^ 2) / ↑m
info: ManuscriptCheck.lean:189:0: BorceaVariance.root_product_upper {m : ℕ} (hm : 0 < m) {a : ℝ} (ha : 0 ≤ a) (z : Fin m → ℂ)
  (henergy : a ^ 2 + ∑ j, ‖z j‖ ^ 2 = ↑m + 1) : a * ‖∏ j, z j‖ ≤ BorceaVariance.Phi m a
info: ManuscriptCheck.lean:191:0: BorceaVariance.normalized_root_product_upper {n : ℕ} (hn : 2 ≤ n) (Cex : BorceaVariance.NormalizedCounterexample n)
  (z : Fin (n - 1) → ℂ) (henergy : Cex.distinguished ^ 2 + ∑ j, ‖z j‖ ^ 2 = ↑n) :
  Cex.distinguished * ‖∏ j, z j‖ ≤ BorceaVariance.Phi (n - 1) Cex.distinguished ∧
    BorceaVariance.Phi (n - 1) Cex.distinguished ≤ min 1 (BorceaVariance.Psi Cex.distinguished)
info: ManuscriptCheck.lean:193:0: BorceaVariance.normalized_core_product {n : ℕ} (hn : 2 ≤ n) (Cex : BorceaVariance.NormalizedCounterexample n)
  (z q : Fin (n - 1) → ℂ) (henergy : Cex.distinguished ^ 2 + ∑ j, ‖z j‖ ^ 2 = ↑n) :
  ‖↑Cex.distinguished * BorceaVariance.mean q * BorceaVariance.jointProduct z q‖ ≤
    BorceaVariance.Phi (n - 1) Cex.distinguished * ‖BorceaVariance.mean q‖ * ∏ j, ‖q j‖
info: ManuscriptCheck.lean:195:0: BorceaVariance.critical_root_sum_zero (p : Polynomial ℂ) (hn : 2 ≤ p.natDegree) (hcenter : p.roots.sum = 0) :
  (Polynomial.derivative p).roots.sum = 0
info: ManuscriptCheck.lean:197:0: BorceaVariance.multiset_fin_enumeration.{u_1} {α : Type u_1} (s : Multiset α) : ∃ f, ↑(List.ofFn f) = s
info: ManuscriptCheck.lean:199:0: BorceaVariance.normalized_critical_points {n : ℕ} (hn : 2 ≤ n) (Cex : BorceaVariance.NormalizedCounterexample n) :
  ∃ ζ,
    ↑(List.ofFn ζ) = (Polynomial.derivative Cex.polynomial).roots ∧
      ∑ j, ζ j = 0 ∧
        (∀ (j : Fin (n - 1)), Polynomial.eval (ζ j) (Polynomial.derivative Cex.polynomial) = 0) ∧
          ∀ (j : Fin (n - 1)), 1 < ‖↑Cex.distinguished - ζ j‖
info: ManuscriptCheck.lean:201:0: BorceaVariance.sigma2_nonneg (p : Polynomial ℂ) : 0 ≤ BorceaVariance.sigma2 p
info: ManuscriptCheck.lean:203:0: BorceaVariance.variance_nonneg (p : Polynomial ℂ) : 0 ≤ BorceaVariance.variance p
info: ManuscriptCheck.lean:205:0: BorceaVariance.sigma2_sq (p : Polynomial ℂ) : BorceaVariance.sigma2 p ^ 2 = BorceaVariance.variance p
info: ManuscriptCheck.lean:207:0: BorceaVariance.root_eq_centroid_of_variance_zero (p : Polynomial ℂ) (hn : 0 < p.natDegree)
  (hv : BorceaVariance.variance p = 0) {a : ℂ} (ha : a ∈ p.roots) : a = BorceaVariance.centroid p
info: ManuscriptCheck.lean:209:0: BorceaVariance.polynomial_of_variance_zero (p : Polynomial ℂ) (hn : 0 < p.natDegree)
  (hv : BorceaVariance.variance p = 0) :
  p = Polynomial.C p.leadingCoeff * (Polynomial.X - Polynomial.C (BorceaVariance.centroid p)) ^ p.natDegree
info: ManuscriptCheck.lean:211:0: BorceaVariance.zero_variance_main (p : Polynomial ℂ) (hn : 2 ≤ p.natDegree) (hv : BorceaVariance.variance p = 0) (a : ℂ)
  (ha : Polynomial.eval a p = 0) :
  ∃ z, Polynomial.eval z (Polynomial.derivative p) = 0 ∧ ‖a - z‖ ≤ BorceaVariance.sigma2 p
info: ManuscriptCheck.lean:213:0: BorceaVariance.sigma2_pos_of_counterexample (p : Polynomial ℂ) (hn : 2 ≤ p.natDegree) (a : ℂ)
  (ha : Polynomial.eval a p = 0)
  (hfar : ∀ (z : ℂ), Polynomial.eval z (Polynomial.derivative p) = 0 → BorceaVariance.sigma2 p < ‖a - z‖) :
  0 < BorceaVariance.sigma2 p
info: ManuscriptCheck.lean:215:0: BorceaVariance.normalized_other_roots {n : ℕ} (Cex : BorceaVariance.NormalizedCounterexample n) :
  ∃ z,
    Cex.polynomial = (Polynomial.X - Polynomial.C ↑Cex.distinguished) * ∏ j, (Polynomial.X - Polynomial.C (z j)) ∧
      ↑Cex.distinguished + ∑ j, z j = 0 ∧ Cex.distinguished ^ 2 + ∑ j, ‖z j‖ ^ 2 = ↑n
info: ManuscriptCheck.lean:217:0: BorceaVariance.normalized_derivative_factorization {n : ℕ} (Cex : BorceaVariance.NormalizedCounterexample n)
  (ζ : Fin (n - 1) → ℂ) (hζ : ↑(List.ofFn ζ) = (Polynomial.derivative Cex.polynomial).roots) :
  Polynomial.derivative Cex.polynomial = Polynomial.C ↑n * ∏ j, (Polynomial.X - Polynomial.C (ζ j))
info: ManuscriptCheck.lean:219:0: BorceaVariance.normalized_product_identity {n : ℕ} (Cex : BorceaVariance.NormalizedCounterexample n)
  (z ζ : Fin (n - 1) → ℂ)
  (hz : Cex.polynomial = (Polynomial.X - Polynomial.C ↑Cex.distinguished) * ∏ j, (Polynomial.X - Polynomial.C (z j)))
  (hζ : ↑(List.ofFn ζ) = (Polynomial.derivative Cex.polynomial).roots) :
  (∏ j, (↑Cex.distinguished - z j)) * ∏ j, BorceaVariance.reciprocalFamily Cex.distinguished ζ j = ↑n
info: ManuscriptCheck.lean:221:0: BorceaVariance.normalized_origin_identity_fin {n : ℕ} (Cex : BorceaVariance.NormalizedCounterexample n)
  (z ζ : Fin (n - 1) → ℂ)
  (hz : Cex.polynomial = (Polynomial.X - Polynomial.C ↑Cex.distinguished) * ∏ j, (Polynomial.X - Polynomial.C (z j)))
  (hζ : ↑(List.ofFn ζ) = (Polynomial.derivative Cex.polynomial).roots) :
  ↑n *
      ∫ (t : ℝ) in 0..1,
        BorceaVariance.originProduct (BorceaVariance.reciprocalFamily Cex.distinguished ζ) Cex.distinguished t =
    (-1) ^ (n - 1) * BorceaVariance.jointProduct z (BorceaVariance.reciprocalFamily Cex.distinguished ζ)
info: ManuscriptCheck.lean:223:0: BorceaVariance.normalized_center_identity_fin {n : ℕ} (hn : 2 ≤ n) (Cex : BorceaVariance.NormalizedCounterexample n)
  (z ζ : Fin (n - 1) → ℂ)
  (hz : Cex.polynomial = (Polynomial.X - Polynomial.C ↑Cex.distinguished) * ∏ j, (Polynomial.X - Polynomial.C (z j)))
  (hζ : ↑(List.ofFn ζ) = (Polynomial.derivative Cex.polynomial).roots) :
  have a := Cex.distinguished;
  have q := BorceaVariance.reciprocalFamily a ζ;
  have μ := BorceaVariance.mean q;
  have J := BorceaVariance.jointProduct z q;
  (-1) ^ (n - 1) * ↑a * μ * J + (1 - ↑a * μ) ^ n -
      ↑n * ↑a * μ * ∫ (t : ℝ) in 0..1, BorceaVariance.originProduct q a t - (1 - ↑a * μ * ↑t) ^ (n - 1) =
    1
info: ManuscriptCheck.lean:225:0: BorceaVariance.centered_sum {m : ℕ} (hm : 0 < m) (q : Fin m → ℂ) : ∑ i, (q i - BorceaVariance.mean q) = 0
info: ManuscriptCheck.lean:227:0: BorceaVariance.sum_eq_card_mul_mean {m : ℕ} (hm : 0 < m) (q : Fin m → ℂ) : ∑ i, q i = ↑m * BorceaVariance.mean q
info: ManuscriptCheck.lean:229:0: BorceaVariance.sum_sq_eq_card_mul_secondMoment {m : ℕ} (hm : 0 < m) (q : Fin m → ℂ) :
  ∑ i, ‖q i‖ ^ 2 = ↑m * BorceaVariance.secondMoment q
info: ManuscriptCheck.lean:231:0: BorceaVariance.centered_variance_sum {m : ℕ} (hm : 0 < m) (q : Fin m → ℂ) :
  ∑ i, ‖q i - BorceaVariance.mean q‖ ^ 2 = ↑m * BorceaVariance.centeredVariance q
info: ManuscriptCheck.lean:233:0: BorceaVariance.centeredVariance_nonneg {m : ℕ} (hm : 0 < m) (q : Fin m → ℂ) : 0 ≤ BorceaVariance.centeredVariance q
info: ManuscriptCheck.lean:235:0: BorceaVariance.weighted_complex_cauchy.{u_1} {ι : Type u_1} (s : Finset ι) (w : ι → ℝ) (f g : ι → ℂ)
  (hw : ∀ i ∈ s, 0 ≤ w i) : ‖∑ i ∈ s, ↑(w i) * f i * g i‖ ^ 2 ≤ (∑ i ∈ s, w i * ‖f i‖ ^ 2) * ∑ i ∈ s, w i * ‖g i‖ ^ 2
info: ManuscriptCheck.lean:237:0: BorceaVariance.complex_cauchy.{u_1} {ι : Type u_1} (s : Finset ι) (f g : ι → ℂ) :
  ‖∑ i ∈ s, f i * g i‖ ^ 2 ≤ (∑ i ∈ s, ‖f i‖ ^ 2) * ∑ i ∈ s, ‖g i‖ ^ 2
info: ManuscriptCheck.lean:239:0: BorceaVariance.origin_identity_multiset {n : ℕ} {a c : ℂ} {z q : Multiset ℂ} {p : Polynomial ℂ} (hc : c ≠ 0)
  (hzcard : z.card = n - 1) (hq : ∀ v ∈ q, v ≠ 0) (hpa : Polynomial.eval a p = 0)
  (hpz :
    p =
      Polynomial.C c *
        ((Polynomial.X - Polynomial.C a) * (Multiset.map (fun w => Polynomial.X - Polynomial.C w) z).prod))
  (hpq :
    Polynomial.derivative p =
      Polynomial.C (↑n * c) *
        (Multiset.map (fun w => Polynomial.X - Polynomial.C w) (Multiset.map (fun v => a - v⁻¹) q)).prod) :
  ↑n * ∫ (t : ℝ) in 0..1, (Multiset.map (fun v => 1 - a * ↑t * v) q).prod = (-1) ^ (n - 1) * q.prod * z.prod
info: ManuscriptCheck.lean:241:0: BorceaVariance.normalized_origin_identity {n : ℕ} (Cex : BorceaVariance.NormalizedCounterexample n) (s : Multiset ℂ)
  (hcard : s.card = n - 1)
  (hp :
    Cex.polynomial =
      (Polynomial.X - Polynomial.C ↑Cex.distinguished) *
        (Multiset.map (fun z => Polynomial.X - Polynomial.C z) s).prod) :
  have q := QuadraticTangZhang.criticalReciprocals Cex.polynomial ↑Cex.distinguished;
  ↑n * ∫ (t : ℝ) in 0..1, (Multiset.map (fun v => 1 - ↑Cex.distinguished * ↑t * v) q).prod =
    (-1) ^ (n - 1) * q.prod * s.prod
info: ManuscriptCheck.lean:243:0: BorceaVariance.differential_identity {m : ℕ} (hm : 0 < m) (q : Fin m → ℂ) (a : ℝ) :
  (BorceaVariance.originProduct q a 1 +
        ↑m * ↑a * BorceaVariance.mean q * ∫ (t : ℝ) in 0..1, BorceaVariance.originProduct q a t) +
      BorceaVariance.originRemainder q a =
    1
info: ManuscriptCheck.lean:245:0: BorceaVariance.center_power_integral (m : ℕ) (b : ℂ) :
  b * ↑(m + 1) * ∫ (t : ℝ) in 0..1, (1 - b * ↑t) ^ m = 1 - (1 - b) ^ (m + 1)
info: ManuscriptCheck.lean:247:0: BorceaVariance.center_identity {m : ℕ} (q : Fin m → ℂ) (a : ℝ) (J : ℂ)
  (horigin : ↑(m + 1) * ∫ (t : ℝ) in 0..1, BorceaVariance.originProduct q a t = (-1) ^ m * J) :
  (-1) ^ m * ↑a * BorceaVariance.mean q * J + (1 - ↑a * BorceaVariance.mean q) ^ (m + 1) -
      ↑(m + 1) * ↑a * BorceaVariance.mean q *
        ∫ (t : ℝ) in 0..1, BorceaVariance.originProduct q a t - (1 - ↑a * BorceaVariance.mean q * ↑t) ^ m =
    1
info: ManuscriptCheck.lean:249:0: BorceaVariance.centered_error_integral_bound {m : ℕ} (q : Fin m → ℂ) (a : ℝ) (U : ℝ → ℝ)
  (hi : IntervalIntegrable (fun t => t ^ 2 * U t) MeasureTheory.volume 0 1)
  (hU :
    ∀ t ∈ Set.Icc 0 1, ‖BorceaVariance.centeredError q a t‖ ≤ a ^ 2 * t ^ 2 * BorceaVariance.centeredVariance q * U t) :
  ‖∫ (t : ℝ) in 0..1, BorceaVariance.centeredError q a t‖ ≤
    a ^ 2 * BorceaVariance.centeredVariance q * ∫ (t : ℝ) in 0..1, t ^ 2 * U t
info: ManuscriptCheck.lean:251:0: BorceaVariance.absolute_integral_test {m : ℕ} (q : Fin m → ℂ) {a : ℝ} (ha : 0 ≤ a) (J : ℂ)
  (horigin : ↑(m + 1) * ∫ (t : ℝ) in 0..1, BorceaVariance.originProduct q a t = (-1) ^ m * J) {C V : ℝ}
  (hC : ‖↑a * BorceaVariance.mean q * J‖ ≤ C)
  (hB : ‖1 - ↑a * BorceaVariance.mean q‖ ^ 2 ≤ V * BorceaVariance.centeredVariance q) (U : ℝ → ℝ)
  (hi : IntervalIntegrable (fun t => t ^ 2 * U t) MeasureTheory.volume 0 1)
  (hU :
    ∀ t ∈ Set.Icc 0 1, ‖BorceaVariance.centeredError q a t‖ ≤ a ^ 2 * t ^ 2 * BorceaVariance.centeredVariance q * U t) :
  1 ≤
    C + (V * BorceaVariance.centeredVariance q) ^ (↑(m + 1) / 2) +
      BorceaVariance.centerIntegralCoefficient m a ‖BorceaVariance.mean q‖ U * BorceaVariance.centeredVariance q
info: ManuscriptCheck.lean:253:0: BorceaVariance.beta_nat_succ_identity (k p : ℕ) :
  (↑k + 1) * ∫ (t : ℝ) in 0..1, t ^ k * (1 - t) ^ (p + 1) = (↑p + 1) * ∫ (t : ℝ) in 0..1, t ^ (k + 1) * (1 - t) ^ p
info: ManuscriptCheck.lean:255:0: BorceaVariance.integral_nat_beta (k p : ℕ) :
  ∫ (t : ℝ) in 0..1, t ^ k * (1 - t) ^ p = ↑k.factorial * ↑p.factorial / ↑(k + p + 1).factorial
info: ManuscriptCheck.lean:257:0: BorceaVariance.rpow_le_max_endpoint {x p pLower pUpper : ℝ} (hx : 0 ≤ x) (hp0 : 0 ≤ pLower) (hpLower : pLower ≤ p)
  (hpUpper : p ≤ pUpper) : x ^ p ≤ max (x ^ pLower) (x ^ pUpper)
info: ManuscriptCheck.lean:259:0: BorceaVariance.retained_base_antitone_degree {M N B δ : ℝ} (hM : 1 < M) (hMN : M ≤ N) (hδ : δ ≤ B) :
  (N * B - δ) / (N - 1) ≤ (M * B - δ) / (M - 1)
info: ManuscriptCheck.lean:261:0: BorceaVariance.retained_block_power_bound {M N m B δ : ℝ} (hM : 1 < M) (hMm : M ≤ m) (hmN : m ≤ N) (hδ : δ ≤ B) :
  max 0 ((m * B - δ) / (m - 1)) ^ ((m - 1) / 2) ≤
    max (max 0 ((M * B - δ) / (M - 1)) ^ ((M - 1) / 2)) (max 0 ((M * B - δ) / (M - 1)) ^ ((N - 1) / 2))
info: ManuscriptCheck.lean:263:0: BorceaVariance.retained_block_nat_power_bound {M N m : ℕ} {B δ : ℝ} (hM : 2 ≤ M) (hMm : M ≤ m) (hmN : m ≤ N)
  (hδ : δ ≤ B) :
  max 0 ((↑m * B - δ) / ↑(m - 1)) ^ (m - 1) ≤
    max (max 0 ((↑M * B - δ) / ↑(M - 1)) ^ (M - 1)) (max 0 ((↑M * B - δ) / ↑(M - 1)) ^ (N - 1))
info: ManuscriptCheck.lean:265:0: BorceaVariance.centered_first_remainder_general {m : ℕ} (w : Fin m → ℂ) (hw : ∑ j, w j = 0) {D : ℂ} (hD : D ≠ 0) (c : ℝ)
  {U : ℝ} (hU : 0 ≤ U) (hdel : ∀ θ ∈ Set.Icc 0 1, ∀ (j : Fin m), ‖∏ k ∈ Finset.univ.erase j, (D - ↑c * ↑θ * w k)‖ ≤ U) :
  ‖∏ j, (D - ↑c * w j) - D ^ m‖ ≤ (c ^ 2 * ∑ j, ‖w j‖ ^ 2) / (2 * ‖D‖) * U
info: ManuscriptCheck.lean:267:0: BorceaVariance.centered_first_remainder_moments {m : ℕ} (hm : 2 ≤ m) (w : Fin m → ℂ) (hw : ∑ j, w j = 0) {D : ℂ}
  (hD : D ≠ 0) (c : ℝ) {B L : ℝ} (hB : 0 ≤ B) (hL : 0 ≤ L) (hsecond : ∑ j, ‖D - ↑c * w j‖ ^ 2 ≤ ↑m * B)
  (hfirst : ∑ j, ‖D - ↑c * w j‖ ≤ ↑m * L) :
  ‖∏ j, (D - ↑c * w j) - D ^ m‖ ≤
    (c ^ 2 * ∑ j, ‖w j‖ ^ 2) / (2 * ‖D‖) *
      min (BorceaVariance.omissionConstant m 1 * B ^ (↑(m - 1) / 2))
        (BorceaVariance.omissionConstant m 1 ^ 2 * L ^ (m - 1))
info: ManuscriptCheck.lean:269:0: BorceaVariance.centered_interpolation_first {m : ℕ} (hm : 2 ≤ m) (q : Fin m → ℂ) {a t B L : ℝ}
  (hD : 1 - ↑a * ↑t * BorceaVariance.mean q ≠ 0)
  (hB : BorceaVariance.beta a (BorceaVariance.mean q) (BorceaVariance.secondMoment q) t ≤ B)
  (hL : BorceaVariance.factorMean q a t ≤ L) :
  ‖BorceaVariance.originProduct q a t - (1 - ↑a * ↑t * BorceaVariance.mean q) ^ m‖ ≤
    ↑m * a ^ 2 * t ^ 2 * BorceaVariance.centeredVariance q / (2 * ‖1 - ↑a * ↑t * BorceaVariance.mean q‖) *
      min (BorceaVariance.omissionConstant m 1 * B ^ (↑(m - 1) / 2))
        (BorceaVariance.omissionConstant m 1 ^ 2 * L ^ (m - 1))
info: ManuscriptCheck.lean:271:0: BorceaVariance.centered_second_remainder_general {m : ℕ} (hm : 0 < m) (w : Fin m → ℂ) (hw : ∑ j, w j = 0) (D : ℂ)
  (c : ℝ) {U : ℝ} (hU : 0 ≤ U)
  (hdel : ∀ θ ∈ Set.Icc 0 1, ∀ (j k : Fin m), k ≠ j → ‖∏ r ∈ (Finset.univ.erase j).erase k, (D - ↑c * ↑θ * w r)‖ ≤ U) :
  ‖∏ j, (D - ↑c * w j) - D ^ m‖ ≤ (↑(m - 1) * c ^ 2 * ∑ j, ‖w j‖ ^ 2) / 2 * U
info: ManuscriptCheck.lean:273:0: BorceaVariance.centered_second_remainder_moments {m : ℕ} (hm : 3 ≤ m) (w : Fin m → ℂ) (hw : ∑ j, w j = 0) (D : ℂ)
  (c : ℝ) {B L : ℝ} (hB : 0 ≤ B) (hL : 0 ≤ L) (hsecond : ∑ j, ‖D - ↑c * w j‖ ^ 2 ≤ ↑m * B)
  (hfirst : ∑ j, ‖D - ↑c * w j‖ ≤ ↑m * L) :
  ‖∏ j, (D - ↑c * w j) - D ^ m‖ ≤
    (↑(m - 1) * c ^ 2 * ∑ j, ‖w j‖ ^ 2) / 2 *
      min (BorceaVariance.omissionConstant m 2 * B ^ (↑(m - 2) / 2))
        (BorceaVariance.omissionConstant m 2 ^ 2 * L ^ (m - 2))
info: ManuscriptCheck.lean:275:0: BorceaVariance.centered_interpolation_second {m : ℕ} (hm : 3 ≤ m) (q : Fin m → ℂ) {a t B L : ℝ}
  (hB : BorceaVariance.beta a (BorceaVariance.mean q) (BorceaVariance.secondMoment q) t ≤ B)
  (hL : BorceaVariance.factorMean q a t ≤ L) :
  ‖BorceaVariance.originProduct q a t - (1 - ↑a * ↑t * BorceaVariance.mean q) ^ m‖ ≤
    ↑m * ↑(m - 1) * a ^ 2 * t ^ 2 * BorceaVariance.centeredVariance q / 2 *
      min (BorceaVariance.omissionConstant m 2 * B ^ (↑(m - 2) / 2))
        (BorceaVariance.omissionConstant m 2 ^ 2 * L ^ (m - 2))
info: ManuscriptCheck.lean:277:0: BorceaVariance.omissionConstant_sq_le_exp {m k : ℕ} (hk : k < m) : BorceaVariance.omissionConstant m k ^ 2 ≤ Real.exp ↑k
info: ManuscriptCheck.lean:279:0: BorceaVariance.omission_one_constant_bounds {m : ℕ} (hm : 2 ≤ m) :
  BorceaVariance.omissionConstant m 1 < 5 / 3 ∧ BorceaVariance.omissionConstant m 1 ^ 2 < 3
info: ManuscriptCheck.lean:281:0: BorceaVariance.omission_two_constant_bounds {m : ℕ} (hm : 3 ≤ m) :
  BorceaVariance.omissionConstant m 2 < 3 ∧ BorceaVariance.omissionConstant m 2 ^ 2 < 9
info: ManuscriptCheck.lean:283:0: BorceaVariance.convex_quadratic_majorant {S : Set ℝ} (hS : Convex ℝ S) (H : ℝ) {A : ℝ} (hA : 0 ≤ A) :
  ConvexOn ℝ S fun t => 1 - H * t - A * t * (1 - t)
info: ManuscriptCheck.lean:285:0: BorceaVariance.convex_linear_majorant {S : Set ℝ} (hS : Convex ℝ S) (κ : ℝ) : ConvexOn ℝ S fun t => 1 - (1 - κ) * t
info: ManuscriptCheck.lean:287:0: BorceaVariance.convex_nonnegative_rpow {S : Set ℝ} {f : ℝ → ℝ} (hf : ConvexOn ℝ S f) (hf0 : ∀ t ∈ S, 0 ≤ f t) {r : ℝ}
  (hr : 1 ≤ r) : ConvexOn ℝ S fun t => f t ^ r
info: ManuscriptCheck.lean:289:0: BorceaVariance.convex_positive_part {S : Set ℝ} {f : ℝ → ℝ} (hf : ConvexOn ℝ S f) : ConvexOn ℝ S fun t => max 0 (f t)
info: ManuscriptCheck.lean:291:0: BorceaVariance.convex_retained_base {S : Set ℝ} {f : ℝ → ℝ} (hf : ConvexOn ℝ S f) {M : ℝ} (hM : 1 < M) (δ : ℝ) :
  ConvexOn ℝ S fun t => max 0 ((M * f t - δ) / (M - 1))
info: ManuscriptCheck.lean:293:0: BorceaVariance.convex_retained_block_powers {S : Set ℝ} {f : ℝ → ℝ} (hf : ConvexOn ℝ S f) {M p q : ℝ} (hM : 1 < M)
  (hp : 1 ≤ p) (hq : 1 ≤ q) (δ : ℝ) :
  ConvexOn ℝ S fun t => max (max 0 ((M * f t - δ) / (M - 1)) ^ p) (max 0 ((M * f t - δ) / (M - 1)) ^ q)
info: ManuscriptCheck.lean:295:0: BorceaVariance.chord_one {f : ℝ → ℝ} {l u : ℝ} (hl : 0 ≤ l) (hlu : l ≤ u) (hf : ConvexOn ℝ (Set.Icc l u) f)
  (hc : ContinuousOn f (Set.Icc l u)) :
  ∫ (t : ℝ) in l..u, t * f t ≤ (u - l) * (2 * l + u) / 6 * f l + (u - l) * (l + 2 * u) / 6 * f u
info: ManuscriptCheck.lean:297:0: BorceaVariance.chord_two {f : ℝ → ℝ} {l u : ℝ} (hl : 0 ≤ l) (hlu : l ≤ u) (hf : ConvexOn ℝ (Set.Icc l u) f)
  (hc : ContinuousOn f (Set.Icc l u)) :
  ∫ (t : ℝ) in l..u, t ^ 2 * f t ≤
    (u - l) * (3 * l ^ 2 + 2 * l * u + u ^ 2) / 12 * f l + (u - l) * (l ^ 2 + 2 * l * u + 3 * u ^ 2) / 12 * f u
info: ManuscriptCheck.lean:299:0: BorceaVariance.le_min_of_separate_bounds {I U V : ℝ} (hU : I ≤ U) (hV : I ≤ V) : I ≤ min U V
info: ManuscriptCheck.lean:301:0: BorceaVariance.directMajorant_le_first_moment {m : ℕ} (hm : 0 < m) (q : Fin m → ℂ) (hq : ∀ (j : Fin m), ‖q j‖ ≤ 1)
  (a t : ℝ) : BorceaVariance.directMajorant q a t ≤ ↑m * BorceaVariance.factorMean q a t ^ (m - 1)
info: ManuscriptCheck.lean:303:0: BorceaVariance.direct_unit_bound {m : ℕ} (hm : 0 < m) (q : Fin m → ℂ) (hq : ∀ (j : Fin m), ‖q j‖ ≤ 1) {a t B L : ℝ}
  (hB : BorceaVariance.beta a (BorceaVariance.mean q) (BorceaVariance.secondMoment q) t ≤ B)
  (hL : BorceaVariance.factorMean q a t ≤ L) :
  BorceaVariance.directMajorant q a t ≤ ↑m * min (B ^ (↑(m - 1) / 2)) (L ^ (m - 1))
info: ManuscriptCheck.lean:305:0: BorceaVariance.direct_second_moment_bound {m : ℕ} (hm : 2 ≤ m) (q : Fin m → ℂ) {a t B L : ℝ}
  (hB : BorceaVariance.beta a (BorceaVariance.mean q) (BorceaVariance.secondMoment q) t ≤ B)
  (hL : BorceaVariance.factorMean q a t ≤ L) :
  BorceaVariance.directMajorant q a t ≤
    ↑m * BorceaVariance.secondMoment q *
      min (BorceaVariance.omissionConstant m 1 * B ^ (↑(m - 1) / 2))
        (BorceaVariance.omissionConstant m 1 ^ 2 * L ^ (m - 1))
info: ManuscriptCheck.lean:307:0: BorceaVariance.direct_bound {m : ℕ} (hm : 2 ≤ m) (q : Fin m → ℂ) (hq : ∀ (j : Fin m), ‖q j‖ ≤ 1) {a t B L : ℝ}
  (hB : BorceaVariance.beta a (BorceaVariance.mean q) (BorceaVariance.secondMoment q) t ≤ B)
  (hL : BorceaVariance.factorMean q a t ≤ L) :
  BorceaVariance.directMajorant q a t ≤
    ↑m *
      min (min 1 (BorceaVariance.omissionConstant m 1 * BorceaVariance.secondMoment q) * B ^ (↑(m - 1) / 2))
        (min 1 (BorceaVariance.omissionConstant m 1 ^ 2 * BorceaVariance.secondMoment q) * L ^ (m - 1))
info: ManuscriptCheck.lean:309:0: BorceaVariance.weighted_deleted_product_bound {m : ℕ} (hm : 0 < m) (q f : Fin m → ℂ) {B : ℝ}
  (hB : ∀ (j : Fin m), ‖∏ k ∈ Finset.univ.erase j, f k‖ ≤ B) :
  ∑ j, ‖q j‖ ^ 2 * ∏ k ∈ Finset.univ.erase j, ‖f k‖ ≤ ↑m * BorceaVariance.secondMoment q * B
info: ManuscriptCheck.lean:311:0: BorceaVariance.retained_factor_lower {m : ℕ} (q : Fin m → ℂ) (hq : ∀ (j : Fin m), ‖q j‖ ≤ 1) {a aUpper t u : ℝ}
  (ha : 0 ≤ a) (haUpper : a ≤ aUpper) (ht : 0 ≤ t) (htu : t ≤ u) (j : Fin m) :
  max 0 (1 - aUpper * u) ≤ ‖1 - ↑a * ↑t * q j‖
info: ManuscriptCheck.lean:313:0: BorceaVariance.direct_retained_bound {m : ℕ} (hm : 2 ≤ m) (q : Fin m → ℂ) (hq : ∀ (j : Fin m), ‖q j‖ ≤ 1)
  {a aUpper t u B L : ℝ} (ha : 0 ≤ a) (haUpper : a ≤ aUpper) (ht : 0 ≤ t) (htu : t ≤ u)
  (hB : BorceaVariance.beta a (BorceaVariance.mean q) (BorceaVariance.secondMoment q) t ≤ B)
  (hL : BorceaVariance.factorMean q a t ≤ L) :
  have δ := max 0 (1 - aUpper * u);
  BorceaVariance.directMajorant q a t ≤
    ↑m * BorceaVariance.secondMoment q *
      min (max 0 ((↑m * B - δ ^ 2) / ↑(m - 1)) ^ (↑(m - 1) / 2)) (max 0 ((↑m * L - δ) / ↑(m - 1)) ^ (m - 1))
info: ManuscriptCheck.lean:315:0: BorceaVariance.originErrorSum_norm_le_directMajorant {m : ℕ} (q : Fin m → ℂ) (a t : ℝ) :
  ‖QuadraticTangZhang.originErrorSum q a t‖ ≤ BorceaVariance.directMajorant q a t
info: ManuscriptCheck.lean:317:0: BorceaVariance.originProduct_endpoint_bound {m : ℕ} (hm : 0 < m) (q : Fin m → ℂ) (a : ℝ) {κ : ℝ}
  (hκ : BorceaVariance.factorMean q a 1 ≤ κ) : ‖BorceaVariance.originProduct q a 1‖ ≤ κ ^ m
info: ManuscriptCheck.lean:319:0: BorceaVariance.originRemainder_norm_le_direct_integral {m : ℕ} (q : Fin m → ℂ) (a : ℝ) :
  ‖BorceaVariance.originRemainder q a‖ ≤ a ^ 2 * ∫ (t : ℝ) in 0..1, t * BorceaVariance.directMajorant q a t
info: ManuscriptCheck.lean:321:0: BorceaVariance.origin_core_integral_bound {m : ℕ} (q : Fin m → ℂ) (a : ℝ) (J : ℂ)
  (horigin : ↑(m + 1) * ∫ (t : ℝ) in 0..1, BorceaVariance.originProduct q a t = (-1) ^ m * J) {C : ℝ}
  (hC : ‖↑a * BorceaVariance.mean q * J‖ ≤ C) :
  ‖↑m * ↑a * BorceaVariance.mean q * ∫ (t : ℝ) in 0..1, BorceaVariance.originProduct q a t‖ ≤ ↑m / ↑(m + 1) * C
info: ManuscriptCheck.lean:323:0: BorceaVariance.direct_integral_test {m : ℕ} (hm : 0 < m) (q : Fin m → ℂ) (a : ℝ) (J : ℂ)
  (horigin : ↑(m + 1) * ∫ (t : ℝ) in 0..1, BorceaVariance.originProduct q a t = (-1) ^ m * J) {κ C : ℝ}
  (hκ : BorceaVariance.factorMean q a 1 ≤ κ) (hC : ‖↑a * BorceaVariance.mean q * J‖ ≤ C) :
  1 ≤ κ ^ m + ↑m / ↑(m + 1) * C + a ^ 2 * ∫ (t : ℝ) in 0..1, t * BorceaVariance.directMajorant q a t
info: ManuscriptCheck.lean:325:0: BorceaVariance.binomial_beta_identity (k p j : ℕ) (hj : j ≤ p) :
  ↑(p.choose j) * ∫ (t : ℝ) in 0..1, t ^ (k + j) * (1 - t) ^ (p - j) =
    ↑((k + j).choose k) / (↑(k + p + 1) * ↑((k + p).choose k))
info: ManuscriptCheck.lean:327:0: BorceaVariance.binomial_linear_factor_expansion (p : ℕ) (d t : ℝ) :
  (1 - t + d * t) ^ p = ∑ j ∈ Finset.range (p + 1), ↑(p.choose j) * d ^ j * t ^ j * (1 - t) ^ (p - j)
info: ManuscriptCheck.lean:329:0: BorceaVariance.integral_polynomial_identity (k p : ℕ) (d : ℝ) :
  ∫ (t : ℝ) in 0..1, t ^ k * (1 - t + d * t) ^ p = BorceaVariance.integralPolynomial k p d
info: ManuscriptCheck.lean:331:0: BorceaVariance.integralPolynomial_nonneg (k p : ℕ) {d : ℝ} (hd : 0 ≤ d) : 0 ≤ BorceaVariance.integralPolynomial k p d
info: ManuscriptCheck.lean:333:0: BorceaVariance.power_sum_integral_relation {m k : ℕ} (hkm : k ≤ m) (d : ℝ) :
  (↑m + 1) * ↑(m.choose k) * BorceaVariance.integralPolynomial k (m - k) d = BorceaVariance.integralPowerSum k (m - k) d
info: ManuscriptCheck.lean:335:0: BorceaVariance.interpolationPolynomial_derivative.{u_1} {ι : Type u_1} [DecidableEq ι] (S : Finset ι) (D c : ℂ)
  (w : ι → ℂ) :
  Polynomial.derivative (BorceaVariance.interpolationPolynomial S D c w) =
    -Polynomial.C c * ∑ j ∈ S, Polynomial.C (w j) * BorceaVariance.interpolationPolynomial (S.erase j) D c w
info: ManuscriptCheck.lean:337:0: BorceaVariance.interpolationPolynomial_second_derivative.{u_1} {ι : Type u_1} [DecidableEq ι] (S : Finset ι) (D c : ℂ)
  (w : ι → ℂ) :
  Polynomial.derivative (Polynomial.derivative (BorceaVariance.interpolationPolynomial S D c w)) =
    Polynomial.C (c ^ 2) *
      ∑ j ∈ S,
        ∑ k ∈ S.erase j, Polynomial.C (w j * w k) * BorceaVariance.interpolationPolynomial ((S.erase j).erase k) D c w
info: ManuscriptCheck.lean:339:0: BorceaVariance.interpolationPolynomial_derivative_zero {m : ℕ} (w : Fin m → ℂ) (hw : ∑ j, w j = 0) (D c : ℂ) :
  Polynomial.eval 0 (Polynomial.derivative (BorceaVariance.interpolationPolynomial Finset.univ D c w)) = 0
info: ManuscriptCheck.lean:341:0: BorceaVariance.polynomial_taylor_second (P : Polynomial ℂ) :
  Polynomial.eval 1 P - Polynomial.eval 0 P - Polynomial.eval 0 (Polynomial.derivative P) =
    ∫ (θ : ℝ) in 0..1, (1 - ↑θ) * Polynomial.eval (↑θ) (Polynomial.derivative (Polynomial.derivative P))
info: ManuscriptCheck.lean:343:0: BorceaVariance.ordered_pair_norm_sum_bound {m : ℕ} (hm : 0 < m) (w : Fin m → ℂ) :
  ∑ j, ∑ k ∈ Finset.univ.erase j, ‖w j‖ * ‖w k‖ ≤ ↑(m - 1) * ∑ j, ‖w j‖ ^ 2
info: ManuscriptCheck.lean:345:0: BorceaVariance.centered_norm_le_factor_mean {m : ℕ} (hm : 0 < m) (w : Fin m → ℂ) (hw : ∑ j, w j = 0) (D : ℂ) (c : ℝ) :
  ↑m * ‖D‖ ≤ ∑ j, ‖D - ↑c * w j‖
info: ManuscriptCheck.lean:347:0: BorceaVariance.centered_interpolation_second_moment {m : ℕ} (w : Fin m → ℂ) (hw : ∑ j, w j = 0) (D : ℂ) (c : ℝ)
  {B θ : ℝ} (hB : ∑ j, ‖D - ↑c * w j‖ ^ 2 ≤ ↑m * B) (hθ : 0 ≤ θ) (hθ1 : θ ≤ 1) : ∑ j, ‖D - ↑c * ↑θ * w j‖ ^ 2 ≤ ↑m * B
info: ManuscriptCheck.lean:349:0: BorceaVariance.centered_interpolation_first_moment {m : ℕ} (hm : 0 < m) (w : Fin m → ℂ) (hw : ∑ j, w j = 0) (D : ℂ)
  (c : ℝ) {L θ : ℝ} (hL : ∑ j, ‖D - ↑c * w j‖ ≤ ↑m * L) (hθ : 0 ≤ θ) (hθ1 : θ ≤ 1) : ∑ j, ‖D - ↑c * ↑θ * w j‖ ≤ ↑m * L
info: ManuscriptCheck.lean:351:0: BorceaVariance.integral_beta_one (p : ℕ) : ∫ (t : ℝ) in 0..1, t * (1 - t) ^ p = 1 / ((↑p + 1) * (↑p + 2))
info: ManuscriptCheck.lean:353:0: BorceaVariance.integral_linear_power_upper (p : ℕ) {b : ℝ} (hb : 0 < b) (hb1 : b ≤ 1) :
  ∫ (t : ℝ) in 0..1, t * (1 - b * t) ^ p ≤ 1 / (b ^ 2 * (↑p + 1) * (↑p + 2))
info: ManuscriptCheck.lean:355:0: BorceaVariance.esymm_fin_card_pred {m : ℕ} (hm : 0 < m) (f : Fin m → ℝ) :
  (Multiset.map f Finset.univ.val).esymm (m - 1) = ∑ j, ∏ k ∈ Finset.univ.erase j, f k
info: ManuscriptCheck.lean:357:0: BorceaVariance.sum_deleted_prod_le_mean {m : ℕ} (hm : 0 < m) (f : Fin m → ℝ) (hf : ∀ (j : Fin m), 0 ≤ f j) :
  ∑ j, ∏ k ∈ Finset.univ.erase j, f k ≤ ↑m * ((∑ j, f j) / ↑m) ^ (m - 1)
info: ManuscriptCheck.lean:359:0: BorceaVariance.factorMean_nonneg {m : ℕ} (q : Fin m → ℂ) (a t : ℝ) : 0 ≤ BorceaVariance.factorMean q a t
info: ManuscriptCheck.lean:361:0: BorceaVariance.factorMean_sq_le_beta {m : ℕ} (hm : 0 < m) (q : Fin m → ℂ) (a t : ℝ) :
  BorceaVariance.factorMean q a t ^ 2 ≤ BorceaVariance.beta a (BorceaVariance.mean q) (BorceaVariance.secondMoment q) t
info: ManuscriptCheck.lean:363:0: BorceaVariance.factorMean_endpoint_sq_le {m : ℕ} (hm : 0 < m) (a : ℝ) (ζ : Fin m → ℂ)
  (hne : ∀ (j : Fin m), ↑a - ζ j ≠ 0) {V : ℝ} (hV : BorceaVariance.secondMoment ζ ≤ V) :
  BorceaVariance.factorMean (BorceaVariance.reciprocalFamily a ζ) a 1 ^ 2 ≤
    V * BorceaVariance.secondMoment (BorceaVariance.reciprocalFamily a ζ)
info: ManuscriptCheck.lean:365:0: BorceaVariance.factorMean_endpoint_le_kappa {m : ℕ} (hm : 0 < m) (a : ℝ) (ζ : Fin m → ℂ)
  (hne : ∀ (j : Fin m), ↑a - ζ j ≠ 0) {V κ : ℝ} (hV : BorceaVariance.secondMoment ζ ≤ V) (hκ : 0 ≤ κ)
  (hκ2 :
    min
        (BorceaVariance.beta a (BorceaVariance.mean (BorceaVariance.reciprocalFamily a ζ))
          (BorceaVariance.secondMoment (BorceaVariance.reciprocalFamily a ζ)) 1)
        (V * BorceaVariance.secondMoment (BorceaVariance.reciprocalFamily a ζ)) ≤
      κ ^ 2) :
  BorceaVariance.factorMean (BorceaVariance.reciprocalFamily a ζ) a 1 ≤ κ
info: ManuscriptCheck.lean:367:0: BorceaVariance.factorMean_endpoint_sqrt_bound {m : ℕ} (hm : 0 < m) (a : ℝ) (ζ : Fin m → ℂ)
  (hne : ∀ (j : Fin m), ↑a - ζ j ≠ 0) {V : ℝ} (hV : BorceaVariance.secondMoment ζ ≤ V) :
  BorceaVariance.factorMean (BorceaVariance.reciprocalFamily a ζ) a 1 ≤
    √(min
        (BorceaVariance.beta a (BorceaVariance.mean (BorceaVariance.reciprocalFamily a ζ))
          (BorceaVariance.secondMoment (BorceaVariance.reciprocalFamily a ζ)) 1)
        (V * BorceaVariance.secondMoment (BorceaVariance.reciprocalFamily a ζ)))
info: ManuscriptCheck.lean:369:0: BorceaVariance.factorMean_linear_majorant {m : ℕ} (hm : 0 < m) (q : Fin m → ℂ) (a : ℝ) {κ t : ℝ}
  (hκ : BorceaVariance.factorMean q a 1 ≤ κ) (ht : 0 ≤ t) (ht1 : t ≤ 1) :
  BorceaVariance.factorMean q a t ≤ 1 - (1 - κ) * t
info: ManuscriptCheck.lean:371:0: BorceaVariance.originProduct_norm_le_second_moment {m : ℕ} (hm : 0 < m) (q : Fin m → ℂ) (a t : ℝ) :
  ‖BorceaVariance.originProduct q a t‖ ≤
    BorceaVariance.beta a (BorceaVariance.mean q) (BorceaVariance.secondMoment q) t ^ (↑m / 2)
info: ManuscriptCheck.lean:373:0: BorceaVariance.omissionConstant_nonneg (m k : ℕ) : 0 ≤ BorceaVariance.omissionConstant m k
info: ManuscriptCheck.lean:375:0: BorceaVariance.omissionConstant_sq (m k : ℕ) : BorceaVariance.omissionConstant m k ^ 2 = (↑m / ↑(m - k)) ^ (m - k)
info: ManuscriptCheck.lean:377:0: BorceaVariance.pow_le_rpow_half_of_sq_le {x B : ℝ} (hx : 0 ≤ x) (h : x ^ 2 ≤ B) (k : ℕ) : x ^ k ≤ B ^ (↑k / 2)
info: ManuscriptCheck.lean:379:0: BorceaVariance.norm_subproduct_le_second_moment {m k : ℕ} (hk : k < m) (f : Fin m → ℂ) (S : Finset (Fin m))
  (hcard : S.card = m - k) {B : ℝ} (hB : 0 ≤ B) (hmean : ∑ j, ‖f j‖ ^ 2 ≤ ↑m * B) :
  ‖∏ j ∈ S, f j‖ ≤ BorceaVariance.omissionConstant m k * B ^ (↑(m - k) / 2)
info: ManuscriptCheck.lean:381:0: BorceaVariance.norm_subproduct_le_first_moment {m k : ℕ} (hk : k < m) (f : Fin m → ℂ) (S : Finset (Fin m))
  (hcard : S.card = m - k) {L : ℝ} (hL : 0 ≤ L) (hmean : ∑ j, ‖f j‖ ≤ ↑m * L) :
  ‖∏ j ∈ S, f j‖ ≤ BorceaVariance.omissionConstant m k ^ 2 * L ^ (m - k)
info: ManuscriptCheck.lean:383:0: BorceaVariance.normalized_direct_integral_test {n : ℕ} (hn : 2 ≤ n) (Cex : BorceaVariance.NormalizedCounterexample n)
  (z ζ : Fin (n - 1) → ℂ)
  (hz : Cex.polynomial = (Polynomial.X - Polynomial.C ↑Cex.distinguished) * ∏ j, (Polynomial.X - Polynomial.C (z j)))
  (hζ : ↑(List.ofFn ζ) = (Polynomial.derivative Cex.polynomial).roots) {κ Cbound : ℝ}
  (hκ : BorceaVariance.factorMean (BorceaVariance.reciprocalFamily Cex.distinguished ζ) Cex.distinguished 1 ≤ κ)
  (hC :
    ‖↑Cex.distinguished * BorceaVariance.mean (BorceaVariance.reciprocalFamily Cex.distinguished ζ) *
          BorceaVariance.jointProduct z (BorceaVariance.reciprocalFamily Cex.distinguished ζ)‖ ≤
      Cbound) :
  1 ≤
    κ ^ (n - 1) + ↑(n - 1) / ↑n * Cbound +
      Cex.distinguished ^ 2 *
        ∫ (t : ℝ) in 0..1,
          t * BorceaVariance.directMajorant (BorceaVariance.reciprocalFamily Cex.distinguished ζ) Cex.distinguished t
info: ManuscriptCheck.lean:385:0: BorceaVariance.normalized_absolute_integral_test {n : ℕ} (hn : 2 ≤ n) (Cex : BorceaVariance.NormalizedCounterexample n)
  (z ζ : Fin (n - 1) → ℂ)
  (hz : Cex.polynomial = (Polynomial.X - Polynomial.C ↑Cex.distinguished) * ∏ j, (Polynomial.X - Polynomial.C (z j)))
  (hζ : ↑(List.ofFn ζ) = (Polynomial.derivative Cex.polynomial).roots) {Cbound : ℝ}
  (hC :
    ‖↑Cex.distinguished * BorceaVariance.mean (BorceaVariance.reciprocalFamily Cex.distinguished ζ) *
          BorceaVariance.jointProduct z (BorceaVariance.reciprocalFamily Cex.distinguished ζ)‖ ≤
      Cbound)
  (U : ℝ → ℝ) (hi : IntervalIntegrable (fun t => t ^ 2 * U t) MeasureTheory.volume 0 1)
  (hU :
    ∀ t ∈ Set.Icc 0 1,
      ‖BorceaVariance.centeredError (BorceaVariance.reciprocalFamily Cex.distinguished ζ) Cex.distinguished t‖ ≤
        Cex.distinguished ^ 2 * t ^ 2 *
            BorceaVariance.centeredVariance (BorceaVariance.reciprocalFamily Cex.distinguished ζ) *
          U t) :
  have q := BorceaVariance.reciprocalFamily Cex.distinguished ζ;
  1 ≤
    Cbound + ((1 - 1 / (↑n - 1)) * BorceaVariance.centeredVariance q) ^ (↑n / 2) +
      BorceaVariance.centerIntegralCoefficient (n - 1) Cex.distinguished ‖BorceaVariance.mean q‖ U *
        BorceaVariance.centeredVariance q
info: ManuscriptCheck.lean:387:0: BorceaVariance.normalized_ratio_integral_test {n : ℕ} (hn : 2 ≤ n) (Cex : BorceaVariance.NormalizedCounterexample n)
  (z ζ : Fin (n - 1) → ℂ)
  (hz : Cex.polynomial = (Polynomial.X - Polynomial.C ↑Cex.distinguished) * ∏ j, (Polynomial.X - Polynomial.C (z j)))
  (henergy : Cex.distinguished ^ 2 + ∑ j, ‖z j‖ ^ 2 = ↑n)
  (hζ : ↑(List.ofFn ζ) = (Polynomial.derivative Cex.polynomial).roots) (U : ℝ → ℝ)
  (hi : IntervalIntegrable (fun t => t ^ 2 * U t) MeasureTheory.volume 0 1) (hU0 : ∀ t ∈ Set.Icc 0 1, 0 ≤ U t)
  (hU :
    ∀ t ∈ Set.Icc 0 1,
      ‖BorceaVariance.centeredError (BorceaVariance.reciprocalFamily Cex.distinguished ζ) Cex.distinguished t‖ ≤
        Cex.distinguished ^ 2 * t ^ 2 *
            BorceaVariance.centeredVariance (BorceaVariance.reciprocalFamily Cex.distinguished ζ) *
          U t) :
  have q := BorceaVariance.reciprocalFamily Cex.distinguished ζ;
  1 ≤
    (1 + ‖BorceaVariance.mean q‖) *
      ((1 - 1 / (↑n - 1)) ^ (↑n / 2) * (1 - ‖BorceaVariance.mean q‖ ^ 2) ^ (↑(n - 2) / 2) +
        BorceaVariance.centerIntegralCoefficient (n - 1) Cex.distinguished ‖BorceaVariance.mean q‖ U)
info: ManuscriptCheck.lean:389:0: BorceaVariance.ratio_scalar_test {n : ℕ} (hn : 2 ≤ n) {r v V K : ℝ} (hr : 0 ≤ r) (hr1 : r < 1) (hv : 0 ≤ v)
  (hv1 : v ≤ 1 - r ^ 2) (hV : 0 ≤ V) (hK : 0 ≤ K) (h : 1 ≤ r + (V * v) ^ (↑n / 2) + K * v) :
  1 ≤ (1 + r) * (V ^ (↑n / 2) * (1 - r ^ 2) ^ (↑(n - 2) / 2) + K)
info: ManuscriptCheck.lean:391:0: BorceaVariance.normalized_core_product_le_mean {n : ℕ} (hn : 2 ≤ n) (Cex : BorceaVariance.NormalizedCounterexample n)
  (z q : Fin (n - 1) → ℂ) (henergy : Cex.distinguished ^ 2 + ∑ j, ‖z j‖ ^ 2 = ↑n)
  (hq : ∀ (j : Fin (n - 1)), ‖q j‖ ≤ 1) :
  ‖↑Cex.distinguished * BorceaVariance.mean q * BorceaVariance.jointProduct z q‖ ≤ ‖BorceaVariance.mean q‖
info: ManuscriptCheck.lean:393:0: BorceaVariance.norm_prod_le_first_moment.{u_1} {ι : Type u_1} (s : Finset ι) (hs : 0 < s.card) (f : ι → ℂ) {L : ℝ}
  (hL : 0 ≤ L) (hmean : ∑ j ∈ s, ‖f j‖ ≤ ↑s.card * L) : ‖∏ j ∈ s, f j‖ ≤ L ^ s.card
info: ManuscriptCheck.lean:395:0: BorceaVariance.retained_deleted_second_moment {m : ℕ} (hm : 2 ≤ m) (f : Fin m → ℂ) {B δ : ℝ} (hδ : 0 ≤ δ)
  (hmean : ∑ j, ‖f j‖ ^ 2 ≤ ↑m * B) (hret : ∀ (j : Fin m), δ ≤ ‖f j‖) (j : Fin m) :
  ‖∏ k ∈ Finset.univ.erase j, f k‖ ≤ max 0 ((↑m * B - δ ^ 2) / ↑(m - 1)) ^ (↑(m - 1) / 2)
info: ManuscriptCheck.lean:397:0: BorceaVariance.retained_deleted_first_moment {m : ℕ} (hm : 2 ≤ m) (f : Fin m → ℂ) {L δ : ℝ}
  (hmean : ∑ j, ‖f j‖ ≤ ↑m * L) (hret : ∀ (j : Fin m), δ ≤ ‖f j‖) (j : Fin m) :
  ‖∏ k ∈ Finset.univ.erase j, f k‖ ≤ max 0 ((↑m * L - δ) / ↑(m - 1)) ^ (m - 1)
info: ManuscriptCheck.lean:399:0: BorceaVariance.large_degree_remainder_coefficient {x : ℝ} (hx : 100000 ≤ x) : 4 * x / (x - 1) ^ 2 ≤ 5 / 100000
info: ManuscriptCheck.lean:401:0: BorceaVariance.remainder_gap_to_H {a : ℝ} (ha : 0 < a) (m : ℕ) :
  4 * ↑m * a ^ 2 / (↑(m - 1) ^ 2 * BorceaVariance.largeDegreeGap a ^ 2) =
    4 * ↑m / ↑(m - 1) ^ 2 * BorceaVariance.largeDegreeH a
info: ManuscriptCheck.lean:403:0: BorceaVariance.normalized_away_estimates {n : ℕ} (hn : 100001 ≤ n) (Cex : BorceaVariance.NormalizedCounterexample n)
  (ha : 1 / 10 ≤ Cex.distinguished) (ha2 : Cex.distinguished ≤ 2) (ζ : Fin (n - 1) → ℂ)
  (hζ : ↑(List.ofFn ζ) = (Polynomial.derivative Cex.polynomial).roots) :
  have q := BorceaVariance.reciprocalFamily Cex.distinguished ζ;
  ‖BorceaVariance.originProduct q Cex.distinguished 1‖ < 1 / 1000 ∧
    ‖BorceaVariance.originRemainder q Cex.distinguished‖ ≤ 5 * BorceaVariance.largeDegreeH Cex.distinguished / 100000
info: ManuscriptCheck.lean:405:0: BorceaVariance.no_normalized_counterexample_large_away {n : ℕ} (hn : 100001 ≤ n)
  (Cex : BorceaVariance.NormalizedCounterexample n) (ha : 1 / 10 ≤ Cex.distinguished) (ha2 : Cex.distinguished ≤ 2)
  (haway : Cex.distinguished ≤ 3 / 4 ∨ 5 / 4 ≤ Cex.distinguished) : False
info: ManuscriptCheck.lean:407:0: BorceaVariance.normalized_critical_secondMoment_le_one {n : ℕ} (hn : 2 ≤ n)
  (Cex : BorceaVariance.NormalizedCounterexample n) (ζ : Fin (n - 1) → ℂ)
  (hζ : ↑(List.ofFn ζ) = (Polynomial.derivative Cex.polynomial).roots) : BorceaVariance.secondMoment ζ ≤ 1
info: ManuscriptCheck.lean:409:0: BorceaVariance.normalized_core_product_le_psi {n : ℕ} (hn : 2 ≤ n) (Cex : BorceaVariance.NormalizedCounterexample n)
  (z q : Fin (n - 1) → ℂ) (henergy : Cex.distinguished ^ 2 + ∑ j, ‖z j‖ ^ 2 = ↑n) (hq : ∀ (j : Fin (n - 1)), ‖q j‖ ≤ 1)
  (hs : BorceaVariance.secondMoment q ≤ 1) :
  ‖↑Cex.distinguished * BorceaVariance.mean q * BorceaVariance.jointProduct z q‖ ≤ BorceaVariance.Psi Cex.distinguished
info: ManuscriptCheck.lean:411:0: BorceaVariance.direct_norm_test {m : ℕ} (hm : 0 < m) (q : Fin m → ℂ) (a : ℝ) (J : ℂ)
  (horigin : ↑(m + 1) * ∫ (t : ℝ) in 0..1, BorceaVariance.originProduct q a t = (-1) ^ m * J) {Cbound : ℝ}
  (hC : ‖↑a * BorceaVariance.mean q * J‖ ≤ Cbound) :
  1 ≤ ‖BorceaVariance.originProduct q a 1‖ + ↑m / ↑(m + 1) * Cbound + ‖BorceaVariance.originRemainder q a‖
info: ManuscriptCheck.lean:413:0: BorceaVariance.normalized_large_direct {n : ℕ} (hn : 2 ≤ n) (Cex : BorceaVariance.NormalizedCounterexample n)
  (ζ : Fin (n - 1) → ℂ) (hζ : ↑(List.ofFn ζ) = (Polynomial.derivative Cex.polynomial).roots) :
  have q := BorceaVariance.reciprocalFamily Cex.distinguished ζ;
  1 ≤
    ‖BorceaVariance.originProduct q Cex.distinguished 1‖ + BorceaVariance.Psi Cex.distinguished +
      ‖BorceaVariance.originRemainder q Cex.distinguished‖
info: ManuscriptCheck.lean:415:0: BorceaVariance.central_endpoint_bound {m : ℕ} (hm : 100000 ≤ m) {r v : ℝ} (hr : 6 / 25 ≤ r) (hv : 0 ≤ v)
  (hv1 : v ≤ 1 - r ^ 2) : v ^ (↑(m + 1) / 2) ≤ (1 - r) / 5
info: ManuscriptCheck.lean:417:0: BorceaVariance.no_normalized_counterexample_large_central {n : ℕ} (hn : 100001 ≤ n)
  (Cex : BorceaVariance.NormalizedCounterexample n) (ha : 3 / 4 ≤ Cex.distinguished) (ha1 : Cex.distinguished ≤ 5 / 4) :
  False
info: ManuscriptCheck.lean:419:0: BorceaVariance.central_first_coefficient {x : ℝ} (hx : 100000 ≤ x) :
  78125 / 9 * (x + 1) * x / (x - 1) ^ 3 ≤ 10000 / x ∧ 10000 / x ≤ 1 / 10
info: ManuscriptCheck.lean:421:0: BorceaVariance.central_B_power {m : ℕ} (hm : 100000 ≤ m) : (589 / 625) ^ (↑(m - 2) / 2) ≤ Real.exp (-↑m / 40)
info: ManuscriptCheck.lean:423:0: BorceaVariance.central_second_coefficient {x : ℝ} (hx : 100000 ≤ x) :
  2 * (x + 1) * x ^ 2 * Real.exp (-x / 40) ≤ 6 * 10 ^ 12 / x ^ 3 ∧ 6 * 10 ^ 12 / x ^ 3 < 1 / 10
info: ManuscriptCheck.lean:425:0: BorceaVariance.central_endpoint_power {m : ℕ} (hm : 100000 ≤ m) : (589 / 625) ^ (↑(m - 1) / 2) ≤ 1 / 10
info: ManuscriptCheck.lean:427:0: BorceaVariance.central_real_part_lower {m : ℕ} (hm : 0 < m) {a : ℝ} (ha : 3 / 4 ≤ a) (ha1 : a ≤ 5 / 4) (ζ : Fin m → ℂ)
  (hcenter : ∑ j, ζ j = 0) (hfar : ∀ (j : Fin m), 1 < ‖↑a - ζ j‖) (hV : BorceaVariance.secondMoment ζ ≤ 1) :
  6 / 25 ≤ (BorceaVariance.mean (BorceaVariance.reciprocalFamily a ζ)).re
info: ManuscriptCheck.lean:429:0: BorceaVariance.central_beta_bounds {m : ℕ} (hm : 0 < m) {a : ℝ} (ha : 3 / 4 ≤ a) (ha1 : a ≤ 5 / 4) (ζ : Fin m → ℂ)
  (hcenter : ∑ j, ζ j = 0) (hfar : ∀ (j : Fin m), 1 < ‖↑a - ζ j‖) (hV : BorceaVariance.secondMoment ζ ≤ 1) :
  have q := BorceaVariance.reciprocalFamily a ζ;
  6 / 25 ≤ ‖BorceaVariance.mean q‖ ∧
    9 / 25 ≤ a ^ 2 * BorceaVariance.secondMoment q ∧
      (∀ t ∈ Set.Icc 0 (1 / 2),
          BorceaVariance.beta a (BorceaVariance.mean q) (BorceaVariance.secondMoment q) t ≤ 1 - t / 5) ∧
        ∀ t ∈ Set.Icc (1 / 2) 1,
          BorceaVariance.beta a (BorceaVariance.mean q) (BorceaVariance.secondMoment q) t ≤ 589 / 625
info: ManuscriptCheck.lean:431:0: BorceaVariance.central_center_factor_lower {m : ℕ} (q : Fin m → ℂ) {a t : ℝ} (ha : 0 ≤ a) (ha1 : a ≤ 5 / 4)
  (hr : ‖BorceaVariance.mean q‖ ≤ 1) (ht : 0 ≤ t) (ht1 : t ≤ 1 / 2) : 3 / 8 ≤ ‖1 - ↑a * ↑t * BorceaVariance.mean q‖
info: ManuscriptCheck.lean:433:0: BorceaVariance.centeredError_continuous {m : ℕ} (q : Fin m → ℂ) (a : ℝ) : Continuous (BorceaVariance.centeredError q a)
info: ManuscriptCheck.lean:435:0: BorceaVariance.central_first_integral_bound {m : ℕ} (hm : 100000 ≤ m) (q : Fin m → ℂ) {a : ℝ} (ha : 0 ≤ a)
  (ha1 : a ≤ 5 / 4) (hr : ‖BorceaVariance.mean q‖ ≤ 1)
  (hβ :
    ∀ t ∈ Set.Icc 0 (1 / 2),
      BorceaVariance.beta a (BorceaVariance.mean q) (BorceaVariance.secondMoment q) t ≤ 1 - t / 5) :
  (↑m + 1) * a * ‖BorceaVariance.mean q‖ * ∫ (t : ℝ) in 0..1 / 2, ‖BorceaVariance.centeredError q a t‖ ≤
    BorceaVariance.centeredVariance q / 10
info: ManuscriptCheck.lean:437:0: BorceaVariance.central_second_integral_bound {m : ℕ} (hm : 100000 ≤ m) (q : Fin m → ℂ) {a : ℝ} (ha : 0 ≤ a)
  (ha1 : a ≤ 5 / 4) (hr : ‖BorceaVariance.mean q‖ ≤ 1)
  (hβ :
    ∀ t ∈ Set.Icc (1 / 2) 1,
      BorceaVariance.beta a (BorceaVariance.mean q) (BorceaVariance.secondMoment q) t ≤ 589 / 625) :
  (↑m + 1) * a * ‖BorceaVariance.mean q‖ * ∫ (t : ℝ) in 1 / 2..1, ‖BorceaVariance.centeredError q a t‖ ≤
    BorceaVariance.centeredVariance q / 10
info: ManuscriptCheck.lean:439:0: BorceaVariance.central_centered_integral_bound {m : ℕ} (hm : 100000 ≤ m) (q : Fin m → ℂ) {a : ℝ} (ha : 0 ≤ a)
  (ha1 : a ≤ 5 / 4) (hr : ‖BorceaVariance.mean q‖ ≤ 1)
  (hβ1 :
    ∀ t ∈ Set.Icc 0 (1 / 2),
      BorceaVariance.beta a (BorceaVariance.mean q) (BorceaVariance.secondMoment q) t ≤ 1 - t / 5)
  (hβ2 :
    ∀ t ∈ Set.Icc (1 / 2) 1,
      BorceaVariance.beta a (BorceaVariance.mean q) (BorceaVariance.secondMoment q) t ≤ 589 / 625) :
  (↑m + 1) * a * ‖BorceaVariance.mean q‖ * ‖∫ (t : ℝ) in 0..1, BorceaVariance.centeredError q a t‖ ≤
    BorceaVariance.centeredVariance q / 5
info: ManuscriptCheck.lean:441:0: BorceaVariance.centeredError_factor_order {m : ℕ} (q : Fin m → ℂ) (a t : ℝ) :
  BorceaVariance.centeredError q a t = BorceaVariance.originProduct q a t - (1 - ↑a * ↑t * BorceaVariance.mean q) ^ m
info: ManuscriptCheck.lean:443:0: BorceaVariance.central_first_pointwise {m : ℕ} (hm : 2 ≤ m) (q : Fin m → ℂ) {a t : ℝ} (ha : 0 ≤ a) (ha1 : a ≤ 5 / 4)
  (hr : ‖BorceaVariance.mean q‖ ≤ 1) (ht : 0 ≤ t) (ht1 : t ≤ 1 / 2)
  (hβ : BorceaVariance.beta a (BorceaVariance.mean q) (BorceaVariance.secondMoment q) t ≤ 1 - t / 5) :
  (↑m + 1) * a * ‖BorceaVariance.mean q‖ * ‖BorceaVariance.centeredError q a t‖ ≤
    625 / 144 * (↑m + 1) * ↑m * BorceaVariance.centeredVariance q * (t ^ 2 * Real.exp (-↑(m - 1) * t / 10))
info: ManuscriptCheck.lean:445:0: BorceaVariance.central_second_pointwise {m : ℕ} (hm : 3 ≤ m) (q : Fin m → ℂ) {a t B : ℝ} (ha : 0 ≤ a) (ha1 : a ≤ 5 / 4)
  (hr : ‖BorceaVariance.mean q‖ ≤ 1)
  (hβ : BorceaVariance.beta a (BorceaVariance.mean q) (BorceaVariance.secondMoment q) t ≤ B) :
  (↑m + 1) * a * ‖BorceaVariance.mean q‖ * ‖BorceaVariance.centeredError q a t‖ ≤
    3 * (↑m + 1) * ↑m ^ 2 * BorceaVariance.centeredVariance q * t ^ 2 * B ^ (↑(m - 2) / 2)
info: ManuscriptCheck.lean:447:0: BorceaVariance.originProduct_exp_bound {m : ℕ} (hm : 0 < m) (q : Fin m → ℂ) (a : ℝ) {g : ℝ}
  (hbeta : BorceaVariance.beta a (BorceaVariance.mean q) (BorceaVariance.secondMoment q) 1 ≤ 1 - g) :
  ‖BorceaVariance.originProduct q a 1‖ ≤ Real.exp (-↑m * g / 2)
info: ManuscriptCheck.lean:449:0: BorceaVariance.originRemainder_exp_bound {m : ℕ} (hm : 2 ≤ m) (q : Fin m → ℂ) (hq : ∀ (j : Fin m), ‖q j‖ ≤ 1) (a : ℝ)
  {g : ℝ} (hg : 0 < g)
  (hbeta :
    ∀ t ∈ Set.Icc 0 1, BorceaVariance.beta a (BorceaVariance.mean q) (BorceaVariance.secondMoment q) t ≤ 1 - g * t) :
  ‖BorceaVariance.originRemainder q a‖ ≤ 4 * ↑m * a ^ 2 / (↑(m - 1) ^ 2 * g ^ 2)
info: ManuscriptCheck.lean:451:0: BorceaVariance.reciprocal_real_part_lower {m : ℕ} (hm : 0 < m) {a : ℝ} (ha : 0 < a) (ζ : Fin m → ℂ)
  (hcenter : ∑ j, ζ j = 0) (hfar : ∀ (j : Fin m), 1 < ‖↑a - ζ j‖) (hV : BorceaVariance.secondMoment ζ ≤ 1) :
  a / (2 * (1 + a ^ 2)) ≤ (BorceaVariance.mean (BorceaVariance.reciprocalFamily a ζ)).re
info: ManuscriptCheck.lean:453:0: BorceaVariance.largeDegreeGap_pos {a : ℝ} (ha : 0 < a) : 0 < BorceaVariance.largeDegreeGap a
info: ManuscriptCheck.lean:455:0: BorceaVariance.reciprocal_beta_linear_gap {m : ℕ} (hm : 0 < m) (a : ℝ) (ζ : Fin m → ℂ) (hcenter : ∑ j, ζ j = 0)
  (hfar : ∀ (j : Fin m), 1 < ‖↑a - ζ j‖) (hV : BorceaVariance.secondMoment ζ ≤ 1) {g t : ℝ}
  (hg : g ≤ ‖BorceaVariance.mean (BorceaVariance.reciprocalFamily a ζ)‖ ^ 2) (ht : 0 ≤ t) (ht1 : t ≤ 1) :
  BorceaVariance.beta a (BorceaVariance.mean (BorceaVariance.reciprocalFamily a ζ))
      (BorceaVariance.secondMoment (BorceaVariance.reciprocalFamily a ζ)) t ≤
    1 - g * t
info: ManuscriptCheck.lean:457:0: BorceaVariance.reciprocal_beta_largeDegreeGap {m : ℕ} (hm : 0 < m) {a : ℝ} (ha : 0 < a) (ζ : Fin m → ℂ)
  (hcenter : ∑ j, ζ j = 0) (hfar : ∀ (j : Fin m), 1 < ‖↑a - ζ j‖) (hV : BorceaVariance.secondMoment ζ ≤ 1) {t : ℝ}
  (ht : 0 ≤ t) (ht1 : t ≤ 1) :
  BorceaVariance.beta a (BorceaVariance.mean (BorceaVariance.reciprocalFamily a ζ))
      (BorceaVariance.secondMoment (BorceaVariance.reciprocalFamily a ζ)) t ≤
    1 - BorceaVariance.largeDegreeGap a * t
info: ManuscriptCheck.lean:459:0: BorceaVariance.largeDegreeGap_ge_one_five_hundred {a : ℝ} (ha : 1 / 10 ≤ a) (ha2 : a ≤ 2) :
  1 / 500 ≤ BorceaVariance.largeDegreeGap a
info: ManuscriptCheck.lean:461:0: BorceaVariance.large_a_moment_bounds {a s : ℝ} (μ : ℂ) (ha : 2 ≤ a) (hs : 0 ≤ s) (hmean : ‖μ‖ ^ 2 ≤ s) (hr : ‖μ‖ ≤ 1)
  (hA : ‖μ - ↑a‖ ^ 2 ≤ a ^ 2 * (1 - s)) : s ≤ 3 / 4 ∧ a ^ 2 * s ≤ 4
info: ManuscriptCheck.lean:463:0: BorceaVariance.no_normalized_counterexample_large_a_ge_two {n : ℕ} (hn : 100001 ≤ n)
  (Cex : BorceaVariance.NormalizedCounterexample n) (ha : 2 ≤ Cex.distinguished) : False
info: ManuscriptCheck.lean:465:0: BorceaVariance.small_a_remainder_coefficient {x : ℝ} (hx : 100000 ≤ x) : 25 * x / (4 * (x - 1) ^ 2) ≤ 8 / x
info: ManuscriptCheck.lean:467:0: BorceaVariance.small_a_remainder_algebra {a : ℝ} (ha : 0 < a) (m : ℕ) :
  4 * ↑m * a ^ 2 / (↑(m - 1) ^ 2 * (4 / 5 * a ^ 2) ^ 2) = 25 * ↑m / (4 * ↑(m - 1) ^ 2) / a ^ 2
info: ManuscriptCheck.lean:469:0: BorceaVariance.no_normalized_counterexample_large_small_a {n : ℕ} (hn : 100001 ≤ n)
  (Cex : BorceaVariance.NormalizedCounterexample n) (ha1 : Cex.distinguished ≤ 1 / 10) : False
info: ManuscriptCheck.lean:471:0: BorceaVariance.normalized_degree_log_bound {n : ℕ} (hn : 2 ≤ n) (Cex : BorceaVariance.NormalizedCounterexample n) :
  2 * Real.log ↑n - 1 < ↑(n - 1) * Cex.distinguished ^ 2
info: ManuscriptCheck.lean:473:0: BorceaVariance.log_degree_gt_ten {n : ℕ} (hn : 100001 ≤ n) : 10 < Real.log ↑n
info: ManuscriptCheck.lean:475:0: BorceaVariance.normalized_small_a_degree {n : ℕ} (hn : 100001 ≤ n) (Cex : BorceaVariance.NormalizedCounterexample n) :
  19 < ↑(n - 1) * Cex.distinguished ^ 2
info: ManuscriptCheck.lean:477:0: BorceaVariance.small_a_real_part_lower {m : ℕ} (hm : 0 < m) {a : ℝ} (ha : 0 ≤ a) (ha1 : a ≤ 1 / 10) (ζ : Fin m → ℂ)
  (hcenter : ∑ j, ζ j = 0) (hfar : ∀ (j : Fin m), 1 < ‖↑a - ζ j‖) (hV : BorceaVariance.secondMoment ζ ≤ 1) :
  9 / 10 * a ≤ (BorceaVariance.mean (BorceaVariance.reciprocalFamily a ζ)).re
info: ManuscriptCheck.lean:479:0: BorceaVariance.large_degree_exponential_comparisons :
  Real.exp (3 / 8) < 3 / 2 ∧
    Real.exp (7 / 32) < 19 / 15 ∧ 25 / 19 < Real.exp (9 / 32) ∧ 30 / 17 < Real.exp (5 / 8) ∧ Real.exp (99 / 200) < 5 / 3
info: ManuscriptCheck.lean:481:0: BorceaVariance.psi_table_endpoints :
  BorceaVariance.Psi (1 / 2) < 3 / 4 ∧
    BorceaVariance.Psi (3 / 4) < 19 / 20 ∧
      BorceaVariance.Psi (5 / 4) < 19 / 20 ∧ BorceaVariance.Psi (3 / 2) < 17 / 20 ∧ BorceaVariance.Psi (1 / 10) < 1 / 6
info: ManuscriptCheck.lean:483:0: BorceaVariance.psi_away_table {a : ℝ} :
  (1 / 10 ≤ a ∧ a ≤ 1 / 2 → BorceaVariance.Psi a < 3 / 4) ∧
    (1 / 2 ≤ a ∧ a ≤ 3 / 4 → BorceaVariance.Psi a < 19 / 20) ∧
      (5 / 4 ≤ a ∧ a ≤ 3 / 2 → BorceaVariance.Psi a < 19 / 20) ∧ (3 / 2 ≤ a ∧ a ≤ 2 → BorceaVariance.Psi a < 17 / 20)
info: ManuscriptCheck.lean:485:0: BorceaVariance.exp_neg_hundred_lt : Real.exp (-100) < 1 / 1000
info: ManuscriptCheck.lean:487:0: BorceaVariance.exp_neg_small_a_lt : Real.exp (-(38 / 5)) < 1 / 100
info: ManuscriptCheck.lean:489:0: BorceaVariance.largeDegreeH_interval_bound {a lo hi K : ℝ} (ha0 : 0 < a) (hlo : 0 ≤ lo) (ha : a ^ 2 ∈ Set.Icc lo hi)
  (hl : 16 * (1 + lo) ^ 4 ≤ K * lo) (hr : 16 * (1 + hi) ^ 4 ≤ K * hi) : BorceaVariance.largeDegreeH a ≤ K
info: ManuscriptCheck.lean:491:0: BorceaVariance.largeDegreeH_table {a : ℝ} :
  (1 / 10 ≤ a ∧ a ≤ 1 / 2 → BorceaVariance.largeDegreeH a ≤ 1665) ∧
    (1 / 2 ≤ a ∧ a ≤ 3 / 4 → BorceaVariance.largeDegreeH a ≤ 170) ∧
      (5 / 4 ≤ a ∧ a ≤ 3 / 2 → BorceaVariance.largeDegreeH a ≤ 794) ∧
        (3 / 2 ≤ a ∧ a ≤ 2 → BorceaVariance.largeDegreeH a ≤ 2500)
info: ManuscriptCheck.lean:493:0: BorceaVariance.no_normalized_counterexample_large {n : ℕ} (hn : 100001 ≤ n)
  (Cex : BorceaVariance.NormalizedCounterexample n) : False
info: ManuscriptCheck.lean:495:0: BorceaVariance.large_degree_main (p : Polynomial ℂ) (hn : 100001 ≤ p.natDegree) (a : ℂ) (ha : Polynomial.eval a p = 0) :
  ∃ z, Polynomial.eval z (Polynomial.derivative p) = 0 ∧ ‖a - z‖ ≤ BorceaVariance.sigma2 p
info: ManuscriptCheck.lean:497:0: BorceaVariance.one_sub_le_exp_neg (u : ℝ) : 1 - u ≤ Real.exp (-u)
info: ManuscriptCheck.lean:499:0: BorceaVariance.exp_ge_sixth {x : ℝ} (hx : 0 ≤ x) : x ^ 6 / 720 ≤ Real.exp x
info: ManuscriptCheck.lean:501:0: BorceaVariance.small_a_final_margin : 1 / 100 + 1 / 6 + 8 / 19 < 1
info: ManuscriptCheck.lean:503:0: BorceaVariance.away_table_margins :
  1 / 1000 + 3 / 4 + 5 * 1665 / 100000 < 1 ∧
    1 / 1000 + 19 / 20 + 5 * 170 / 100000 < 1 ∧
      1 / 1000 + 19 / 20 + 5 * 794 / 100000 = 9907 / 10000 ∧
        9907 / 10000 < 1 ∧ 1 / 1000 + 17 / 20 + 5 * 2500 / 100000 < 1
info: ManuscriptCheck.lean:505:0: BorceaVariance.central_B_value : 1 - 36 / 625 = 589 / 625
info: ManuscriptCheck.lean:507:0: BorceaVariance.near_final_rational_margin : 4 / 100000 + 128 / 300 + 20736 / 10 ^ 15 < 1 / 2
info: ManuscriptCheck.lean:509:0: BorceaVariance.compression_entry_norm {n : ℕ} (z : Fin n → ℂ) (i j : Fin n) :
  ‖BorceaVariance.centeredCompression z i j‖ ^ 2 =
    (if i = j then ‖z i‖ ^ 2 - 4 * ‖z i‖ ^ 2 / ↑n else 0) + ‖z i + z j‖ ^ 2 / ↑n ^ 2
info: ManuscriptCheck.lean:511:0: BorceaVariance.centered_pair_norm_sum {n : ℕ} (z : Fin n → ℂ) (hcenter : ∑ i, z i = 0) (i : Fin n) :
  ∑ j, ‖z i + z j‖ ^ 2 = ↑n * ‖z i‖ ^ 2 + ∑ j, ‖z j‖ ^ 2
info: ManuscriptCheck.lean:513:0: BorceaVariance.centered_compression_frobenius {n : ℕ} (hn : 0 < n) (z : Fin n → ℂ) (hcenter : ∑ i, z i = 0) :
  BorceaVariance.frobeniusSquare (BorceaVariance.centeredCompression z) = (↑n - 2) / ↑n * ∑ i, ‖z i‖ ^ 2
info: ManuscriptCheck.lean:515:0: BorceaVariance.uniformProjection_row_sum {n : ℕ} (hn : 0 < n) (i : Fin n) :
  ∑ j, BorceaVariance.uniformProjection n i j = 0
info: ManuscriptCheck.lean:517:0: BorceaVariance.compression_row_sum {n : ℕ} (hn : 0 < n) (z : Fin n → ℂ) (hcenter : ∑ i, z i = 0) (i : Fin n) :
  ∑ j, BorceaVariance.centeredCompression z i j = 0
info: ManuscriptCheck.lean:519:0: BorceaVariance.uniformProjection_idempotent {n : ℕ} (hn : 0 < n) :
  BorceaVariance.uniformProjection n * BorceaVariance.uniformProjection n = BorceaVariance.uniformProjection n
info: ManuscriptCheck.lean:521:0: BorceaVariance.centeredCompression_eq_projection_diagonal {n : ℕ} (z : Fin n → ℂ) (hcenter : ∑ i, z i = 0) :
  BorceaVariance.centeredCompression z =
    BorceaVariance.uniformProjection n * Matrix.diagonal z * BorceaVariance.uniformProjection n
info: ManuscriptCheck.lean:523:0: BorceaVariance.charpoly_eval_projection_diagonal {n : ℕ} (z : Fin n → ℂ) (x : ℂ) (hx : ∀ (i : Fin n), x - z i ≠ 0) :
  Polynomial.eval x (BorceaVariance.uniformProjection n * Matrix.diagonal z).charpoly =
    (∏ i, (x - z i)) * (1 + ∑ i, z i / ↑n / (x - z i))
info: ManuscriptCheck.lean:525:0: BorceaVariance.root_product_derivative_eval {n : ℕ} (z : Fin n → ℂ) (x : ℂ) (hx : ∀ (i : Fin n), x - z i ≠ 0) :
  Polynomial.eval x (Polynomial.derivative (∏ i, (Polynomial.X - Polynomial.C (z i)))) =
    (∏ i, (x - z i)) * ∑ i, (x - z i)⁻¹
info: ManuscriptCheck.lean:527:0: BorceaVariance.projection_diagonal_charpoly {n : ℕ} (hn : 0 < n) (z : Fin n → ℂ) :
  (BorceaVariance.uniformProjection n * Matrix.diagonal z).charpoly =
    Polynomial.C (↑n)⁻¹ * Polynomial.X * Polynomial.derivative (∏ i, (Polynomial.X - Polynomial.C (z i)))
info: ManuscriptCheck.lean:529:0: BorceaVariance.centered_compression_charpoly {n : ℕ} (hn : 0 < n) (z : Fin n → ℂ) (hz : ∑ i, z i = 0) :
  (BorceaVariance.centeredCompression z).charpoly =
    Polynomial.C (↑n)⁻¹ * Polynomial.X * Polynomial.derivative (∏ i, (Polynomial.X - Polynomial.C (z i)))
info: ManuscriptCheck.lean:531:0: BorceaVariance.det_diagonal_add_row {n : ℕ} (d v : Fin n → ℂ) (hd : ∀ (i : Fin n), d i ≠ 0) :
  (Matrix.diagonal d + Matrix.of fun x j => v j).det = (∏ i, d i) * (1 + ∑ i, v i / d i)
info: ManuscriptCheck.lean:533:0: BorceaVariance.frobeniusSquare_eq_trace {n : ℕ} (A : Matrix (Fin n) (Fin n) ℂ) :
  BorceaVariance.frobeniusSquare A = (A * A.conjTranspose).trace.re
info: ManuscriptCheck.lean:535:0: BorceaVariance.frobeniusSquare_nonneg {n : ℕ} (A : Matrix (Fin n) (Fin n) ℂ) : 0 ≤ BorceaVariance.frobeniusSquare A
info: ManuscriptCheck.lean:537:0: BorceaVariance.frobeniusSquare_unitary_similarity {n : ℕ} (A U : Matrix (Fin n) (Fin n) ℂ)
  (hU : U * U.conjTranspose = 1) :
  BorceaVariance.frobeniusSquare (U.conjTranspose * A * U) = BorceaVariance.frobeniusSquare A
info: ManuscriptCheck.lean:539:0: BorceaVariance.diagonal_energy_le_frobeniusSquare {n : ℕ} (A : Matrix (Fin n) (Fin n) ℂ) :
  ∑ i, ‖A i i‖ ^ 2 ≤ BorceaVariance.frobeniusSquare A
info: ManuscriptCheck.lean:541:0: BorceaVariance.schur_frobenius_bound {n : ℕ} (A : Matrix (Fin n) (Fin n) ℂ) :
  (Multiset.map (fun z => ‖z‖ ^ 2) A.charpoly.roots).sum ≤ BorceaVariance.frobeniusSquare A
info: ManuscriptCheck.lean:543:0: BorceaVariance.exists_orthonormal_eigenbasis_first.{u_1} {E : Type u_1} [NormedAddCommGroup E] [InnerProductSpace ℂ E]
  [FiniteDimensional ℂ E] {n : ℕ} (hdim : Module.finrank ℂ E = n + 1) (f : Module.End ℂ E) : ∃ μ b, f (b 0) = μ • b 0
info: ManuscriptCheck.lean:545:0: BorceaVariance.eigenbasis_first_column.{u_1} {E : Type u_1} [NormedAddCommGroup E] [InnerProductSpace ℂ E] {n : ℕ}
  (f : Module.End ℂ E) (b : OrthonormalBasis (Fin (n + 1)) ℂ E) (μ : ℂ) (hμ : f (b 0) = μ • b 0) (i : Fin (n + 1)) :
  (LinearMap.toMatrix b.toBasis b.toBasis) f i 0 = if i = 0 then μ else 0
info: ManuscriptCheck.lean:547:0: BorceaVariance.orthonormal_change_matrix.{u_1} {E : Type u_1} [NormedAddCommGroup E] [InnerProductSpace ℂ E] {n : ℕ}
  (a b : OrthonormalBasis (Fin n) ℂ E) (f : Module.End ℂ E) :
  (LinearMap.toMatrix b.toBasis b.toBasis) f =
    (a.toBasis.toMatrix ⇑b).conjTranspose * (LinearMap.toMatrix a.toBasis a.toBasis) f * a.toBasis.toMatrix ⇑b
info: ManuscriptCheck.lean:549:0: BorceaVariance.first_column_charpoly {n : ℕ} (A : Matrix (Fin (n + 1)) (Fin (n + 1)) ℂ) (μ : ℂ)
  (hcol : ∀ (i : Fin (n + 1)), A i 0 = if i = 0 then μ else 0) :
  A.charpoly = (Polynomial.X - Polynomial.C μ) * (A.submatrix Fin.succ Fin.succ).charpoly
info: ManuscriptCheck.lean:551:0: BorceaVariance.first_block_frobenius_le {n : ℕ} (A : Matrix (Fin (n + 1)) (Fin (n + 1)) ℂ) :
  ‖A 0 0‖ ^ 2 + BorceaVariance.frobeniusSquare (A.submatrix Fin.succ Fin.succ) ≤ BorceaVariance.frobeniusSquare A
info: ManuscriptCheck.lean:553:0: BorceaVariance.exists_normalizing_scale (w : ℂ) (s : ℝ) (hs : 0 < s) : ∃ b r, b ≠ 0 ∧ 0 ≤ r ∧ ‖b‖ = s ∧ b * ↑r = w
info: ManuscriptCheck.lean:555:0: BorceaVariance.normalize_counterexample (p : Polynomial ℂ) (hn : 2 ≤ p.natDegree) (a : ℂ) (ha : Polynomial.eval a p = 0)
  (hfar : ∀ (z : ℂ), Polynomial.eval z (Polynomial.derivative p) = 0 → BorceaVariance.sigma2 p < ‖a - z‖) :
  Nonempty (BorceaVariance.NormalizedCounterexample p.natDegree)
info: ManuscriptCheck.lean:557:0: BorceaVariance.normalized_root_factorization {n : ℕ} (Cex : BorceaVariance.NormalizedCounterexample n) :
  ∃ s,
    s.card = n - 1 ∧
      Cex.polynomial.roots = ↑Cex.distinguished ::ₘ s ∧
        Cex.polynomial =
            (Polynomial.X - Polynomial.C ↑Cex.distinguished) *
              (Multiset.map (fun z => Polynomial.X - Polynomial.C z) s).prod ∧
          ↑Cex.distinguished + s.sum = 0 ∧ Cex.distinguished ^ 2 + (Multiset.map (fun z => ‖z‖ ^ 2) s).sum = ↑n
info: ManuscriptCheck.lean:559:0: BorceaVariance.phi_succ_mono {m : ℕ} (hm : 0 < m) {a : ℝ} (ha : 0 ≤ a) (hb : 0 ≤ 1 + (1 - a ^ 2) / ↑m) :
  BorceaVariance.Phi m a ≤ BorceaVariance.Phi (m + 1) a
info: ManuscriptCheck.lean:561:0: BorceaVariance.phi_base_nonneg_of_degree {m : ℕ} (hm : 0 < m) {a : ℝ} (hdom : a ^ 2 ≤ ↑m) : 0 ≤ 1 + (1 - a ^ 2) / ↑m
info: ManuscriptCheck.lean:563:0: BorceaVariance.phi_mono_degree {m k : ℕ} (hm : 0 < m) (hmk : m ≤ k) {a : ℝ} (ha : 0 ≤ a) (hdom : a ^ 2 ≤ ↑m) :
  BorceaVariance.Phi m a ≤ BorceaVariance.Phi k a
info: ManuscriptCheck.lean:565:0: BorceaVariance.hasDerivAt_phiSquareKernel {m : ℕ} (hm : 0 < m) (x : ℝ) :
  HasDerivAt (BorceaVariance.phiSquareKernel m) (2 * x * (↑m + 1) / ↑m * (1 - x ^ 2) * (1 + (1 - x ^ 2) / ↑m) ^ (m - 1))
    x
info: ManuscriptCheck.lean:567:0: BorceaVariance.phi_mono_before_one {m : ℕ} (hm : 0 < m) {a b : ℝ} (ha : 0 ≤ a) (hab : a ≤ b) (hb : b ≤ 1) :
  BorceaVariance.Phi m a ≤ BorceaVariance.Phi m b
info: ManuscriptCheck.lean:569:0: BorceaVariance.phi_antitone_after_one {m : ℕ} (hm : 0 < m) {a b : ℝ} (ha : 1 ≤ a) (hab : a ≤ b) (hb : b ^ 2 ≤ ↑m) :
  BorceaVariance.Phi m b ≤ BorceaVariance.Phi m a
info: ManuscriptCheck.lean:571:0: BorceaVariance.eval_affinePullback (p : Polynomial ℂ) (b c z : ℂ) :
  Polynomial.eval z (BorceaVariance.affinePullback p b c) = Polynomial.eval (b * z + c) p
info: ManuscriptCheck.lean:573:0: BorceaVariance.natDegree_affinePullback (p : Polynomial ℂ) {b : ℂ} (hb : b ≠ 0) (c : ℂ) :
  (BorceaVariance.affinePullback p b c).natDegree = p.natDegree
info: ManuscriptCheck.lean:575:0: BorceaVariance.derivative_affinePullback (p : Polynomial ℂ) (b c : ℂ) :
  Polynomial.derivative (BorceaVariance.affinePullback p b c) =
    Polynomial.C b * BorceaVariance.affinePullback (Polynomial.derivative p) b c
info: ManuscriptCheck.lean:577:0: BorceaVariance.roots_affinePullback (p : Polynomial ℂ) {b : ℂ} (hb : b ≠ 0) (c : ℂ) :
  (BorceaVariance.affinePullback p b c).roots = Multiset.map (fun z => (z - c) / b) p.roots
info: ManuscriptCheck.lean:579:0: BorceaVariance.critical_roots_affinePullback (p : Polynomial ℂ) {b : ℂ} (hb : b ≠ 0) (c : ℂ) :
  (Polynomial.derivative (BorceaVariance.affinePullback p b c)).roots =
    Multiset.map (fun z => (z - c) / b) (Polynomial.derivative p).roots
info: ManuscriptCheck.lean:581:0: BorceaVariance.roots_card (p : Polynomial ℂ) : p.roots.card = p.natDegree
info: ManuscriptCheck.lean:583:0: BorceaVariance.multiset_sum_affine (s : Multiset ℂ) (b c : ℂ) :
  (Multiset.map (fun z => (z - c) / b) s).sum = (s.sum - ↑s.card * c) / b
info: ManuscriptCheck.lean:585:0: BorceaVariance.centroid_affinePullback (p : Polynomial ℂ) (hn : 0 < p.natDegree) {b : ℂ} (hb : b ≠ 0) (c : ℂ) :
  BorceaVariance.centroid (BorceaVariance.affinePullback p b c) = (BorceaVariance.centroid p - c) / b
info: ManuscriptCheck.lean:587:0: BorceaVariance.centroid_C_mul (p : Polynomial ℂ) {c : ℂ} (hc : c ≠ 0) :
  BorceaVariance.centroid (Polynomial.C c * p) = BorceaVariance.centroid p
info: ManuscriptCheck.lean:589:0: BorceaVariance.variance_C_mul (p : Polynomial ℂ) {c : ℂ} (hc : c ≠ 0) :
  BorceaVariance.variance (Polynomial.C c * p) = BorceaVariance.variance p
info: ManuscriptCheck.lean:591:0: BorceaVariance.sigma2_C_mul (p : Polynomial ℂ) {c : ℂ} (hc : c ≠ 0) :
  BorceaVariance.sigma2 (Polynomial.C c * p) = BorceaVariance.sigma2 p
info: ManuscriptCheck.lean:593:0: BorceaVariance.variance_affinePullback (p : Polynomial ℂ) (hn : 0 < p.natDegree) {b : ℂ} (hb : b ≠ 0) (c : ℂ) :
  BorceaVariance.variance (BorceaVariance.affinePullback p b c) = BorceaVariance.variance p / ‖b‖ ^ 2
info: ManuscriptCheck.lean:595:0: BorceaVariance.sigma2_affinePullback (p : Polynomial ℂ) (hn : 0 < p.natDegree) {b : ℂ} (hb : b ≠ 0) (c : ℂ) :
  BorceaVariance.sigma2 (BorceaVariance.affinePullback p b c) = BorceaVariance.sigma2 p / ‖b‖
info: ManuscriptCheck.lean:597:0: BorceaVariance.actual_critical_family_centered {n : ℕ} (hn : 2 ≤ n) (Cex : BorceaVariance.NormalizedCounterexample n)
  (ζ : Fin (n - 1) → ℂ) (hζ : ↑(List.ofFn ζ) = (Polynomial.derivative Cex.polynomial).roots) : ∑ j, ζ j = 0
info: ManuscriptCheck.lean:599:0: BorceaVariance.actual_critical_family_far {n : ℕ} (Cex : BorceaVariance.NormalizedCounterexample n)
  (ζ : Fin (n - 1) → ℂ) (hζ : ↑(List.ofFn ζ) = (Polynomial.derivative Cex.polynomial).roots) (j : Fin (n - 1)) :
  1 < ‖↑Cex.distinguished - ζ j‖
info: ManuscriptCheck.lean:601:0: BorceaVariance.normalized_reciprocal_moments {n : ℕ} (hn : 2 ≤ n) (Cex : BorceaVariance.NormalizedCounterexample n)
  (ζ : Fin (n - 1) → ℂ) (hζ : ↑(List.ofFn ζ) = (Polynomial.derivative Cex.polynomial).roots) :
  have a := Cex.distinguished;
  have q := BorceaVariance.reciprocalFamily a ζ;
  have μ := BorceaVariance.mean q;
  have s := BorceaVariance.secondMoment q;
  have v := BorceaVariance.centeredVariance q;
  have V := 1 - 1 / (↑n - 1);
  ‖μ‖ ^ 2 + (1 - V) * (1 - s) ≤ 2 * a * μ.re - a ^ 2 * s ∧
    ‖μ - ↑a‖ ^ 2 ≤ (a ^ 2 + V - 1) * (1 - s) ∧
      ‖1 - ↑a * μ‖ ^ 2 ≤ V * v ∧ 1 ≤ s * (a ^ 2 + V) ∧ BorceaVariance.beta a μ s 1 ≤ (a ^ 2 + V) * v
info: ManuscriptCheck.lean:603:0: BorceaVariance.normalized_distinguished_pos {n : ℕ} (hn : 2 ≤ n) (Cex : BorceaVariance.NormalizedCounterexample n) :
  0 < Cex.distinguished
info: ManuscriptCheck.lean:605:0: BorceaVariance.hasDerivAt_psi (a : ℝ) : HasDerivAt BorceaVariance.Psi (Real.exp ((1 - a ^ 2) / 2) * (1 - a ^ 2)) a
info: ManuscriptCheck.lean:607:0: BorceaVariance.psi_mono_before_one {a b : ℝ} (ha : 0 ≤ a) (hab : a ≤ b) (hb : b ≤ 1) :
  BorceaVariance.Psi a ≤ BorceaVariance.Psi b
info: ManuscriptCheck.lean:609:0: BorceaVariance.psi_antitone_after_one {a b : ℝ} (ha : 1 ≤ a) (hab : a ≤ b) : BorceaVariance.Psi b ≤ BorceaVariance.Psi a
info: ManuscriptCheck.lean:611:0: BorceaVariance.psi_two_lt : BorceaVariance.Psi 2 < 9 / 20
info: ManuscriptCheck.lean:613:0: BorceaVariance.reciprocal_mul {m : ℕ} (a : ℝ) (ζ : Fin m → ℂ) (hne : ∀ (j : Fin m), ↑a - ζ j ≠ 0) (j : Fin m) :
  (↑a - ζ j) * BorceaVariance.reciprocalFamily a ζ j = 1
info: ManuscriptCheck.lean:615:0: BorceaVariance.reciprocal_norm_lt_one {m : ℕ} (a : ℝ) (ζ : Fin m → ℂ) (hfar : ∀ (j : Fin m), 1 < ‖↑a - ζ j‖)
  (j : Fin m) : ‖BorceaVariance.reciprocalFamily a ζ j‖ < 1
info: ManuscriptCheck.lean:617:0: BorceaVariance.reciprocal_ne_zero {m : ℕ} (a : ℝ) (ζ : Fin m → ℂ) (hne : ∀ (j : Fin m), ↑a - ζ j ≠ 0) (j : Fin m) :
  BorceaVariance.reciprocalFamily a ζ j ≠ 0
info: ManuscriptCheck.lean:619:0: BorceaVariance.reciprocal_conjugate_formula {m : ℕ} (a : ℝ) (ζ : Fin m → ℂ) (hne : ∀ (j : Fin m), ↑a - ζ j ≠ 0)
  (j : Fin m) :
  BorceaVariance.reciprocalFamily a ζ j = (↑a - (starRingEnd ℂ) (ζ j)) * ↑(‖BorceaVariance.reciprocalFamily a ζ j‖ ^ 2)
info: ManuscriptCheck.lean:621:0: BorceaVariance.reciprocal_product_identity {m : ℕ} (a : ℝ) (ζ : Fin m → ℂ) (hne : ∀ (j : Fin m), ↑a - ζ j ≠ 0)
  (j : Fin m) : ζ j * BorceaVariance.reciprocalFamily a ζ j = ↑a * BorceaVariance.reciprocalFamily a ζ j - 1
info: ManuscriptCheck.lean:623:0: BorceaVariance.sum_beta {m : ℕ} (hm : 0 < m) (q : Fin m → ℂ) (a t : ℝ) :
  ∑ j, ‖1 - ↑a * ↑t * q j‖ ^ 2 = ↑m * BorceaVariance.beta a (BorceaVariance.mean q) (BorceaVariance.secondMoment q) t
info: ManuscriptCheck.lean:625:0: BorceaVariance.beta_decomposition {m : ℕ} (q : Fin m → ℂ) (a t : ℝ) :
  BorceaVariance.beta a (BorceaVariance.mean q) (BorceaVariance.secondMoment q) t =
    ‖1 - ↑a * ↑t * BorceaVariance.mean q‖ ^ 2 + a ^ 2 * t ^ 2 * BorceaVariance.centeredVariance q
info: ManuscriptCheck.lean:627:0: BorceaVariance.beta_nonneg {m : ℕ} (hm : 0 < m) (q : Fin m → ℂ) (a t : ℝ) :
  0 ≤ BorceaVariance.beta a (BorceaVariance.mean q) (BorceaVariance.secondMoment q) t
info: ManuscriptCheck.lean:629:0: BorceaVariance.secondMoment_reciprocal_lt_one {m : ℕ} (hm : 0 < m) (a : ℝ) (ζ : Fin m → ℂ)
  (hfar : ∀ (j : Fin m), 1 < ‖↑a - ζ j‖) : BorceaVariance.secondMoment (BorceaVariance.reciprocalFamily a ζ) < 1
info: ManuscriptCheck.lean:631:0: BorceaVariance.secondMoment_reciprocal_pos {m : ℕ} (hm : 0 < m) (a : ℝ) (ζ : Fin m → ℂ)
  (hne : ∀ (j : Fin m), ↑a - ζ j ≠ 0) : 0 < BorceaVariance.secondMoment (BorceaVariance.reciprocalFamily a ζ)
info: ManuscriptCheck.lean:633:0: BorceaVariance.centered_shift_energy {m : ℕ} (hm : 0 < m) (ζ : Fin m → ℂ) (hcenter : ∑ j, ζ j = 0) (a : ℝ) :
  ∑ j, ‖↑a - ζ j‖ ^ 2 = ↑m * (a ^ 2 + BorceaVariance.secondMoment ζ)
info: ManuscriptCheck.lean:635:0: BorceaVariance.reciprocal_weight_sum {m : ℕ} (hm : 0 < m) (a : ℝ) (ζ : Fin m → ℂ) :
  ∑ j, (1 - ‖BorceaVariance.reciprocalFamily a ζ j‖ ^ 2) =
    ↑m * (1 - BorceaVariance.secondMoment (BorceaVariance.reciprocalFamily a ζ))
info: ManuscriptCheck.lean:637:0: BorceaVariance.reciprocal_weighted_energy {m : ℕ} (hm : 0 < m) (a : ℝ) (ζ : Fin m → ℂ)
  (hne : ∀ (j : Fin m), ↑a - ζ j ≠ 0) :
  ∑ j, (1 - ‖BorceaVariance.reciprocalFamily a ζ j‖ ^ 2) * ‖(starRingEnd ℂ) (ζ j)‖ ^ 2 =
    ↑m *
      (BorceaVariance.secondMoment ζ -
        BorceaVariance.beta a (BorceaVariance.mean (BorceaVariance.reciprocalFamily a ζ))
          (BorceaVariance.secondMoment (BorceaVariance.reciprocalFamily a ζ)) 1)
info: ManuscriptCheck.lean:639:0: BorceaVariance.reciprocal_weighted_identity {m : ℕ} (hm : 0 < m) (a : ℝ) (ζ : Fin m → ℂ) (hcenter : ∑ j, ζ j = 0)
  (hne : ∀ (j : Fin m), ↑a - ζ j ≠ 0) :
  ∑ j, ↑(1 - ‖BorceaVariance.reciprocalFamily a ζ j‖ ^ 2) * (starRingEnd ℂ) (ζ j) =
    ↑m *
      (BorceaVariance.mean (BorceaVariance.reciprocalFamily a ζ) -
        ↑(a * BorceaVariance.secondMoment (BorceaVariance.reciprocalFamily a ζ)))
info: ManuscriptCheck.lean:641:0: BorceaVariance.reciprocal_centered_identity {m : ℕ} (hm : 0 < m) (a : ℝ) (ζ : Fin m → ℂ) (hcenter : ∑ j, ζ j = 0)
  (hne : ∀ (j : Fin m), ↑a - ζ j ≠ 0) :
  ∑ j, ζ j * (BorceaVariance.reciprocalFamily a ζ j - BorceaVariance.mean (BorceaVariance.reciprocalFamily a ζ)) =
    ↑m * (↑a * BorceaVariance.mean (BorceaVariance.reciprocalFamily a ζ) - 1)
info: ManuscriptCheck.lean:643:0: BorceaVariance.norm_sub_real_sq (z : ℂ) (r : ℝ) : ‖z - ↑r‖ ^ 2 = ‖z‖ ^ 2 - 2 * r * z.re + r ^ 2
info: ManuscriptCheck.lean:645:0: BorceaVariance.norm_one_sub_real_mul_sq (a : ℝ) (z : ℂ) : ‖1 - ↑a * z‖ ^ 2 = 1 - 2 * a * z.re + a ^ 2 * ‖z‖ ^ 2
info: ManuscriptCheck.lean:647:0: BorceaVariance.reciprocal_weighted_cauchy {m : ℕ} (hm : 0 < m) (a : ℝ) (ζ : Fin m → ℂ) (hcenter : ∑ j, ζ j = 0)
  (hfar : ∀ (j : Fin m), 1 < ‖↑a - ζ j‖) :
  ‖BorceaVariance.mean (BorceaVariance.reciprocalFamily a ζ) -
          ↑(a * BorceaVariance.secondMoment (BorceaVariance.reciprocalFamily a ζ))‖ ^
      2 ≤
    (BorceaVariance.secondMoment ζ -
        BorceaVariance.beta a (BorceaVariance.mean (BorceaVariance.reciprocalFamily a ζ))
          (BorceaVariance.secondMoment (BorceaVariance.reciprocalFamily a ζ)) 1) *
      (1 - BorceaVariance.secondMoment (BorceaVariance.reciprocalFamily a ζ))
info: ManuscriptCheck.lean:649:0: BorceaVariance.reciprocal_moment_A {m : ℕ} (hm : 0 < m) (a : ℝ) (ζ : Fin m → ℂ) (hcenter : ∑ j, ζ j = 0)
  (hfar : ∀ (j : Fin m), 1 < ‖↑a - ζ j‖) {V : ℝ} (hV : BorceaVariance.secondMoment ζ ≤ V) :
  2 * a * (BorceaVariance.mean (BorceaVariance.reciprocalFamily a ζ)).re -
      a ^ 2 * BorceaVariance.secondMoment (BorceaVariance.reciprocalFamily a ζ) ≥
    ‖BorceaVariance.mean (BorceaVariance.reciprocalFamily a ζ)‖ ^ 2 +
      (1 - V) * (1 - BorceaVariance.secondMoment (BorceaVariance.reciprocalFamily a ζ))
info: ManuscriptCheck.lean:651:0: BorceaVariance.reciprocal_moment_A_distance {m : ℕ} (hm : 0 < m) (a : ℝ) (ζ : Fin m → ℂ) (hcenter : ∑ j, ζ j = 0)
  (hfar : ∀ (j : Fin m), 1 < ‖↑a - ζ j‖) {V : ℝ} (hV : BorceaVariance.secondMoment ζ ≤ V) :
  ‖BorceaVariance.mean (BorceaVariance.reciprocalFamily a ζ) - ↑a‖ ^ 2 ≤
    (a ^ 2 + V - 1) * (1 - BorceaVariance.secondMoment (BorceaVariance.reciprocalFamily a ζ))
info: ManuscriptCheck.lean:653:0: BorceaVariance.reciprocal_moment_B {m : ℕ} (hm : 0 < m) (a : ℝ) (ζ : Fin m → ℂ) (hcenter : ∑ j, ζ j = 0)
  (hne : ∀ (j : Fin m), ↑a - ζ j ≠ 0) {V : ℝ} (hV : BorceaVariance.secondMoment ζ ≤ V) :
  ‖1 - ↑a * BorceaVariance.mean (BorceaVariance.reciprocalFamily a ζ)‖ ^ 2 ≤
    V * BorceaVariance.centeredVariance (BorceaVariance.reciprocalFamily a ζ)
info: ManuscriptCheck.lean:655:0: BorceaVariance.reciprocal_inverse_moment {m : ℕ} (hm : 0 < m) (a : ℝ) (ζ : Fin m → ℂ) (hcenter : ∑ j, ζ j = 0)
  (hne : ∀ (j : Fin m), ↑a - ζ j ≠ 0) {V : ℝ} (hV : BorceaVariance.secondMoment ζ ≤ V) :
  1 ≤ BorceaVariance.secondMoment (BorceaVariance.reciprocalFamily a ζ) * (a ^ 2 + V)
info: ManuscriptCheck.lean:657:0: BorceaVariance.reciprocal_moment_endpoint {m : ℕ} (hm : 0 < m) (a : ℝ) (ζ : Fin m → ℂ) (hcenter : ∑ j, ζ j = 0)
  (hne : ∀ (j : Fin m), ↑a - ζ j ≠ 0) {V : ℝ} (hV : BorceaVariance.secondMoment ζ ≤ V) :
  BorceaVariance.beta a (BorceaVariance.mean (BorceaVariance.reciprocalFamily a ζ))
      (BorceaVariance.secondMoment (BorceaVariance.reciprocalFamily a ζ)) 1 ≤
    (a ^ 2 + V) * BorceaVariance.centeredVariance (BorceaVariance.reciprocalFamily a ζ)
info: ManuscriptCheck.lean:659:0: BorceaVariance.reciprocal_moments {m : ℕ} (hm : 0 < m) (a : ℝ) (ζ : Fin m → ℂ) (hcenter : ∑ j, ζ j = 0)
  (hfar : ∀ (j : Fin m), 1 < ‖↑a - ζ j‖) {V : ℝ} (hV : BorceaVariance.secondMoment ζ ≤ V) :
  have q := BorceaVariance.reciprocalFamily a ζ;
  have μ := BorceaVariance.mean q;
  have s := BorceaVariance.secondMoment q;
  have v := BorceaVariance.centeredVariance q;
  ‖μ‖ ^ 2 + (1 - V) * (1 - s) ≤ 2 * a * μ.re - a ^ 2 * s ∧
    ‖μ - ↑a‖ ^ 2 ≤ (a ^ 2 + V - 1) * (1 - s) ∧
      ‖1 - ↑a * μ‖ ^ 2 ≤ V * v ∧ 1 ≤ s * (a ^ 2 + V) ∧ BorceaVariance.beta a μ s 1 ≤ (a ^ 2 + V) * v
info: ManuscriptCheck.lean:661:0: BorceaVariance.normalized_degree_bound {n : ℕ} (hn : 2 ≤ n) (Cex : BorceaVariance.NormalizedCounterexample n) :
  Cex.distinguished ^ 2 ≤ ↑n - 1
info: ManuscriptCheck.lean:663:0: BorceaVariance.schoenberg_centered_monic (p : Polynomial ℂ) (hp : p.Monic) (hn : 2 ≤ p.natDegree)
  (hcenter : p.roots.sum = 0) :
  (Multiset.map (fun z => ‖z‖ ^ 2) (Polynomial.derivative p).roots).sum ≤
    (↑p.natDegree - 2) / ↑p.natDegree * (Multiset.map (fun z => ‖z‖ ^ 2) p.roots).sum
info: ManuscriptCheck.lean:665:0: BorceaVariance.schoenberg_centered (p : Polynomial ℂ) (hn : 2 ≤ p.natDegree) (hcenter : p.roots.sum = 0) :
  (Multiset.map (fun z => ‖z‖ ^ 2) (Polynomial.derivative p).roots).sum ≤
    (↑p.natDegree - 2) / ↑p.natDegree * (Multiset.map (fun z => ‖z‖ ^ 2) p.roots).sum
info: ManuscriptCheck.lean:667:0: BorceaVariance.normalized_critical_energy_bound {n : ℕ} (hn : 2 ≤ n) (Cex : BorceaVariance.NormalizedCounterexample n) :
  (Multiset.map (fun z => ‖z‖ ^ 2) (Polynomial.derivative Cex.polynomial).roots).sum ≤ ↑n - 2
info: ManuscriptCheck.lean:669:0: BorceaVariance.normalized_critical_secondMoment_bound {n : ℕ} (hn : 2 ≤ n)
  (Cex : BorceaVariance.NormalizedCounterexample n) (ζ : Fin (n - 1) → ℂ)
  (hζ : ↑(List.ofFn ζ) = (Polynomial.derivative Cex.polynomial).roots) :
  BorceaVariance.secondMoment ζ ≤ 1 - 1 / (↑n - 1)
info: ManuscriptCheck.lean:671:0: BorceaVariance.sharpPolynomial_degree {n : ℕ} (hn : 0 < n) : (BorceaVariance.sharpPolynomial n).natDegree = n
info: ManuscriptCheck.lean:673:0: BorceaVariance.sharpPolynomial_root_norm {n : ℕ} (hn : 0 < n) {z : ℂ}
  (hz : Polynomial.eval z (BorceaVariance.sharpPolynomial n) = 0) : ‖z‖ = 1
info: ManuscriptCheck.lean:675:0: BorceaVariance.sharpPolynomial_centroid {n : ℕ} (hn : 2 ≤ n) :
  BorceaVariance.centroid (BorceaVariance.sharpPolynomial n) = 0
info: ManuscriptCheck.lean:677:0: BorceaVariance.sharpPolynomial_sigma2 {n : ℕ} (hn : 2 ≤ n) :
  BorceaVariance.sigma2 (BorceaVariance.sharpPolynomial n) = 1
info: ManuscriptCheck.lean:679:0: BorceaVariance.sharpPolynomial_critical_iff {n : ℕ} (hn : 2 ≤ n) (z : ℂ) :
  Polynomial.eval z (Polynomial.derivative (BorceaVariance.sharpPolynomial n)) = 0 ↔ z = 0
info: ManuscriptCheck.lean:681:0: BorceaVariance.sharpness_family {n : ℕ} (hn : 2 ≤ n) :
  (BorceaVariance.sharpPolynomial n).natDegree = n ∧
    BorceaVariance.centroid (BorceaVariance.sharpPolynomial n) = 0 ∧
      BorceaVariance.sigma2 (BorceaVariance.sharpPolynomial n) = 1 ∧
        (∀ (z : ℂ), Polynomial.eval z (Polynomial.derivative (BorceaVariance.sharpPolynomial n)) = 0 ↔ z = 0) ∧
          ∀ (a : ℂ), Polynomial.eval a (BorceaVariance.sharpPolynomial n) = 0 → ‖a - 0‖ = 1
info: ManuscriptCheck.lean:683:0: BorceaVariance.constant_one_sharp {c : ℝ} (hc : c < 1) :
  ∃ p,
    2 ≤ p.natDegree ∧
      Polynomial.eval 1 p = 0 ∧
        ∀ (z : ℂ), Polynomial.eval z (Polynomial.derivative p) = 0 → c * BorceaVariance.sigma2 p < ‖1 - z‖
info: ManuscriptCheck.lean:685:0: BorceaVariance.iterated_derivative_leadingCoeff (p : Polynomial ℂ) (hp : p.Monic) {k : ℕ} (hk : k ≤ p.natDegree) :
  ((⇑Polynomial.derivative)^[p.natDegree - k] p).leadingCoeff = ↑(p.natDegree.descFactorial (p.natDegree - k))
info: ManuscriptCheck.lean:687:0: BorceaVariance.iterated_derivative_root_product (p : Polynomial ℂ) (hp : p.Monic) {k : ℕ} (hk : k ≤ p.natDegree) :
  ‖p.roots.esymm k‖ = ↑(p.natDegree.choose k) * ‖((⇑Polynomial.derivative)^[p.natDegree - k] p).roots.prod‖
info: ManuscriptCheck.lean:689:0: BorceaVariance.polynomial_root_energy_nonneg (p : Polynomial ℂ) : 0 ≤ (Multiset.map (fun z => ‖z‖ ^ 2) p.roots).sum
info: ManuscriptCheck.lean:691:0: BorceaVariance.centered_polynomial_esymm_bound (p : Polynomial ℂ) (hp : p.Monic) (hcenter : p.roots.sum = 0) {k : ℕ}
  (hk : 2 ≤ k) (hkd : k ≤ p.natDegree) :
  ‖p.roots.esymm k‖ ≤
    ↑(p.natDegree.choose k) *
      ((↑k - 1) / (↑p.natDegree * (↑p.natDegree - 1)) * (Multiset.map (fun z => ‖z‖ ^ 2) p.roots).sum) ^ (↑k / 2)
info: ManuscriptCheck.lean:693:0: BorceaVariance.centered_family_esymm_bound {m : ℕ} (w : Fin m → ℂ) (hcenter : ∑ j, w j = 0) {k : ℕ} (hk : 2 ≤ k)
  (hkm : k ≤ m) :
  ‖BorceaVariance.elementarySymmetric w k‖ ≤
    ↑(m.choose k) * ((↑k - 1) / (↑m - 1) * BorceaVariance.secondMoment w) ^ (↑k / 2)
info: ManuscriptCheck.lean:695:0: BorceaVariance.centered_coefficients {m : ℕ} (q : Fin m → ℂ) {k : ℕ} (hk : 2 ≤ k) (hkm : k ≤ m) :
  ‖BorceaVariance.elementarySymmetric (fun j => q j - BorceaVariance.mean q) k‖ ≤
    ↑(m.choose k) * ((↑k - 1) / (↑m - 1) * BorceaVariance.centeredVariance q) ^ (↑k / 2)
info: ManuscriptCheck.lean:697:0: BorceaVariance.centered_error_coefficient_bound {m : ℕ} (hm : 0 < m) (q : Fin m → ℂ) {a d t : ℝ} (ha : 0 ≤ a)
  (hd : ‖1 - ↑a * BorceaVariance.mean q‖ ≤ d) (ht : 0 ≤ t) (ht1 : t ≤ 1) :
  ‖BorceaVariance.centeredError q a t‖ ≤
    ∑ k ∈ Finset.Ico 2 (m + 1),
      a ^ k * ‖BorceaVariance.elementarySymmetric (fun j => q j - BorceaVariance.mean q) k‖ *
        (t ^ k * (1 - t + d * t) ^ (m - k))
info: ManuscriptCheck.lean:699:0: BorceaVariance.centered_error_integral_coefficient_bound {m : ℕ} (hm : 0 < m) (q : Fin m → ℂ) {a d : ℝ} (ha : 0 ≤ a)
  (hd : ‖1 - ↑a * BorceaVariance.mean q‖ ≤ d) :
  ‖∫ (t : ℝ) in 0..1, BorceaVariance.centeredError q a t‖ ≤
    ∑ k ∈ Finset.Ico 2 (m + 1),
      a ^ k * ‖BorceaVariance.elementarySymmetric (fun j => q j - BorceaVariance.mean q) k‖ *
        BorceaVariance.integralPolynomial k (m - k) d
info: ManuscriptCheck.lean:701:0: BorceaVariance.pow_mul_half_rpow {a b : ℝ} (ha : 0 ≤ a) (hb : 0 ≤ b) (k : ℕ) :
  a ^ k * b ^ (↑k / 2) = (a ^ 2 * b) ^ (↑k / 2)
info: ManuscriptCheck.lean:703:0: BorceaVariance.coefficient_error_integral_bound {m : ℕ} (hm : 0 < m) (q : Fin m → ℂ) {a d : ℝ} (ha : 0 ≤ a)
  (hd : ‖1 - ↑a * BorceaVariance.mean q‖ ≤ d) :
  (↑m + 1) * ‖∫ (t : ℝ) in 0..1, BorceaVariance.centeredError q a t‖ ≤
    ∑ k ∈ Finset.Ico 2 (m + 1),
      (a ^ 2 * BorceaVariance.centeredVariance q * (↑k - 1) / (↑m - 1)) ^ (↑k / 2) *
        BorceaVariance.integralPowerSum k (m - k) d
info: ManuscriptCheck.lean:705:0: BorceaVariance.tail_coefficient_bound {m : ℕ} (K : ℕ) (q : Fin m → ℂ) {a d t : ℝ} (ha : 0 ≤ a)
  (hd : ‖1 - ↑a * BorceaVariance.mean q‖ ≤ d) (ht : 0 ≤ t) (ht1 : t ≤ 1) :
  ‖BorceaVariance.centeredTail q a K t‖ ≤
    ∑ k ∈ Finset.Ico K (m + 1),
      a ^ k * ‖BorceaVariance.elementarySymmetric (fun j => q j - BorceaVariance.mean q) k‖ *
        (t ^ k * (1 - t + d * t) ^ (m - k))
info: ManuscriptCheck.lean:707:0: BorceaVariance.tail_integral_coefficient_bound {m : ℕ} (K : ℕ) (q : Fin m → ℂ) {a d : ℝ} (ha : 0 ≤ a)
  (hd : ‖1 - ↑a * BorceaVariance.mean q‖ ≤ d) :
  ‖∫ (t : ℝ) in 0..1, BorceaVariance.centeredTail q a K t‖ ≤
    ∑ k ∈ Finset.Ico K (m + 1),
      a ^ k * ‖BorceaVariance.elementarySymmetric (fun j => q j - BorceaVariance.mean q) k‖ *
        BorceaVariance.integralPolynomial k (m - k) d
info: ManuscriptCheck.lean:709:0: BorceaVariance.coefficient_tail_integral_bound {m : ℕ} (hm : 0 < m) {K : ℕ} (hK : 2 ≤ K) (q : Fin m → ℂ) {a d : ℝ}
  (ha : 0 ≤ a) (hd : ‖1 - ↑a * BorceaVariance.mean q‖ ≤ d) :
  (↑m + 1) * ‖∫ (t : ℝ) in 0..1, BorceaVariance.centeredTail q a K t‖ ≤
    ∑ k ∈ Finset.Ico K (m + 1),
      (a ^ 2 * BorceaVariance.centeredVariance q * (↑k - 1) / (↑m - 1)) ^ (↑k / 2) *
        BorceaVariance.integralPowerSum k (m - k) d
info: ManuscriptCheck.lean:711:0: BorceaVariance.center_integral_norm_test {m : ℕ} (q : Fin m → ℂ) {a : ℝ} (ha : 0 ≤ a) (J : ℂ)
  (horigin : ↑(m + 1) * ∫ (t : ℝ) in 0..1, BorceaVariance.originProduct q a t = (-1) ^ m * J) {Cbound d : ℝ}
  (hC : ‖↑a * BorceaVariance.mean q * J‖ ≤ Cbound) (hd : ‖1 - ↑a * BorceaVariance.mean q‖ ≤ d) :
  1 ≤
    Cbound + d ^ (m + 1) +
      (↑m + 1) * a * ‖BorceaVariance.mean q‖ * ‖∫ (t : ℝ) in 0..1, BorceaVariance.centeredError q a t‖
info: ManuscriptCheck.lean:713:0: BorceaVariance.coefficient_integral_test {m : ℕ} (hm : 0 < m) (q : Fin m → ℂ) {a : ℝ} (ha : 0 ≤ a) (J : ℂ)
  (horigin : ↑(m + 1) * ∫ (t : ℝ) in 0..1, BorceaVariance.originProduct q a t = (-1) ^ m * J) {Cbound d : ℝ}
  (hC : ‖↑a * BorceaVariance.mean q * J‖ ≤ Cbound) (hd : ‖1 - ↑a * BorceaVariance.mean q‖ ≤ d) :
  1 ≤
    Cbound + d ^ (m + 1) +
      a * ‖BorceaVariance.mean q‖ *
        ∑ k ∈ Finset.Ico 2 (m + 1),
          (a ^ 2 * BorceaVariance.centeredVariance q * (↑k - 1) / (↑m - 1)) ^ (↑k / 2) *
            BorceaVariance.integralPowerSum k (m - k) d
info: ManuscriptCheck.lean:715:0: BorceaVariance.normalized_coefficient_integral_test {n : ℕ} (hn : 2 ≤ n)
  (Cex : BorceaVariance.NormalizedCounterexample n) (z ζ : Fin (n - 1) → ℂ)
  (hz : Cex.polynomial = (Polynomial.X - Polynomial.C ↑Cex.distinguished) * ∏ j, (Polynomial.X - Polynomial.C (z j)))
  (hζ : ↑(List.ofFn ζ) = (Polynomial.derivative Cex.polynomial).roots) {Cbound d : ℝ}
  (hC :
    ‖↑Cex.distinguished * BorceaVariance.mean (BorceaVariance.reciprocalFamily Cex.distinguished ζ) *
          BorceaVariance.jointProduct z (BorceaVariance.reciprocalFamily Cex.distinguished ζ)‖ ≤
      Cbound)
  (hd : ‖1 - ↑Cex.distinguished * BorceaVariance.mean (BorceaVariance.reciprocalFamily Cex.distinguished ζ)‖ ≤ d) :
  have q := BorceaVariance.reciprocalFamily Cex.distinguished ζ;
  1 ≤
    Cbound + d ^ n +
      Cex.distinguished * ‖BorceaVariance.mean q‖ *
        ∑ k ∈ Finset.Ico 2 n,
          (Cex.distinguished ^ 2 * BorceaVariance.centeredVariance q * (↑k - 1) / (↑n - 2)) ^ (↑k / 2) *
            BorceaVariance.integralPowerSum k (n - 1 - k) d
info: ManuscriptCheck.lean:717:0: BorceaVariance.convex_pair_sum_upper {ell a b x y : ℝ} {f : ℝ → ℝ} (hf : ConvexOn ℝ (Set.Icc 0 ell) f)
  (ha : a ∈ Set.Icc 0 ell) (hb : b ∈ Set.Icc 0 ell) (hax : a ≤ x) (hxb : x ≤ b) (hsum : x + y = a + b) :
  f x + f y ≤ f a + f b
info: ManuscriptCheck.lean:719:0: BorceaVariance.convex_packing_exists {ell : ℝ} (hell : 0 < ell) {f : ℝ → ℝ} (hf : ConvexOn ℝ (Set.Icc 0 ell) f)
  (hf0 : f 0 = 0) (s : Multiset ℝ) (hs : ∀ x ∈ s, x ∈ Set.Icc 0 ell) :
  ∃ k, ∃ r ∈ Set.Icc 0 ell, s.sum = ↑k * ell + r ∧ (Multiset.map f s).sum ≤ ↑k * f ell + f r
info: ManuscriptCheck.lean:721:0: BorceaVariance.convex_packing_zero {ell r : ℝ} (hell : 0 < ell) {f : ℝ → ℝ} (hf : ConvexOn ℝ (Set.Icc 0 ell) f)
  (hf0 : f 0 = 0) (hmono : MonotoneOn f (Set.Icc 0 ell)) (s : Multiset ℝ) (hs : ∀ x ∈ s, x ∈ Set.Icc 0 ell) (k : ℕ)
  (hr : r ∈ Set.Icc 0 ell) (hsum : s.sum ≤ ↑k * ell + r) : (Multiset.map f s).sum ≤ ↑k * f ell + f r
info: ManuscriptCheck.lean:723:0: BorceaVariance.convex_packing {ell r : ℝ} (hell : 0 < ell) {f : ℝ → ℝ} (hf : ConvexOn ℝ (Set.Icc 0 ell) f)
  (hmono : MonotoneOn f (Set.Icc 0 ell)) (s : Multiset ℝ) (hs : ∀ x ∈ s, x ∈ Set.Icc 0 ell) (k : ℕ)
  (hr : r ∈ Set.Icc 0 ell) (hsum : s.sum ≤ ↑k * ell + r) :
  (Multiset.map f s).sum ≤ ↑k * f ell + f r + (↑s.card - ↑k - 1) * f 0
info: ManuscriptCheck.lean:725:0: BorceaVariance.no_normalized_counterexample_cubic (Cex : BorceaVariance.NormalizedCounterexample 3) : False
info: ManuscriptCheck.lean:727:0: BorceaVariance.cubic_main (p : Polynomial ℂ) (hn : p.natDegree = 3) (a : ℂ) (ha : Polynomial.eval a p = 0) :
  ∃ z, Polynomial.eval z (Polynomial.derivative p) = 0 ∧ ‖a - z‖ ≤ BorceaVariance.sigma2 p
info: ManuscriptCheck.lean:729:0: BorceaVariance.complex_quadratic_norm_identity (a w : ℂ) :
  ‖4 * w ^ 2 - a ^ 2‖ ^ 2 = (‖a‖ ^ 2 + 4 * ‖w‖ ^ 2) ^ 2 - 16 * (a * (starRingEnd ℂ) w).re ^ 2
info: ManuscriptCheck.lean:731:0: BorceaVariance.choose_signed_critical_point (a w : ℂ) :
  ∃ z, (z = w ∨ z = -w) ∧ ‖a - z‖ ^ 2 = ‖a‖ ^ 2 + ‖w‖ ^ 2 - 2 * |(a * (starRingEnd ℂ) w).re|
info: ManuscriptCheck.lean:733:0: BorceaVariance.cubic_two_point_bound (a w : ℂ) :
  ∃ z, (z = w ∨ z = -w) ∧ ‖a - z‖ ^ 2 ≤ (‖a‖ ^ 2 + ‖4 * w ^ 2 - a ^ 2‖) / 2
info: ManuscriptCheck.lean:735:0: BorceaVariance.normalized_root_distances_ne_zero {n : ℕ} (Cex : BorceaVariance.NormalizedCounterexample n)
  (z : Fin (n - 1) → ℂ)
  (hz : Cex.polynomial = (Polynomial.X - Polynomial.C ↑Cex.distinguished) * ∏ j, (Polynomial.X - Polynomial.C (z j)))
  (j : Fin (n - 1)) : ↑Cex.distinguished - z j ≠ 0
info: ManuscriptCheck.lean:737:0: BorceaVariance.normalized_critical_logderivative {n : ℕ} (Cex : BorceaVariance.NormalizedCounterexample n)
  (ζ : Fin (n - 1) → ℂ) (hζ : ↑(List.ofFn ζ) = (Polynomial.derivative Cex.polynomial).roots) :
  Polynomial.eval (↑Cex.distinguished) (Polynomial.derivative (Polynomial.derivative Cex.polynomial)) =
    Polynomial.eval (↑Cex.distinguished) (Polynomial.derivative Cex.polynomial) *
      ∑ j, BorceaVariance.reciprocalFamily Cex.distinguished ζ j
info: ManuscriptCheck.lean:739:0: BorceaVariance.normalized_inverse_root_sum {n : ℕ} (Cex : BorceaVariance.NormalizedCounterexample n)
  (z ζ : Fin (n - 1) → ℂ)
  (hz : Cex.polynomial = (Polynomial.X - Polynomial.C ↑Cex.distinguished) * ∏ j, (Polynomial.X - Polynomial.C (z j)))
  (hζ : ↑(List.ofFn ζ) = (Polynomial.derivative Cex.polynomial).roots) :
  2 * ∑ j, (↑Cex.distinguished - z j)⁻¹ = ∑ j, BorceaVariance.reciprocalFamily Cex.distinguished ζ j
info: ManuscriptCheck.lean:741:0: BorceaVariance.normalized_inverse_root_mean {n : ℕ} (hn : 2 ≤ n) (Cex : BorceaVariance.NormalizedCounterexample n)
  (z ζ : Fin (n - 1) → ℂ)
  (hz : Cex.polynomial = (Polynomial.X - Polynomial.C ↑Cex.distinguished) * ∏ j, (Polynomial.X - Polynomial.C (z j)))
  (hζ : ↑(List.ofFn ζ) = (Polynomial.derivative Cex.polynomial).roots) :
  (BorceaVariance.mean fun j => (↑Cex.distinguished - z j)⁻¹) =
    BorceaVariance.mean (BorceaVariance.reciprocalFamily Cex.distinguished ζ) / 2
info: ManuscriptCheck.lean:743:0: BorceaVariance.complex_natDegree_iterate_derivative (p : Polynomial ℂ) (k : ℕ) :
  ((⇑Polynomial.derivative)^[k] p).natDegree = p.natDegree - k
info: ManuscriptCheck.lean:745:0: BorceaVariance.iterated_critical_root_sum_zero (p : Polynomial ℂ) (k : ℕ) (hdegree : k + 1 ≤ p.natDegree)
  (hcenter : p.roots.sum = 0) : ((⇑Polynomial.derivative)^[k] p).roots.sum = 0
info: ManuscriptCheck.lean:747:0: BorceaVariance.iterated_schoenberg (p : Polynomial ℂ) (k : ℕ) (hdegree : k + 2 ≤ p.natDegree)
  (hcenter : p.roots.sum = 0) :
  (Multiset.map (fun z => ‖z‖ ^ 2) ((⇑Polynomial.derivative)^[k] p).roots).sum ≤
    (↑p.natDegree - ↑k) * (↑p.natDegree - ↑k - 1) / (↑p.natDegree * (↑p.natDegree - 1)) *
      (Multiset.map (fun z => ‖z‖ ^ 2) p.roots).sum
info: ManuscriptCheck.lean:749:0: BorceaVariance.packing_power_interval_exists {m : ℕ} (hm : 2 ≤ m) {η s L : ℝ} (hη : 0 < η) (hηs : η < s) (hL1 : L ≤ 1)
  (hkernel : BorceaVariance.packingKernel m s η < L) : ∃ k < m, η ^ (k + 1) ≤ L ∧ L ≤ η ^ k
info: ManuscriptCheck.lean:751:0: BorceaVariance.packing_residual_bounds {η L : ℝ} (hη : 0 < η) (k : ℕ) (hlow : η ^ (k + 1) ≤ L) (hhigh : L ≤ η ^ k) :
  η ≤ L / η ^ k ∧ L / η ^ k ≤ 1
info: ManuscriptCheck.lean:753:0: BorceaVariance.logarithmic_convex_packing {m : ℕ} (u : Fin m → ℝ) {η L : ℝ} (hη : 0 < η) (hη1 : η < 1)
  (hu : ∀ (j : Fin m), η ≤ u j ∧ u j ≤ 1) (hL : 0 < L) (hprod : L ≤ ∏ j, u j) (k : ℕ) (hlow : η ^ (k + 1) ≤ L)
  (hhigh : L ≤ η ^ k) {f : ℝ → ℝ} (hf : ConvexOn ℝ (Set.Icc 0 (-Real.log η)) f)
  (hmono : MonotoneOn f (Set.Icc 0 (-Real.log η))) :
  ∑ j, f (-Real.log (u j)) ≤ ↑k * f (-Real.log η) + f (-Real.log (L / η ^ k)) + (↑m - ↑k - 1) * f 0
info: ManuscriptCheck.lean:755:0: BorceaVariance.hasDerivAt_logLossKernel {s u : ℝ} (hs : 0 < s) (hu : 0 < u) :
  HasDerivAt (BorceaVariance.logLossKernel s) ((u - 1) * (u - s) / (s * u)) u
info: ManuscriptCheck.lean:757:0: BorceaVariance.log_loss {s u : ℝ} (hs : 0 < s) (hs1 : s ≤ 1) (hu : 0 < u) (hu1 : u ≤ 1) :
  Real.log u ≤ Real.log s + (u - s) / s - (u - s) ^ 2 / (2 * s)
info: ManuscriptCheck.lean:759:0: BorceaVariance.finite_log_loss {m : ℕ} (u : Fin m → ℝ) {s : ℝ} (hpos : ∀ (j : Fin m), 0 < u j)
  (hle : ∀ (j : Fin m), u j ≤ 1) (hs : 0 < s) (hs1 : s ≤ 1) (hsum : ∑ j, u j = ↑m * s) :
  Real.log (∏ j, u j) ≤ ↑m * Real.log s - (∑ j, (u j - s) ^ 2) / (2 * s)
info: ManuscriptCheck.lean:761:0: BorceaVariance.finite_product_radial_loss {m : ℕ} (u : Fin m → ℝ) {s : ℝ} (hpos : ∀ (j : Fin m), 0 < u j)
  (hle : ∀ (j : Fin m), u j ≤ 1) (hs : 0 < s) (hs1 : s ≤ 1) (hsum : ∑ j, u j = ↑m * s) :
  ∏ j, u j ≤ s ^ m * Real.exp ((-∑ j, (u j - s) ^ 2) / (2 * s))
info: ManuscriptCheck.lean:763:0: BorceaVariance.reciprocal_packing_pointwise {m : ℕ} (hm : 2 ≤ m) (a : ℝ) (ζ : Fin m → ℂ) {s η L : ℝ} (hη : 0 < η)
  (hηs : η < s) (hs : BorceaVariance.secondMoment (BorceaVariance.reciprocalFamily a ζ) ≤ s)
  (hprod : L ≤ ∏ j, ‖BorceaVariance.reciprocalFamily a ζ j‖ ^ 2) (hkernel : BorceaVariance.packingKernel m s η < L)
  (j : Fin m) : η < ‖BorceaVariance.reciprocalFamily a ζ j‖ ^ 2
info: ManuscriptCheck.lean:765:0: BorceaVariance.finite_packing_distance_sum {m : ℕ} (q : Fin m → ℂ) {η L : ℝ} (hη : 0 < η) (hη1 : η < 1)
  (hunit : ∀ (j : Fin m), ‖q j‖ ≤ 1) (hlower : ∀ (j : Fin m), η ≤ ‖q j‖ ^ 2) (hL : 0 < L) (hprod : L ≤ ∏ j, ‖q j‖ ^ 2)
  (k : ℕ) (hlow : η ^ (k + 1) ≤ L) (hhigh : L ≤ η ^ k) :
  ∑ j, ‖(q j)⁻¹ - (starRingEnd ℂ) (q j)‖ ≤ ↑k * (1 - η) / √η + (1 - L / η ^ k) / √(L / η ^ k)
info: ManuscriptCheck.lean:767:0: BorceaVariance.finite_packing_inverse_sum {m : ℕ} (q : Fin m → ℂ) {η L : ℝ} (hη : 0 < η) (hη1 : η < 1)
  (hunit : ∀ (j : Fin m), ‖q j‖ ≤ 1) (hlower : ∀ (j : Fin m), η ≤ ‖q j‖ ^ 2) (hL : 0 < L) (hprod : L ≤ ∏ j, ‖q j‖ ^ 2)
  (k : ℕ) (hlow : η ^ (k + 1) ≤ L) (hhigh : L ≤ η ^ k) : ∑ j, ‖(q j)⁻¹‖ ^ 2 ≤ ↑k / η + 1 / (L / η ^ k) + ↑m - ↑k - 1
info: ManuscriptCheck.lean:769:0: BorceaVariance.reciprocal_packing_distance {m : ℕ} (hm : 0 < m) (a : ℝ) (ζ : Fin m → ℂ) (hcenter : ∑ j, ζ j = 0)
  (hfar : ∀ (j : Fin m), 1 < ‖↑a - ζ j‖) {η L : ℝ} (hη : 0 < η) (hη1 : η < 1)
  (hlower : ∀ (j : Fin m), η ≤ ‖BorceaVariance.reciprocalFamily a ζ j‖ ^ 2) (hL : 0 < L)
  (hprod : L ≤ ∏ j, ‖BorceaVariance.reciprocalFamily a ζ j‖ ^ 2) (k : ℕ) (hlow : η ^ (k + 1) ≤ L) (hhigh : L ≤ η ^ k) :
  ↑m * ‖↑a - BorceaVariance.mean (BorceaVariance.reciprocalFamily a ζ)‖ ≤
    ↑k * (1 - η) / √η + (1 - L / η ^ k) / √(L / η ^ k)
info: ManuscriptCheck.lean:771:0: BorceaVariance.reciprocal_packing_variance {m : ℕ} (hm : 0 < m) (a : ℝ) (ζ : Fin m → ℂ) (hcenter : ∑ j, ζ j = 0)
  (hfar : ∀ (j : Fin m), 1 < ‖↑a - ζ j‖) {η L : ℝ} (hη : 0 < η) (hη1 : η < 1)
  (hlower : ∀ (j : Fin m), η ≤ ‖BorceaVariance.reciprocalFamily a ζ j‖ ^ 2) (hL : 0 < L)
  (hprod : L ≤ ∏ j, ‖BorceaVariance.reciprocalFamily a ζ j‖ ^ 2) (k : ℕ) (hlow : η ^ (k + 1) ≤ L) (hhigh : L ≤ η ^ k) :
  BorceaVariance.secondMoment ζ ≤ (↑k / η + 1 / (L / η ^ k) + ↑m - ↑k - 1) / ↑m - a ^ 2
info: ManuscriptCheck.lean:773:0: BorceaVariance.reciprocal_packing {m : ℕ} (hm : 2 ≤ m) (a : ℝ) (ζ : Fin m → ℂ) (hcenter : ∑ j, ζ j = 0)
  (hfar : ∀ (j : Fin m), 1 < ‖↑a - ζ j‖) {s η L : ℝ} (hη : 0 < η) (hηs : η < s) (hs1 : s ≤ 1)
  (hs : BorceaVariance.secondMoment (BorceaVariance.reciprocalFamily a ζ) ≤ s) (hL : 0 < L)
  (hprod : L ≤ ∏ j, ‖BorceaVariance.reciprocalFamily a ζ j‖ ^ 2) (hkernel : BorceaVariance.packingKernel m s η < L)
  (k : ℕ) (hlow : η ^ (k + 1) ≤ L) (hhigh : L ≤ η ^ k) :
  (∀ (j : Fin m), η < ‖BorceaVariance.reciprocalFamily a ζ j‖ ^ 2) ∧
    ↑m * ‖↑a - BorceaVariance.mean (BorceaVariance.reciprocalFamily a ζ)‖ ≤
        ↑k * (1 - η) / √η + (1 - L / η ^ k) / √(L / η ^ k) ∧
      BorceaVariance.secondMoment ζ ≤ (↑k / η + 1 / (L / η ^ k) + ↑m - ↑k - 1) / ↑m - a ^ 2
info: ManuscriptCheck.lean:775:0: BorceaVariance.hasDerivAt_packingDefect (t : ℝ) : HasDerivAt BorceaVariance.packingDefect (Real.cosh (t / 2)) t
info: ManuscriptCheck.lean:777:0: BorceaVariance.hasDerivAt_packingDefect_deriv (t : ℝ) :
  HasDerivAt (fun x => Real.cosh (x / 2)) (Real.sinh (t / 2) / 2) t
info: ManuscriptCheck.lean:779:0: BorceaVariance.packingDefect_convex (ell : ℝ) : ConvexOn ℝ (Set.Icc 0 ell) BorceaVariance.packingDefect
info: ManuscriptCheck.lean:781:0: BorceaVariance.packingDefect_monotone : Monotone BorceaVariance.packingDefect
info: ManuscriptCheck.lean:783:0: BorceaVariance.packingDefect_neg_log {u : ℝ} (hu : 0 < u) : BorceaVariance.packingDefect (-Real.log u) = (1 - u) / √u
info: ManuscriptCheck.lean:785:0: BorceaVariance.packing_exp_neg_log {u : ℝ} (hu : 0 < u) : Real.exp (-Real.log u) = u⁻¹
info: ManuscriptCheck.lean:787:0: BorceaVariance.hasDerivAt_packingKernel {m : ℕ} (hm : 2 ≤ m) (s x : ℝ) :
  HasDerivAt (BorceaVariance.packingKernel m s) (↑m * (s - x) / (↑m - 1) * ((↑m * s - x) / (↑m - 1)) ^ (m - 2)) x
info: ManuscriptCheck.lean:789:0: BorceaVariance.packingKernel_monotone {m : ℕ} (hm : 2 ≤ m) {s : ℝ} (hs : 0 ≤ s) :
  MonotoneOn (BorceaVariance.packingKernel m s) (Set.Icc 0 s)
info: ManuscriptCheck.lean:791:0: BorceaVariance.packing_product_upper {m : ℕ} (hm : 2 ≤ m) (u : Fin m → ℝ) (hu : ∀ (j : Fin m), 0 ≤ u j) {s : ℝ}
  (hsum : ∑ j, u j ≤ ↑m * s) (j : Fin m) : ∏ i, u i ≤ BorceaVariance.packingKernel m s (u j)
info: ManuscriptCheck.lean:793:0: BorceaVariance.packing_pointwise_lower {m : ℕ} (hm : 2 ≤ m) (u : Fin m → ℝ) (hu : ∀ (j : Fin m), 0 ≤ u j) {s η L : ℝ}
  (hη : 0 < η) (hηs : η < s) (hsum : ∑ j, u j ≤ ↑m * s) (hprod : L ≤ ∏ j, u j)
  (hkernel : BorceaVariance.packingKernel m s η < L) (j : Fin m) : η < u j
info: ManuscriptCheck.lean:795:0: BorceaVariance.meanPhase_scale {m : ℕ} (q : Fin m → ℂ) (hμ : BorceaVariance.mean q ≠ 0) (a : ℝ) :
  ↑(a * ‖BorceaVariance.mean q‖) * BorceaVariance.meanPhase q = ↑a * BorceaVariance.mean q
info: ManuscriptCheck.lean:797:0: BorceaVariance.mean_phase_integral_bound {m : ℕ} (q : Fin m → ℂ) (hμ : BorceaVariance.mean q ≠ 0) {a d ε : ℝ}
  (ha : 0 ≤ a) (hh1 : a * ‖BorceaVariance.mean q‖ ≤ 1) (hd : ‖1 - ↑a * BorceaVariance.mean q‖ ≤ d)
  (hε : ‖BorceaVariance.meanPhase q - 1‖ ≤ ε) :
  ‖BorceaVariance.meanPhase q ^ 2 * BorceaVariance.quadraticKernel m (↑a * BorceaVariance.mean q) -
        ↑(BorceaVariance.realQuadraticKernel m (a * ‖BorceaVariance.mean q‖))‖ ≤
    BorceaVariance.phaseError m (a * ‖BorceaVariance.mean q‖) d ε
info: ManuscriptCheck.lean:799:0: BorceaVariance.quadratic_phase_signed_lower {m : ℕ} (hm : 0 < m) (q : Fin m → ℂ) (hμ : BorceaVariance.mean q ≠ 0)
  {a d ε Kmin L : ℝ} (ha : 0 ≤ a) (hh1 : a * ‖BorceaVariance.mean q‖ ≤ 1) (hd : ‖1 - ↑a * BorceaVariance.mean q‖ ≤ d)
  (hε : ‖BorceaVariance.meanPhase q - 1‖ ≤ ε)
  (hK : Kmin ≤ BorceaVariance.realQuadraticKernel m (a * ‖BorceaVariance.mean q‖)) (hK0 : 0 ≤ Kmin)
  (hL :
    L ≤ (BorceaVariance.elementarySymmetric (fun j => BorceaVariance.rotateToMean q j - ↑‖BorceaVariance.mean q‖) 2).re)
  (hL0 : 0 ≤ L) :
  Kmin * L -
      ↑m / 2 * BorceaVariance.centeredVariance q * BorceaVariance.phaseError m (a * ‖BorceaVariance.mean q‖) d ε ≤
    (BorceaVariance.elementarySymmetric (fun j => q j - BorceaVariance.mean q) 2 *
        BorceaVariance.quadraticKernel m (↑a * BorceaVariance.mean q)).re
info: ManuscriptCheck.lean:801:0: BorceaVariance.signed_coefficient_integral_test {m : ℕ} (hm : 2 ≤ m) (q : Fin m → ℂ) (hμ : BorceaVariance.mean q ≠ 0)
  {a d ε Kmin L Cbound : ℝ} (ha : 0 ≤ a) (hh1 : a * ‖BorceaVariance.mean q‖ ≤ 1)
  (hd : ‖1 - ↑a * BorceaVariance.mean q‖ ≤ d) (hε : ‖BorceaVariance.meanPhase q - 1‖ ≤ ε)
  (hK : Kmin ≤ BorceaVariance.realQuadraticKernel m (a * ‖BorceaVariance.mean q‖)) (hK0 : 0 ≤ Kmin)
  (hL :
    L ≤ (BorceaVariance.elementarySymmetric (fun j => BorceaVariance.rotateToMean q j - ↑‖BorceaVariance.mean q‖) 2).re)
  (hL0 : 0 ≤ L) (J : ℂ) (horigin : ↑(m + 1) * ∫ (t : ℝ) in 0..1, BorceaVariance.originProduct q a t = (-1) ^ m * J)
  (hC : ‖↑a * BorceaVariance.mean q * J‖ ≤ Cbound) :
  1 ≤
    Cbound + d ^ (m + 1) - a ^ 2 * Kmin * L +
        ↑m * a ^ 2 * BorceaVariance.centeredVariance q / 2 *
          BorceaVariance.phaseError m (a * ‖BorceaVariance.mean q‖) d ε +
      a * ‖BorceaVariance.mean q‖ *
        ∑ k ∈ Finset.Ico 3 (m + 1),
          (a ^ 2 * BorceaVariance.centeredVariance q * (↑k - 1) / (↑m - 1)) ^ (↑k / 2) *
            BorceaVariance.integralPowerSum k (m - k) d
info: ManuscriptCheck.lean:803:0: BorceaVariance.normalized_signed_coefficient_test {n : ℕ} (hn : 4 ≤ n) (Cex : BorceaVariance.NormalizedCounterexample n)
  (z ζ : Fin (n - 1) → ℂ)
  (hz : Cex.polynomial = (Polynomial.X - Polynomial.C ↑Cex.distinguished) * ∏ j, (Polynomial.X - Polynomial.C (z j)))
  (hζ : ↑(List.ofFn ζ) = (Polynomial.derivative Cex.polynomial).roots) {d ε Kmin L Cbound : ℝ}
  (hh : 0 < Cex.distinguished * ‖BorceaVariance.mean (BorceaVariance.reciprocalFamily Cex.distinguished ζ)‖)
  (hh1 : Cex.distinguished * ‖BorceaVariance.mean (BorceaVariance.reciprocalFamily Cex.distinguished ζ)‖ ≤ 1)
  (hd : ‖1 - ↑Cex.distinguished * BorceaVariance.mean (BorceaVariance.reciprocalFamily Cex.distinguished ζ)‖ ≤ d)
  (hε : ‖BorceaVariance.meanPhase (BorceaVariance.reciprocalFamily Cex.distinguished ζ) - 1‖ ≤ ε)
  (hK :
    Kmin ≤
      BorceaVariance.realQuadraticKernel (n - 1)
        (Cex.distinguished * ‖BorceaVariance.mean (BorceaVariance.reciprocalFamily Cex.distinguished ζ)‖))
  (hK0 : 0 ≤ Kmin)
  (hL :
    L ≤
      (BorceaVariance.elementarySymmetric
          (fun j =>
            BorceaVariance.rotateToMean (BorceaVariance.reciprocalFamily Cex.distinguished ζ) j -
              ↑‖BorceaVariance.mean (BorceaVariance.reciprocalFamily Cex.distinguished ζ)‖)
          2).re)
  (hL0 : 0 < L)
  (hC :
    ‖↑Cex.distinguished * BorceaVariance.mean (BorceaVariance.reciprocalFamily Cex.distinguished ζ) *
          BorceaVariance.jointProduct z (BorceaVariance.reciprocalFamily Cex.distinguished ζ)‖ ≤
      Cbound) :
  have q := BorceaVariance.reciprocalFamily Cex.distinguished ζ;
  1 ≤
    Cbound + d ^ n - Cex.distinguished ^ 2 * Kmin * L +
        (↑n - 1) * Cex.distinguished ^ 2 * BorceaVariance.centeredVariance q / 2 *
          BorceaVariance.phaseError (n - 1) (Cex.distinguished * ‖BorceaVariance.mean q‖) d ε +
      Cex.distinguished * ‖BorceaVariance.mean q‖ *
        ∑ k ∈ Finset.Ico 3 n,
          (Cex.distinguished ^ 2 * BorceaVariance.centeredVariance q * (↑k - 1) / (↑n - 2)) ^ (↑k / 2) *
            BorceaVariance.integralPowerSum k (n - 1 - k) d
info: ManuscriptCheck.lean:805:0: BorceaVariance.complex_pow_difference_bound (A B : ℂ) {R : ℝ} (hA : ‖A‖ ≤ R) (hB : ‖B‖ ≤ R) (p : ℕ) :
  ‖A ^ p - B ^ p‖ ≤ ↑p * ‖A - B‖ * R ^ (p - 1)
info: ManuscriptCheck.lean:807:0: BorceaVariance.unit_cube_difference_bound {u : ℂ} (hu : ‖u‖ = 1) : ‖u ^ 3 - 1‖ ≤ 3 * ‖u - 1‖
info: ManuscriptCheck.lean:809:0: BorceaVariance.phase_integrand_bound {u : ℂ} (hu : ‖u‖ = 1) {h d ε t : ℝ} (hh : 0 ≤ h) (hh1 : h ≤ 1)
  (hd : ‖1 - ↑h * u‖ ≤ d) (hε : ‖u - 1‖ ≤ ε) (ht : 0 ≤ t) (ht1 : t ≤ 1) (p : ℕ) :
  ‖u ^ 3 * (1 - ↑h * u * ↑t) ^ p - (1 - ↑h * ↑t) ^ p‖ ≤
    ε * (3 * (1 - t + d * t) ^ p + ↑p * h * t * (1 - t + d * t) ^ (p - 1))
info: ManuscriptCheck.lean:811:0: BorceaVariance.quadraticKernel_real (m : ℕ) (h : ℝ) :
  BorceaVariance.quadraticKernel m ↑h = ↑(BorceaVariance.realQuadraticKernel m h)
info: ManuscriptCheck.lean:813:0: BorceaVariance.realQuadraticKernel_nonneg (m : ℕ) {h : ℝ} (hh : 0 ≤ h) (hh1 : h ≤ 1) :
  0 ≤ BorceaVariance.realQuadraticKernel m h
info: ManuscriptCheck.lean:815:0: BorceaVariance.phase_integral_bound (m : ℕ) {u : ℂ} (hu : ‖u‖ = 1) {h d ε : ℝ} (hh : 0 ≤ h) (hh1 : h ≤ 1)
  (hd : ‖1 - ↑h * u‖ ≤ d) (hε : ‖u - 1‖ ≤ ε) :
  ‖u ^ 2 * BorceaVariance.quadraticKernel m (↑h * u) - BorceaVariance.quadraticKernel m ↑h‖ ≤
    (↑m + 1) * h * ε *
      (3 * BorceaVariance.integralPolynomial 2 (m - 2) d + ↑(m - 2) * h * BorceaVariance.integralPolynomial 3 (m - 3) d)
info: ManuscriptCheck.lean:817:0: BorceaVariance.elementarySymmetric_zero {m : ℕ} (w : Fin m → ℂ) : BorceaVariance.elementarySymmetric w 0 = 1
info: ManuscriptCheck.lean:819:0: BorceaVariance.elementarySymmetric_one {m : ℕ} (w : Fin m → ℂ) : BorceaVariance.elementarySymmetric w 1 = ∑ j, w j
info: ManuscriptCheck.lean:821:0: BorceaVariance.elementarySymmetric_mul {m : ℕ} (w : Fin m → ℂ) (c : ℂ) (k : ℕ) :
  BorceaVariance.elementarySymmetric (fun j => c * w j) k = c ^ k * BorceaVariance.elementarySymmetric w k
info: ManuscriptCheck.lean:823:0: BorceaVariance.finite_product_expansion {m : ℕ} (w : Fin m → ℂ) (D c : ℂ) :
  ∏ j, (D + c * w j) = ∑ k ∈ Finset.range (m + 1), c ^ k * BorceaVariance.elementarySymmetric w k * D ^ (m - k)
info: ManuscriptCheck.lean:825:0: BorceaVariance.centered_product_expansion {m : ℕ} (hm : 0 < m) (w : Fin m → ℂ) (hcenter : ∑ j, w j = 0) (D c : ℂ) :
  ∏ j, (D + c * w j) = D ^ m + ∑ k ∈ Finset.Ico 2 (m + 1), c ^ k * BorceaVariance.elementarySymmetric w k * D ^ (m - k)
info: ManuscriptCheck.lean:827:0: BorceaVariance.origin_centered_product_expansion {m : ℕ} (hm : 0 < m) (q : Fin m → ℂ) (a t : ℝ) :
  BorceaVariance.centeredError q a t =
    ∑ k ∈ Finset.Ico 2 (m + 1),
      (-↑a * ↑t) ^ k * BorceaVariance.elementarySymmetric (fun j => q j - BorceaVariance.mean q) k *
        (1 - ↑a * BorceaVariance.mean q * ↑t) ^ (m - k)
info: ManuscriptCheck.lean:829:0: BorceaVariance.center_linear_factor_bound {z : ℂ} {d t : ℝ} (hd : ‖1 - z‖ ≤ d) (ht : 0 ≤ t) (ht1 : t ≤ 1) :
  ‖1 - z * ↑t‖ ≤ 1 - t + d * t
info: ManuscriptCheck.lean:831:0: BorceaVariance.quadratic_main (p : Polynomial ℂ) (hn : p.natDegree = 2) (a : ℂ) (ha : Polynomial.eval a p = 0) :
  ∃ z, Polynomial.eval z (Polynomial.derivative p) = 0 ∧ ‖a - z‖ ≤ BorceaVariance.sigma2 p
info: ManuscriptCheck.lean:833:0: BorceaVariance.elementarySymmetric_two_identity {m : ℕ} (w : Fin m → ℂ) :
  2 * BorceaVariance.elementarySymmetric w 2 = (∑ j, w j) ^ 2 - ∑ j, w j ^ 2
info: ManuscriptCheck.lean:835:0: BorceaVariance.centered_elementarySymmetric_two {m : ℕ} (w : Fin m → ℂ) (hcenter : ∑ j, w j = 0) :
  BorceaVariance.elementarySymmetric w 2 = (-∑ j, w j ^ 2) / 2
info: ManuscriptCheck.lean:837:0: BorceaVariance.centered_elementarySymmetric_two_real {m : ℕ} (w : Fin m → ℂ) (hcenter : ∑ j, w j = 0) :
  (BorceaVariance.elementarySymmetric w 2).re = (∑ j, ‖w j‖ ^ 2) / 2 - ∑ j, (w j).re ^ 2
info: ManuscriptCheck.lean:839:0: BorceaVariance.rotateToMean_centered {m : ℕ} (q : Fin m → ℂ) (hμ : BorceaVariance.mean q ≠ 0) (j : Fin m) :
  BorceaVariance.rotateToMean q j - ↑‖BorceaVariance.mean q‖ =
    ↑‖BorceaVariance.mean q‖ / BorceaVariance.mean q * (q j - BorceaVariance.mean q)
info: ManuscriptCheck.lean:841:0: BorceaVariance.rotated_centered_energy {m : ℕ} (hm : 0 < m) (q : Fin m → ℂ) (hμ : BorceaVariance.mean q ≠ 0) :
  ∑ j, ‖BorceaVariance.rotateToMean q j - ↑‖BorceaVariance.mean q‖‖ ^ 2 = ↑m * BorceaVariance.centeredVariance q
info: ManuscriptCheck.lean:843:0: BorceaVariance.rotated_quadratic_real {m : ℕ} (hm : 0 < m) (q : Fin m → ℂ) (hμ : BorceaVariance.mean q ≠ 0) :
  (BorceaVariance.elementarySymmetric (fun j => BorceaVariance.rotateToMean q j - ↑‖BorceaVariance.mean q‖) 2).re =
    ↑m / 2 * BorceaVariance.centeredVariance q -
      ↑m * BorceaVariance.realCoordinateVariance (BorceaVariance.rotateToMean q) ‖BorceaVariance.mean q‖
info: ManuscriptCheck.lean:845:0: BorceaVariance.meanPhase_norm {m : ℕ} (q : Fin m → ℂ) (hμ : BorceaVariance.mean q ≠ 0) :
  ‖BorceaVariance.meanPhase q‖ = 1
info: ManuscriptCheck.lean:847:0: BorceaVariance.meanPhase_centered {m : ℕ} (q : Fin m → ℂ) (hμ : BorceaVariance.mean q ≠ 0) (j : Fin m) :
  q j - BorceaVariance.mean q =
    BorceaVariance.meanPhase q * (BorceaVariance.rotateToMean q j - ↑‖BorceaVariance.mean q‖)
info: ManuscriptCheck.lean:849:0: BorceaVariance.elementarySymmetric_meanPhase {m : ℕ} (q : Fin m → ℂ) (hμ : BorceaVariance.mean q ≠ 0) (k : ℕ) :
  BorceaVariance.elementarySymmetric (fun j => q j - BorceaVariance.mean q) k =
    BorceaVariance.meanPhase q ^ k *
      BorceaVariance.elementarySymmetric (fun j => BorceaVariance.rotateToMean q j - ↑‖BorceaVariance.mean q‖) k
info: ManuscriptCheck.lean:851:0: BorceaVariance.centered_quadratic_norm {m : ℕ} (w : Fin m → ℂ) (hcenter : ∑ j, w j = 0) :
  ‖BorceaVariance.elementarySymmetric w 2‖ ≤ (∑ j, ‖w j‖ ^ 2) / 2
info: ManuscriptCheck.lean:853:0: BorceaVariance.rotated_quadratic_norm {m : ℕ} (hm : 0 < m) (q : Fin m → ℂ) (hμ : BorceaVariance.mean q ≠ 0) :
  ‖BorceaVariance.elementarySymmetric (fun j => BorceaVariance.rotateToMean q j - ↑‖BorceaVariance.mean q‖) 2‖ ≤
    ↑m / 2 * BorceaVariance.centeredVariance q
info: ManuscriptCheck.lean:855:0: BorceaVariance.real_product_perturbation_lower (e z : ℂ) {r E : ℝ} (hE : ‖z - ↑r‖ ≤ E) : r * e.re - ‖e‖ * E ≤ (e * z).re
info: ManuscriptCheck.lean:857:0: BorceaVariance.quadratic_signed_lower (e u K : ℂ) {Kreal Kmin L E R : ℝ} (hphase : ‖u ^ 2 * K - ↑Kreal‖ ≤ E)
  (hK : Kmin ≤ Kreal) (hK0 : 0 ≤ Kmin) (hL : L ≤ e.re) (hL0 : 0 ≤ L) (hnorm : ‖e‖ ≤ R) :
  Kmin * L - R * E ≤ (u ^ 2 * e * K).re
info: ManuscriptCheck.lean:859:0: BorceaVariance.centered_error_quadratic_split {m : ℕ} (hm : 2 ≤ m) (q : Fin m → ℂ) (a t : ℝ) :
  BorceaVariance.centeredError q a t =
    ↑a ^ 2 * BorceaVariance.elementarySymmetric (fun j => q j - BorceaVariance.mean q) 2 *
        (↑t ^ 2 * (1 - ↑a * BorceaVariance.mean q * ↑t) ^ (m - 2)) +
      BorceaVariance.centeredTail q a 3 t
info: ManuscriptCheck.lean:861:0: BorceaVariance.centered_error_quadratic_integral {m : ℕ} (hm : 2 ≤ m) (q : Fin m → ℂ) (a : ℝ) :
  ↑(m + 1) * ↑a * BorceaVariance.mean q * ∫ (t : ℝ) in 0..1, BorceaVariance.centeredError q a t =
    ↑a ^ 2 * BorceaVariance.elementarySymmetric (fun j => q j - BorceaVariance.mean q) 2 *
        BorceaVariance.quadraticKernel m (↑a * BorceaVariance.mean q) +
      ↑(m + 1) * ↑a * BorceaVariance.mean q * ∫ (t : ℝ) in 0..1, BorceaVariance.centeredTail q a 3 t
info: ManuscriptCheck.lean:863:0: BorceaVariance.signed_center_identity {m : ℕ} (hm : 2 ≤ m) (q : Fin m → ℂ) (a : ℝ) (J : ℂ)
  (horigin : ↑(m + 1) * ∫ (t : ℝ) in 0..1, BorceaVariance.originProduct q a t = (-1) ^ m * J) :
  (-1) ^ m * ↑a * BorceaVariance.mean q * J + (1 - ↑a * BorceaVariance.mean q) ^ (m + 1) -
        ↑a ^ 2 * BorceaVariance.elementarySymmetric (fun j => q j - BorceaVariance.mean q) 2 *
          BorceaVariance.quadraticKernel m (↑a * BorceaVariance.mean q) -
      ↑(m + 1) * ↑a * BorceaVariance.mean q * ∫ (t : ℝ) in 0..1, BorceaVariance.centeredTail q a 3 t =
    1
info: ManuscriptCheck.lean:865:0: BorceaVariance.signed_integral_norm_test {m : ℕ} (hm : 2 ≤ m) (q : Fin m → ℂ) {a : ℝ} (ha : 0 ≤ a) (J : ℂ)
  (horigin : ↑(m + 1) * ∫ (t : ℝ) in 0..1, BorceaVariance.originProduct q a t = (-1) ^ m * J) {Cbound d Qlower : ℝ}
  (hC : ‖↑a * BorceaVariance.mean q * J‖ ≤ Cbound) (hd : ‖1 - ↑a * BorceaVariance.mean q‖ ≤ d)
  (hQ :
    Qlower ≤
      (BorceaVariance.elementarySymmetric (fun j => q j - BorceaVariance.mean q) 2 *
          BorceaVariance.quadraticKernel m (↑a * BorceaVariance.mean q)).re) :
  1 ≤
    Cbound + d ^ (m + 1) - a ^ 2 * Qlower +
      (↑m + 1) * a * ‖BorceaVariance.mean q‖ * ‖∫ (t : ℝ) in 0..1, BorceaVariance.centeredTail q a 3 t‖
info: ManuscriptCheck.lean:867:0: BorceaVariance.inverse_conjugate_eq_defect_mul_inv {z : ℂ} (hz : z ≠ 0) : z⁻¹ - (starRingEnd ℂ) z = ↑(1 - ‖z‖ ^ 2) * z⁻¹
info: ManuscriptCheck.lean:869:0: BorceaVariance.reciprocal_inverse_error_norm {m : ℕ} (hm : 0 < m) (a : ℝ) (ζ : Fin m → ℂ) (hcenter : ∑ j, ζ j = 0) :
  ‖∑ j, ((BorceaVariance.reciprocalFamily a ζ j)⁻¹ - (starRingEnd ℂ) (BorceaVariance.reciprocalFamily a ζ j))‖ =
    ↑m * ‖↑a - BorceaVariance.mean (BorceaVariance.reciprocalFamily a ζ)‖
info: ManuscriptCheck.lean:871:0: BorceaVariance.reciprocal_sq_lower {m : ℕ} (hm : 0 < m) (a : ℝ) (ζ : Fin m → ℂ) (hfar : ∀ (j : Fin m), 1 < ‖↑a - ζ j‖)
  (j : Fin m) :
  1 - ↑m * (1 - BorceaVariance.secondMoment (BorceaVariance.reciprocalFamily a ζ)) ≤
    ‖BorceaVariance.reciprocalFamily a ζ j‖ ^ 2
info: ManuscriptCheck.lean:873:0: BorceaVariance.finite_radial_mean_bound {m : ℕ} (hm : 0 < m) (a : ℝ) (ζ : Fin m → ℂ) (hcenter : ∑ j, ζ j = 0)
  (hfar : ∀ (j : Fin m), 1 < ‖↑a - ζ j‖)
  (hsmall : ↑m * (1 - BorceaVariance.secondMoment (BorceaVariance.reciprocalFamily a ζ)) < 1) :
  ‖↑a - BorceaVariance.mean (BorceaVariance.reciprocalFamily a ζ)‖ ^ 2 ≤
    (1 - BorceaVariance.secondMoment (BorceaVariance.reciprocalFamily a ζ)) ^ 2 /
      (1 - ↑m * (1 - BorceaVariance.secondMoment (BorceaVariance.reciprocalFamily a ζ)))
info: ManuscriptCheck.lean:875:0: BorceaVariance.finite_radial_variance_bound {m : ℕ} (hm : 0 < m) (a : ℝ) (ζ : Fin m → ℂ) (hcenter : ∑ j, ζ j = 0)
  (hfar : ∀ (j : Fin m), 1 < ‖↑a - ζ j‖)
  (hsmall : ↑m * (1 - BorceaVariance.secondMoment (BorceaVariance.reciprocalFamily a ζ)) < 1) :
  BorceaVariance.secondMoment ζ ≤
    1 +
        (1 - BorceaVariance.secondMoment (BorceaVariance.reciprocalFamily a ζ)) /
          (1 - ↑m * (1 - BorceaVariance.secondMoment (BorceaVariance.reciprocalFamily a ζ))) -
      a ^ 2
info: ManuscriptCheck.lean:877:0: BorceaVariance.product_radial_bound {m : ℕ} (hm : 0 < m) (a : ℝ) (ζ : Fin m → ℂ) (hcenter : ∑ j, ζ j = 0)
  (hfar : ∀ (j : Fin m), 1 < ‖↑a - ζ j‖) :
  ↑m * ‖↑a - BorceaVariance.mean (BorceaVariance.reciprocalFamily a ζ)‖ ≤
    (∏ j, ‖BorceaVariance.reciprocalFamily a ζ j‖)⁻¹ - ∏ j, ‖BorceaVariance.reciprocalFamily a ζ j‖
info: ManuscriptCheck.lean:879:0: BorceaVariance.product_radial_sqrt_bound {m : ℕ} (hm : 0 < m) (a : ℝ) (ζ : Fin m → ℂ) (hcenter : ∑ j, ζ j = 0)
  (hfar : ∀ (j : Fin m), 1 < ‖↑a - ζ j‖) :
  ↑m * ‖↑a - BorceaVariance.mean (BorceaVariance.reciprocalFamily a ζ)‖ ≤
    (√(∏ j, ‖BorceaVariance.reciprocalFamily a ζ j‖ ^ 2))⁻¹ - √(∏ j, ‖BorceaVariance.reciprocalFamily a ζ j‖ ^ 2)
info: ManuscriptCheck.lean:881:0: BorceaVariance.product_radial_square_bound {m : ℕ} (hm : 0 < m) (a : ℝ) (ζ : Fin m → ℂ) (hcenter : ∑ j, ζ j = 0)
  (hfar : ∀ (j : Fin m), 1 < ‖↑a - ζ j‖) :
  ↑m ^ 2 * ‖↑a - BorceaVariance.mean (BorceaVariance.reciprocalFamily a ζ)‖ ^ 2 *
      ∏ j, ‖BorceaVariance.reciprocalFamily a ζ j‖ ^ 2 ≤
    (1 - ∏ j, ‖BorceaVariance.reciprocalFamily a ζ j‖ ^ 2) ^ 2
info: ManuscriptCheck.lean:883:0: BorceaVariance.reciprocal_radial_covariance {m : ℕ} (hm : 0 < m) (a : ℝ) (ζ : Fin m → ℂ) (hcenter : ∑ j, ζ j = 0)
  (hne : ∀ (j : Fin m), ↑a - ζ j ≠ 0) :
  ∑ j,
      (starRingEnd ℂ) (ζ j) *
        ↑(‖BorceaVariance.reciprocalFamily a ζ j‖ ^ 2 -
            BorceaVariance.secondMoment (BorceaVariance.reciprocalFamily a ζ)) =
    -↑m *
      (BorceaVariance.mean (BorceaVariance.reciprocalFamily a ζ) -
        ↑(a * BorceaVariance.secondMoment (BorceaVariance.reciprocalFamily a ζ)))
info: ManuscriptCheck.lean:885:0: BorceaVariance.reciprocal_radial_variance_lower {m : ℕ} (hm : 0 < m) (a : ℝ) (ζ : Fin m → ℂ) (hcenter : ∑ j, ζ j = 0)
  (hne : ∀ (j : Fin m), ↑a - ζ j ≠ 0) {V : ℝ} (hVpos : 0 < V) (hV : BorceaVariance.secondMoment ζ ≤ V) :
  ↑m *
        ‖BorceaVariance.mean (BorceaVariance.reciprocalFamily a ζ) -
              ↑(a * BorceaVariance.secondMoment (BorceaVariance.reciprocalFamily a ζ))‖ ^
          2 /
      V ≤
    ∑ j,
      (‖BorceaVariance.reciprocalFamily a ζ j‖ ^ 2 -
          BorceaVariance.secondMoment (BorceaVariance.reciprocalFamily a ζ)) ^
        2
info: ManuscriptCheck.lean:887:0: BorceaVariance.reciprocal_radial_loss {m : ℕ} (hm : 0 < m) (a : ℝ) (ζ : Fin m → ℂ) (hcenter : ∑ j, ζ j = 0)
  (hfar : ∀ (j : Fin m), 1 < ‖↑a - ζ j‖) {V : ℝ} (hVpos : 0 < V) (hV : BorceaVariance.secondMoment ζ ≤ V) :
  ∏ j, ‖BorceaVariance.reciprocalFamily a ζ j‖ ^ 2 ≤
    BorceaVariance.secondMoment (BorceaVariance.reciprocalFamily a ζ) ^ m *
      Real.exp
        (-(↑m *
              ‖BorceaVariance.mean (BorceaVariance.reciprocalFamily a ζ) -
                    ↑(a * BorceaVariance.secondMoment (BorceaVariance.reciprocalFamily a ζ))‖ ^
                2) /
          (2 * BorceaVariance.secondMoment (BorceaVariance.reciprocalFamily a ζ) * V))
info: ManuscriptCheck.lean:889:0: BorceaVariance.reciprocal_product_amgm {m : ℕ} (hm : 0 < m) (a : ℝ) (ζ : Fin m → ℂ) :
  ∏ j, ‖BorceaVariance.reciprocalFamily a ζ j‖ ^ 2 ≤
    BorceaVariance.secondMoment (BorceaVariance.reciprocalFamily a ζ) ^ m
info: ManuscriptCheck.lean:891:0: BorceaVariance.rotateToMean_norm {m : ℕ} (q : Fin m → ℂ) (hμ : BorceaVariance.mean q ≠ 0) (j : Fin m) :
  ‖BorceaVariance.rotateToMean q j‖ = ‖q j‖
info: ManuscriptCheck.lean:893:0: BorceaVariance.rotateToMean_sum {m : ℕ} (hm : 0 < m) (q : Fin m → ℂ) (hμ : BorceaVariance.mean q ≠ 0) :
  ∑ j, BorceaVariance.rotateToMean q j = ↑m * ↑‖BorceaVariance.mean q‖
info: ManuscriptCheck.lean:895:0: BorceaVariance.finite_real_coordinate_lower {m : ℕ} (hm : 0 < m) (q : Fin m → ℂ) {r t₀ : ℝ} (hr : 0 < r)
  (hsum : ∑ j, q j = ↑m * ↑r) (hunit : ∀ (j : Fin m), ‖q j‖ ≤ 1) (ht : ∀ (j : Fin m), t₀ ≤ ‖q j‖ ^ 2) (j : Fin m) :
  BorceaVariance.realCoordinateLower m r t₀ ≤ (q j).re
info: ManuscriptCheck.lean:897:0: BorceaVariance.finite_real_variance_of_bounds {m : ℕ} (hm : 0 < m) (q : Fin m → ℂ) {r L : ℝ} (hsum : ∑ j, q j = ↑m * ↑r)
  (hunit : ∀ (j : Fin m), ‖q j‖ ≤ 1) (hlower : ∀ (j : Fin m), L ≤ (q j).re) :
  BorceaVariance.realCoordinateVariance q r ≤ (1 - r) * (r - L)
info: ManuscriptCheck.lean:899:0: BorceaVariance.finite_real_variance_bound {m : ℕ} (hm : 0 < m) (q : Fin m → ℂ) {r t₀ : ℝ} (hr : 0 < r)
  (hsum : ∑ j, q j = ↑m * ↑r) (hunit : ∀ (j : Fin m), ‖q j‖ ≤ 1) (ht : ∀ (j : Fin m), t₀ ≤ ‖q j‖ ^ 2) :
  BorceaVariance.realCoordinateVariance q r ≤
    min ((↑m - 1) * (1 - r) ^ 2) ((1 - r) * (r - BorceaVariance.realCoordinateLower m r t₀))
info: ManuscriptCheck.lean:901:0: BorceaVariance.rotated_real_variance_bound {m : ℕ} (hm : 0 < m) (q : Fin m → ℂ) (hμ : BorceaVariance.mean q ≠ 0)
  {t₀ : ℝ} (hunit : ∀ (j : Fin m), ‖q j‖ ≤ 1) (ht : ∀ (j : Fin m), t₀ ≤ ‖q j‖ ^ 2) :
  (∀ (j : Fin m),
      BorceaVariance.realCoordinateLower m ‖BorceaVariance.mean q‖ t₀ ≤ (BorceaVariance.rotateToMean q j).re) ∧
    BorceaVariance.realCoordinateVariance (BorceaVariance.rotateToMean q) ‖BorceaVariance.mean q‖ ≤
      min ((↑m - 1) * (1 - ‖BorceaVariance.mean q‖) ^ 2)
        ((1 - ‖BorceaVariance.mean q‖) *
          (‖BorceaVariance.mean q‖ - BorceaVariance.realCoordinateLower m ‖BorceaVariance.mean q‖ t₀))
info: ManuscriptCheck.lean:903:0: BorceaVariance.bhatia_davis.{u_1} {ι : Type u_1} (s : Finset ι) (w x : ι → ℝ) {L U b : ℝ} (hw : ∀ i ∈ s, 0 ≤ w i)
  (hx : ∀ i ∈ s, L ≤ x i ∧ x i ≤ U) (hs : ∑ i ∈ s, w i = 1) (hb : ∑ i ∈ s, w i * x i = b) :
  ∑ i ∈ s, w i * (x i - b) ^ 2 ≤ (U - b) * (b - L)
info: ManuscriptCheck.lean:905:0: BorceaVariance.inverse_root_centered_sum {m : ℕ} (hm : 0 < m) (d : Fin m → ℂ) (hne : ∀ (j : Fin m), d j ≠ 0) :
  ∑ j, (d j - BorceaVariance.mean d) * ((d j)⁻¹ - BorceaVariance.mean fun i => (d i)⁻¹) =
    ↑m * (1 - BorceaVariance.mean d * BorceaVariance.mean fun i => (d i)⁻¹)
info: ManuscriptCheck.lean:907:0: BorceaVariance.inverse_root_cauchy {m : ℕ} (hm : 0 < m) (d : Fin m → ℂ) (hne : ∀ (j : Fin m), d j ≠ 0) :
  ‖1 - BorceaVariance.mean d * BorceaVariance.mean fun i => (d i)⁻¹‖ ^ 2 ≤
    BorceaVariance.centeredVariance d * BorceaVariance.centeredVariance fun i => (d i)⁻¹
info: ManuscriptCheck.lean:909:0: BorceaVariance.real_sub_mul_norm_identity (A B : ℝ) (M : ℂ) :
  B - A ^ 2 + ‖↑A - ↑B * M‖ ^ 2 = B * (1 - 2 * A * M.re + B * ‖M‖ ^ 2)
info: ManuscriptCheck.lean:911:0: BorceaVariance.inverse_root_covariance {m : ℕ} (hm : 0 < m) (d : Fin m → ℂ) (hne : ∀ (j : Fin m), d j ≠ 0) {A B : ℝ}
  (hA : BorceaVariance.mean d = ↑A) (hB : BorceaVariance.secondMoment d = B) (hC : 0 < B - A ^ 2) :
  1 + ‖↑A - ↑B * BorceaVariance.mean fun i => (d i)⁻¹‖ ^ 2 / (B - A ^ 2) ≤
    B * BorceaVariance.secondMoment fun i => (d i)⁻¹
info: ManuscriptCheck.lean:913:0: BorceaVariance.inverse_root_covariance_zero {m : ℕ} (hm : 0 < m) (d : Fin m → ℂ) (hne : ∀ (j : Fin m), d j ≠ 0)
  {A B : ℝ} (hA : BorceaVariance.mean d = ↑A) (hB : BorceaVariance.secondMoment d = B) (hC : B - A ^ 2 = 0) :
  (↑A - ↑B * BorceaVariance.mean fun i => (d i)⁻¹) = 0
info: ManuscriptCheck.lean:915:0: BorceaVariance.constant_of_centeredVariance_zero {m : ℕ} (hm : 0 < m) (d : Fin m → ℂ)
  (hv : BorceaVariance.centeredVariance d = 0) (j : Fin m) : d j = BorceaVariance.mean d
info: ManuscriptCheck.lean:917:0: BorceaVariance.rootVariance_identity {n : ℕ} (hn : 2 ≤ n) (a : ℝ) :
  BorceaVariance.rootVariance n a = BorceaVariance.rootSecondMoment n a - BorceaVariance.rootMean n a ^ 2
info: ManuscriptCheck.lean:919:0: BorceaVariance.rootSecondMoment_pos {n : ℕ} (hn : 2 ≤ n) (a : ℝ) : 0 < BorceaVariance.rootSecondMoment n a
info: ManuscriptCheck.lean:921:0: BorceaVariance.normalized_root_mean {n : ℕ} (hn : 2 ≤ n) (a : ℝ) (z : Fin (n - 1) → ℂ) (hcenter : ↑a + ∑ j, z j = 0) :
  (BorceaVariance.mean fun j => ↑a - z j) = ↑(BorceaVariance.rootMean n a)
info: ManuscriptCheck.lean:923:0: BorceaVariance.normalized_root_secondMoment {n : ℕ} (hn : 2 ≤ n) (a : ℝ) (z : Fin (n - 1) → ℂ)
  (hcenter : ↑a + ∑ j, z j = 0) (henergy : a ^ 2 + ∑ j, ‖z j‖ ^ 2 = ↑n) :
  (BorceaVariance.secondMoment fun j => ↑a - z j) = BorceaVariance.rootSecondMoment n a
info: ManuscriptCheck.lean:925:0: BorceaVariance.normalized_root_variance {n : ℕ} (hn : 2 ≤ n) (a : ℝ) (z : Fin (n - 1) → ℂ) (hcenter : ↑a + ∑ j, z j = 0)
  (henergy : a ^ 2 + ∑ j, ‖z j‖ ^ 2 = ↑n) :
  (BorceaVariance.centeredVariance fun j => ↑a - z j) = BorceaVariance.rootVariance n a
info: ManuscriptCheck.lean:927:0: BorceaVariance.normalized_root_product_identity {n : ℕ} (Cex : BorceaVariance.NormalizedCounterexample n)
  (z ζ : Fin (n - 1) → ℂ)
  (hz : Cex.polynomial = (Polynomial.X - Polynomial.C ↑Cex.distinguished) * ∏ j, (Polynomial.X - Polynomial.C (z j)))
  (hζ : ↑(List.ofFn ζ) = (Polynomial.derivative Cex.polynomial).roots) :
  (∏ j, ‖↑Cex.distinguished - z j‖ ^ 2) * ∏ j, ‖BorceaVariance.reciprocalFamily Cex.distinguished ζ j‖ ^ 2 = ↑n ^ 2
info: ManuscriptCheck.lean:929:0: BorceaVariance.normalized_root_product {n : ℕ} (hn : 4 ≤ n) (Cex : BorceaVariance.NormalizedCounterexample n)
  (ζ : Fin (n - 1) → ℂ) (hζ : ↑(List.ofFn ζ) = (Polynomial.derivative Cex.polynomial).roots)
  (hC : 0 < BorceaVariance.rootVariance n Cex.distinguished) :
  ↑n ^ 2 / BorceaVariance.rootSecondMoment n Cex.distinguished ^ (n - 1) *
      (1 +
        BorceaVariance.rootGamma n Cex.distinguished
          (BorceaVariance.mean (BorceaVariance.reciprocalFamily Cex.distinguished ζ))) ≤
    ∏ j, ‖BorceaVariance.reciprocalFamily Cex.distinguished ζ j‖ ^ 2
info: ManuscriptCheck.lean:931:0: BorceaVariance.normalized_root_product_zero {n : ℕ} (hn : 2 ≤ n) (Cex : BorceaVariance.NormalizedCounterexample n)
  (ζ : Fin (n - 1) → ℂ) (hζ : ↑(List.ofFn ζ) = (Polynomial.derivative Cex.polynomial).roots)
  (hC : BorceaVariance.rootVariance n Cex.distinguished = 0) :
  ↑(BorceaVariance.rootMean n Cex.distinguished) -
        ↑(BorceaVariance.rootSecondMoment n Cex.distinguished) *
          (BorceaVariance.mean (BorceaVariance.reciprocalFamily Cex.distinguished ζ) / 2) =
      0 ∧
    ∏ j, ‖BorceaVariance.reciprocalFamily Cex.distinguished ζ j‖ ^ 2 =
      ↑n ^ 2 / BorceaVariance.rootSecondMoment n Cex.distinguished ^ (n - 1)
info: ManuscriptCheck.lean:933:0: BorceaVariance.radialLoss_nonneg {m : ℕ} (a : ℝ) (q : Fin m → ℂ) {V : ℝ} (hV : 0 ≤ V) :
  0 ≤ BorceaVariance.radialLoss a q V
info: ManuscriptCheck.lean:935:0: BorceaVariance.reciprocal_norm_product_radial_loss {m : ℕ} (hm : 0 < m) (a : ℝ) (ζ : Fin m → ℂ) (hcenter : ∑ j, ζ j = 0)
  (hfar : ∀ (j : Fin m), 1 < ‖↑a - ζ j‖) {V : ℝ} (hVpos : 0 < V) (hV : BorceaVariance.secondMoment ζ ≤ V) :
  ∏ j, ‖BorceaVariance.reciprocalFamily a ζ j‖ ≤
    BorceaVariance.secondMoment (BorceaVariance.reciprocalFamily a ζ) ^ (↑m / 2) *
      Real.exp (-BorceaVariance.radialLoss a (BorceaVariance.reciprocalFamily a ζ) V / 2)
info: ManuscriptCheck.lean:937:0: BorceaVariance.normalized_stable_product {n : ℕ} (hn : 2 ≤ n) (Cex : BorceaVariance.NormalizedCounterexample n)
  (ζ : Fin (n - 1) → ℂ) (hζ : ↑(List.ofFn ζ) = (Polynomial.derivative Cex.polynomial).roots) {V : ℝ} (hVpos : 0 < V)
  (hV : BorceaVariance.secondMoment ζ ≤ V) :
  ↑n ^ 2 *
      Real.exp (BorceaVariance.radialLoss Cex.distinguished (BorceaVariance.reciprocalFamily Cex.distinguished ζ) V) ≤
    (↑n / (↑n - 1) * (1 + Cex.distinguished ^ 2) *
        BorceaVariance.secondMoment (BorceaVariance.reciprocalFamily Cex.distinguished ζ)) ^
      (n - 1)
info: ManuscriptCheck.lean:939:0: BorceaVariance.cofactorSum_zero : BorceaVariance.cofactorSum 0 = 0
info: ManuscriptCheck.lean:941:0: BorceaVariance.constantCoeff_linear_product (s : Multiset ℝ) :
  (Multiset.map (fun x => Polynomial.X + Polynomial.C x) s).prod.coeff 0 = s.prod
info: ManuscriptCheck.lean:943:0: BorceaVariance.cofactorSum_cons (x : ℝ) (s : Multiset ℝ) :
  BorceaVariance.cofactorSum (x ::ₘ s) = s.prod + x * BorceaVariance.cofactorSum s
info: ManuscriptCheck.lean:945:0: BorceaVariance.cofactorSum_eq_esymm (s : Multiset ℝ) (hs : 0 < s.card) :
  BorceaVariance.cofactorSum s = s.esymm (s.card - 1)
info: ManuscriptCheck.lean:947:0: BorceaVariance.cofactorSum_tangent_lower (s : Multiset ℝ) (h : ∀ x ∈ s, 0 ≤ x) :
  (2 * ↑s.card - s.sum) * s.prod ≤ BorceaVariance.cofactorSum s
info: ManuscriptCheck.lean:949:0: BorceaVariance.cofactorSum_smoothing (s : Multiset ℝ) {x y : ℝ} (hs : ∀ z ∈ s, 0 ≤ z) (hx : x ≤ 1) (hy : 1 ≤ y)
  (hsum : s.sum ≤ ↑s.card + 1) :
  BorceaVariance.cofactorSum (x ::ₘ y ::ₘ s) - (↑s.card - 1) * (x * y * s.prod) ≤
    BorceaVariance.cofactorSum ((x + y - 1) ::ₘ s) - (↑s.card - 2) * ((x + y - 1) * s.prod)
info: ManuscriptCheck.lean:951:0: BorceaVariance.cofactorSum_le_normalized (s : Multiset ℝ) (hs : ∀ x ∈ s, 0 ≤ x) (hsum : s.sum = ↑s.card) :
  BorceaVariance.cofactorSum s ≤ 3 + (↑s.card - 3) * s.prod
info: ManuscriptCheck.lean:953:0: BorceaVariance.symmetric_inequality (s : Multiset ℝ) (hs : 3 ≤ s.card) (hnonneg : ∀ x ∈ s, 0 ≤ x)
  (hsum : s.sum = ↑s.card) : s.esymm (s.card - 1) ≤ 3 + (↑s.card - 3) * s.prod
info: ManuscriptCheck.lean:955:0: BorceaVariance.cofactorSum_eq_product_inverse_sum (s : Multiset ℝ) (hne : ∀ x ∈ s, x ≠ 0) :
  BorceaVariance.cofactorSum s = s.prod * (Multiset.map (fun x => x⁻¹) s).sum
info: ManuscriptCheck.lean:957:0: BorceaVariance.symmetric_inverse_product {m : ℕ} (hm : 3 ≤ m) (ξ : Fin m → ℝ) (hpos : ∀ (j : Fin m), 0 < ξ j)
  (hsum : ∑ j, ξ j = ↑m) {δ : ℝ} (hδ : ↑m * (1 + δ) ≤ ∑ j, (ξ j)⁻¹) : (∏ j, ξ j) * (1 + ↑m / 3 * δ) ≤ 1
info: ManuscriptCheck.lean:959:0: BorceaVariance.normalized_norm_product_improvement {m : ℕ} (hm : 3 ≤ m) (d : Fin m → ℂ) (hne : ∀ (j : Fin m), d j ≠ 0)
  {B δ : ℝ} (hB : 0 < B) (henergy : ∑ j, ‖d j‖ ^ 2 = ↑m * B)
  (hδ : 1 + δ ≤ B * BorceaVariance.secondMoment fun j => (d j)⁻¹) : (∏ j, ‖d j‖ ^ 2) * (1 + ↑m / 3 * δ) ≤ B ^ m
info: ManuscriptCheck.lean:961:0: BorceaVariance.real_tao_product.{u_1} {ι : Type u_1} (S : Finset ι) (f : ι → ℝ) (hpos : ∀ j ∈ S, 0 < f j)
  (hle : ∀ j ∈ S, f j ≤ 1) : (∏ j ∈ S, f j) * ∑ j ∈ S, ((f j)⁻¹ - f j) ≤ 1 - (∏ j ∈ S, f j) ^ 2
info: ManuscriptCheck.lean:963:0: BorceaVariance.inverse_conjugate_norm {z : ℂ} (hz : z ≠ 0) (hz1 : ‖z‖ ≤ 1) : ‖z⁻¹ - (starRingEnd ℂ) z‖ = ‖z‖⁻¹ - ‖z‖
info: ManuscriptCheck.lean:965:0: BorceaVariance.tao_product {m : ℕ} (ξ : Fin m → ℂ) (hpos : ∀ (j : Fin m), 0 < ‖ξ j‖) (hle : ∀ (j : Fin m), ‖ξ j‖ ≤ 1) :
  (∏ j, ‖ξ j‖) * ∑ j, ‖(ξ j)⁻¹ - (starRingEnd ℂ) (ξ j)‖ ≤ 1 - ∏ j, ‖ξ j‖ ^ 2
Build completed successfully (3597 jobs).

