Challenge : Prop
solution : Challenge
BorceaVariance.MainStatement : Prop
BorceaVariance.phi_nonneg {m : ℕ} {a : ℝ} (ha : 0 ≤ a) (hb : 0 ≤ 1 + (1 - a ^ 2) / ↑m) : 0 ≤ BorceaVariance.Phi m a
BorceaVariance.phi_sq {m : ℕ} (a : ℝ) (hb : 0 ≤ 1 + (1 - a ^ 2) / ↑m) :
  BorceaVariance.Phi m a ^ 2 = a ^ 2 * (1 + (1 - a ^ 2) / ↑m) ^ m
BorceaVariance.phi_le_one {m : ℕ} (hm : 0 < m) {a : ℝ} (ha : 0 ≤ a) (hb : 0 ≤ 1 + (1 - a ^ 2) / ↑m) :
  BorceaVariance.Phi m a ≤ 1
BorceaVariance.phi_le_psi {m : ℕ} (hm : 0 < m) {a : ℝ} (ha : 0 ≤ a) (hb : 0 ≤ 1 + (1 - a ^ 2) / ↑m) :
  BorceaVariance.Phi m a ≤ BorceaVariance.Psi a
BorceaVariance.normalized_other_shift_energy {n : ℕ} (hn : 2 ≤ n) (a : ℝ) (z : Fin (n - 1) → ℂ)
  (hcenter : ↑a + ∑ j, z j = 0) (henergy : a ^ 2 + ∑ j, ‖z j‖ ^ 2 = ↑n) : ∑ j, ‖↑a - z j‖ ^ 2 = ↑n * (1 + a ^ 2)
BorceaVariance.normalized_basic_product {n : ℕ} (hn : 2 ≤ n) (Cex : BorceaVariance.NormalizedCounterexample n)
  (ζ : Fin (n - 1) → ℂ) (hζ : ↑(List.ofFn ζ) = (Polynomial.derivative Cex.polynomial).roots) :
  ↑n ^ 2 ≤
    (↑n / (↑n - 1) * (1 + Cex.distinguished ^ 2) *
        BorceaVariance.secondMoment (BorceaVariance.reciprocalFamily Cex.distinguished ζ)) ^
      (n - 1)
BorceaVariance.Certificate.multiplyUp_sound {S : ℕ} (hS : 0 < S) {x y : ℝ} {X Y : ℚ} (hx : 0 ≤ x) (hy : 0 ≤ y)
  (hX : x ≤ ↑X) (hY : y ≤ ↑Y) : x * y ≤ ↑(BorceaVariance.Certificate.multiplyUp S X Y)
BorceaVariance.Certificate.subtractDown_sound {S : ℕ} (hS : 0 < S) {u c : ℝ} {U C : ℚ} (hU : u ≤ ↑U) (hC0 : 0 ≤ C)
  (hC : ↑C ≤ c) : u - c ≤ ↑(U - BorceaVariance.Certificate.downward S C)
BorceaVariance.Certificate.upperPower_sound {S : ℕ} (hS : 0 < S) {x : ℚ} (hx : 0 ≤ x) (n : ℕ) :
  ↑x ^ n ≤ ↑(BorceaVariance.Certificate.upperPower S x n)
BorceaVariance.Certificate.upperSqrt_sound {S : ℕ} (hS : 0 < S) {x : ℚ} (hx : 0 ≤ x) :
  √↑x ≤ ↑(BorceaVariance.Certificate.upperSqrt S x)
BorceaVariance.Certificate.upperHalfPower_sound {S : ℕ} (hS : 0 < S) {x : ℚ} (hx : 0 ≤ x) (n : ℕ) :
  ↑x ^ (↑n / 2) ≤ ↑(BorceaVariance.Certificate.upperHalfPower S x n)
BorceaVariance.Certificate.taylor32_le_exp {x : ℚ} (hx : 0 ≤ x) : ↑(BorceaVariance.Certificate.taylor32 x) ≤ Real.exp ↑x
BorceaVariance.Certificate.varianceBox_upper {n : ℕ} (hn : 2 ≤ n)
  (P : BorceaVariance.Certificate.CounterexampleParameters n) (B : BorceaVariance.Certificate.Box)
  (hx : B.Contains P.point) (hrl : 0 ≤ (B 1).lo) :
  BorceaVariance.centeredVariance P.q ≤ ↑(BorceaVariance.Certificate.varianceBox B)
BorceaVariance.Certificate.rhoLower_sound (D : BorceaVariance.Certificate.DegreeBlock)
  (B : BorceaVariance.Certificate.Box) (n : ℕ) (hn : 2 ≤ n) (hdegree : D.Contains n)
  (P : BorceaVariance.Certificate.CounterexampleParameters n) (hx : B.Contains P.point) (hrl : 0 ≤ (B 1).lo)
  (hsu : (B 2).hi ≤ 1) :
  ↑(BorceaVariance.Certificate.rhoLower D B) ≤
    2 * P.configuration.distinguished * (BorceaVariance.mean P.q).re -
      P.configuration.distinguished ^ 2 * BorceaVariance.secondMoment P.q
BorceaVariance.Certificate.betaCoefficient_lower {n : ℕ} (P : BorceaVariance.Certificate.CounterexampleParameters n)
  (B : BorceaVariance.Certificate.Box) (hx : B.Contains P.point) (hal : 0 ≤ (B 0).lo) (hsl : 0 ≤ (B 2).lo) :
  ↑(BorceaVariance.Certificate.betaCoefficient B) ≤ P.configuration.distinguished ^ 2 * BorceaVariance.secondMoment P.q
BorceaVariance.Certificate.beta_majorant_sound (D : BorceaVariance.Certificate.DegreeBlock)
  (B : BorceaVariance.Certificate.Box) (n : ℕ) (hn : 2 ≤ n) (hdegree : D.Contains n)
  (P : BorceaVariance.Certificate.CounterexampleParameters n) (hx : B.Contains P.point) (hal : 0 ≤ (B 0).lo)
  (hrl : 0 ≤ (B 1).lo) (hsl : 0 ≤ (B 2).lo) (hsu : (B 2).hi ≤ 1) {t : ℝ} (ht : 0 ≤ t) (ht1 : t ≤ 1) :
  BorceaVariance.beta P.configuration.distinguished (BorceaVariance.mean P.q) (BorceaVariance.secondMoment P.q) t ≤
    1 - ↑(BorceaVariance.Certificate.rhoLower D B) * t - ↑(BorceaVariance.Certificate.betaCoefficient B) * t * (1 - t)
BorceaVariance.Certificate.center_denominator_lower (B : BorceaVariance.Certificate.Box) {n : ℕ}
  (P : BorceaVariance.Certificate.CounterexampleParameters n) (hx : B.Contains P.point) (hal : 0 ≤ (B 0).lo)
  (hrl : 0 ≤ (B 1).lo) {l u : ℚ} (hl : 0 ≤ l) {t : ℝ} (ht : t ∈ Set.Icc ↑l ↑u) :
  ↑(BorceaVariance.Certificate.centerDenominator B l u) ≤
    ‖1 - ↑P.configuration.distinguished * ↑t * BorceaVariance.mean P.q‖
BorceaVariance.Certificate.center_first_coefficients_bounds {S : ℕ} (hS : 0 < S)
  (D : BorceaVariance.Certificate.DegreeBlock) {n : ℕ} (hn : 3 ≤ n) (hd : D.Contains n) {delta : ℚ} (hdelta : 0 < delta)
  {K : ℝ} (hK : ↑delta ≤ K) :
  ↑(n - 1) / (2 * K) * BorceaVariance.omissionConstant (n - 1) 1 ≤
      ↑(BorceaVariance.Certificate.centerFirstBetaCoefficient S D delta) ∧
    ↑(n - 1) / (2 * K) * BorceaVariance.omissionConstant (n - 1) 1 ^ 2 ≤
      ↑(BorceaVariance.Certificate.centerFirstLinearCoefficient S D delta)
BorceaVariance.Certificate.center_first_box_pointwise {S : ℕ} (hS : 0 < S) (D : BorceaVariance.Certificate.DegreeBlock)
  (B : BorceaVariance.Certificate.Box) (R : BorceaVariance.Certificate.Refinement) (hlo : 4 ≤ D.lower) {n : ℕ}
  (hd : D.Contains n) (P : BorceaVariance.Certificate.CounterexampleParameters n) (hx : B.Contains P.point)
  (hc : BorceaVariance.Certificate.refinementCheck D B R = true)
  (hK : BorceaVariance.Certificate.upperSqrt S (BorceaVariance.Certificate.refinedEndpointSquare D B R) ≤ 1) {l u : ℚ}
  (hl : 0 ≤ l) (hu : u ≤ 1) (hden : 0 < BorceaVariance.Certificate.centerDenominator B l u) {t : ℝ}
  (ht : t ∈ Set.Icc ↑l ↑u) :
  ‖BorceaVariance.centeredError P.q P.configuration.distinguished t‖ ≤
      P.configuration.distinguished ^ 2 * BorceaVariance.centeredVariance P.q * t ^ 2 *
          ↑(BorceaVariance.Certificate.centerFirstBetaCoefficient S D
              (BorceaVariance.Certificate.centerDenominator B l u)) *
        BorceaVariance.Certificate.quadraticEnvelope (BorceaVariance.Certificate.refinedRho D B R)
            (BorceaVariance.Certificate.betaCoefficient B) t ^
          (↑(D.lower - 2) / 2) ∧
    ‖BorceaVariance.centeredError P.q P.configuration.distinguished t‖ ≤
      P.configuration.distinguished ^ 2 * BorceaVariance.centeredVariance P.q * t ^ 2 *
          ↑(BorceaVariance.Certificate.centerFirstLinearCoefficient S D
              (BorceaVariance.Certificate.centerDenominator B l u)) *
        BorceaVariance.Certificate.linearEnvelope
            (BorceaVariance.Certificate.upperSqrt S (BorceaVariance.Certificate.refinedEndpointSquare D B R)) t ^
          ↑(D.lower - 2)
BorceaVariance.Certificate.centered_error_norm_continuous {m : ℕ} (q : Fin m → ℂ) (a : ℝ) :
  Continuous fun t => ‖BorceaVariance.centeredError q a t‖
BorceaVariance.Certificate.center_second_segment_bound {S : ℕ} (hS : 0 < S) (D : BorceaVariance.Certificate.DegreeBlock)
  (B : BorceaVariance.Certificate.Box) (R : BorceaVariance.Certificate.Refinement) (hlo : 5 ≤ D.lower) {n : ℕ}
  (hd : D.Contains n) (P : BorceaVariance.Certificate.CounterexampleParameters n) (hx : B.Contains P.point)
  (hc : BorceaVariance.Certificate.refinementCheck D B R = true)
  (hK : BorceaVariance.Certificate.upperSqrt S (BorceaVariance.Certificate.refinedEndpointSquare D B R) ≤ 1) {l r : ℚ}
  (hl : 0 ≤ l) (hlr : l ≤ r) (hr : r ≤ 1) :
  ∫ (t : ℝ) in ↑l..↑r, ‖BorceaVariance.centeredError P.q P.configuration.distinguished t‖ ≤
    P.configuration.distinguished ^ 2 * BorceaVariance.centeredVariance P.q *
      ↑(BorceaVariance.Certificate.centerSecondSegment S D B R l r)
BorceaVariance.Certificate.center_first_segment_bound {S : ℕ} (hS : 0 < S) (D : BorceaVariance.Certificate.DegreeBlock)
  (B : BorceaVariance.Certificate.Box) (R : BorceaVariance.Certificate.Refinement) (hlo : 4 ≤ D.lower) {n : ℕ}
  (hd : D.Contains n) (P : BorceaVariance.Certificate.CounterexampleParameters n) (hx : B.Contains P.point)
  (hc : BorceaVariance.Certificate.refinementCheck D B R = true)
  (hK : BorceaVariance.Certificate.upperSqrt S (BorceaVariance.Certificate.refinedEndpointSquare D B R) ≤ 1) {l r : ℚ}
  (hl : 0 ≤ l) (hlr : l ≤ r) (hr : r ≤ 1) (hden : 0 < BorceaVariance.Certificate.centerDenominator B l r) :
  ∫ (t : ℝ) in ↑l..↑r, ‖BorceaVariance.centeredError P.q P.configuration.distinguished t‖ ≤
    P.configuration.distinguished ^ 2 * BorceaVariance.centeredVariance P.q *
      ↑(BorceaVariance.Certificate.centerFirstSegment S D B R l r)
BorceaVariance.Certificate.center_segment_bound {S : ℕ} (hS : 0 < S) (D : BorceaVariance.Certificate.DegreeBlock)
  (B : BorceaVariance.Certificate.Box) (R : BorceaVariance.Certificate.Refinement) (hlo : 5 ≤ D.lower) {n : ℕ}
  (hd : D.Contains n) (P : BorceaVariance.Certificate.CounterexampleParameters n) (hx : B.Contains P.point)
  (hc : BorceaVariance.Certificate.refinementCheck D B R = true)
  (hK : BorceaVariance.Certificate.upperSqrt S (BorceaVariance.Certificate.refinedEndpointSquare D B R) ≤ 1) {l r : ℚ}
  (hl : 0 ≤ l) (hlr : l ≤ r) (hr : r ≤ 1) :
  ∫ (t : ℝ) in ↑l..↑r, ‖BorceaVariance.centeredError P.q P.configuration.distinguished t‖ ≤
    P.configuration.distinguished ^ 2 * BorceaVariance.centeredVariance P.q *
      ↑(BorceaVariance.Certificate.centerSegment S D B R l r)
BorceaVariance.Certificate.center_quadrature_bound {S : ℕ} (hS : 0 < S) (D : BorceaVariance.Certificate.DegreeBlock)
  (B : BorceaVariance.Certificate.Box) (R : BorceaVariance.Certificate.Refinement) (hlo : 5 ≤ D.lower) {n : ℕ}
  (hd : D.Contains n) (P : BorceaVariance.Certificate.CounterexampleParameters n) (hx : B.Contains P.point)
  (hc : BorceaVariance.Certificate.refinementCheck D B R = true)
  (hK : BorceaVariance.Certificate.upperSqrt S (BorceaVariance.Certificate.refinedEndpointSquare D B R) ≤ 1) {N : ℕ}
  {p : ℕ → ℚ} (hmesh : BorceaVariance.Certificate.meshCheck N p = true) :
  ∫ (t : ℝ) in 0..1, ‖BorceaVariance.centeredError P.q P.configuration.distinguished t‖ ≤
    P.configuration.distinguished ^ 2 * BorceaVariance.centeredVariance P.q *
      ↑(BorceaVariance.Certificate.centerQuadrature S D B R N p)
BorceaVariance.Certificate.center_error_integral_rounded {S : ℕ} (hS : 0 < S)
  (D : BorceaVariance.Certificate.DegreeBlock) (B : BorceaVariance.Certificate.Box)
  (R : BorceaVariance.Certificate.Refinement) (hlo : 5 ≤ D.lower) {n : ℕ} (hd : D.Contains n)
  (P : BorceaVariance.Certificate.CounterexampleParameters n) (hx : B.Contains P.point)
  (hc : BorceaVariance.Certificate.refinementCheck D B R = true)
  (hK : BorceaVariance.Certificate.upperSqrt S (BorceaVariance.Certificate.refinedEndpointSquare D B R) ≤ 1) {N : ℕ}
  {p : ℕ → ℚ} (hmesh : BorceaVariance.Certificate.meshCheck N p = true) :
  ‖∫ (t : ℝ) in 0..1, BorceaVariance.centeredError P.q P.configuration.distinguished t‖ ≤
    P.configuration.distinguished ^ 2 * BorceaVariance.centeredVariance P.q *
      ↑(BorceaVariance.Certificate.centerQuadrature S D B R N p)
BorceaVariance.Certificate.half_power_unit_box {S : ℕ} (hS : 0 < S) {x : ℝ} {X : ℚ} (hx : 0 ≤ x) (hX : x ≤ ↑X)
  (hX1 : X ≤ 1) {k n : ℕ} (hkn : k ≤ n) : x ^ (↑n / 2) ≤ ↑(BorceaVariance.Certificate.upperHalfPower S X k)
BorceaVariance.Certificate.centerEndpointSquare_le_one (D : BorceaVariance.Certificate.DegreeBlock)
  (B : BorceaVariance.Certificate.Box) (R : BorceaVariance.Certificate.Refinement)
  (hc : BorceaVariance.Certificate.refinementCheck D B R = true) :
  BorceaVariance.Certificate.centerEndpointSquare D B R ≤ 1
BorceaVariance.Certificate.center_endpoint_power_upper {S : ℕ} (hS : 0 < S) (D : BorceaVariance.Certificate.DegreeBlock)
  (B : BorceaVariance.Certificate.Box) (R : BorceaVariance.Certificate.Refinement) {n : ℕ} (hd : D.Contains n)
  (P : BorceaVariance.Certificate.CounterexampleParameters n) (hx : B.Contains P.point)
  (hc : BorceaVariance.Certificate.refinementCheck D B R = true) :
  ‖1 - ↑P.configuration.distinguished * BorceaVariance.mean P.q‖ ^ n ≤
    ↑(BorceaVariance.Certificate.upperHalfPower S (BorceaVariance.Certificate.centerEndpointSquare D B R) D.lower)
BorceaVariance.Certificate.center_integral_factor_bounds (D : BorceaVariance.Certificate.DegreeBlock)
  (B : BorceaVariance.Certificate.Box) {n : ℕ} (hd : D.Contains n)
  (P : BorceaVariance.Certificate.CounterexampleParameters n) (hx : B.Contains P.point) {I : ℚ} (hI0 : 0 ≤ I) :
  0 ≤ ↑n * P.configuration.distinguished ^ 3 * ‖BorceaVariance.mean P.q‖ * ↑I ∧
    ↑n * P.configuration.distinguished ^ 3 * ‖BorceaVariance.mean P.q‖ * ↑I ≤
      ↑(BorceaVariance.Certificate.centerIntegralFactor D B I)
BorceaVariance.Certificate.center_integral_term_upper (D : BorceaVariance.Certificate.DegreeBlock)
  (B : BorceaVariance.Certificate.Box) {n : ℕ} (hn : 2 ≤ n) (hd : D.Contains n)
  (P : BorceaVariance.Certificate.CounterexampleParameters n) (hx : B.Contains P.point) {I : ℚ} (hI0 : 0 ≤ I)
  (hI :
    ‖∫ (t : ℝ) in 0..1, BorceaVariance.centeredError P.q P.configuration.distinguished t‖ ≤
      P.configuration.distinguished ^ 2 * BorceaVariance.centeredVariance P.q * ↑I) :
  ↑n * P.configuration.distinguished * ‖BorceaVariance.mean P.q‖ *
      ‖∫ (t : ℝ) in 0..1, BorceaVariance.centeredError P.q P.configuration.distinguished t‖ ≤
    ↑(BorceaVariance.Certificate.centerIntegralFactor D B I) * BorceaVariance.centeredVariance P.q
BorceaVariance.Certificate.center_second_coefficients_bounds {S : ℕ} (hS : 0 < S)
  (D : BorceaVariance.Certificate.DegreeBlock) {n : ℕ} (hn : 4 ≤ n) (hd : D.Contains n) :
  ↑(n - 1) * ↑(n - 2) / 2 * BorceaVariance.omissionConstant (n - 1) 2 ≤
      ↑(BorceaVariance.Certificate.centerSecondBetaCoefficient S D) ∧
    ↑(n - 1) * ↑(n - 2) / 2 * BorceaVariance.omissionConstant (n - 1) 2 ^ 2 ≤
      ↑(BorceaVariance.Certificate.centerSecondLinearCoefficient S D)
BorceaVariance.Certificate.center_second_box_pointwise {S : ℕ} (hS : 0 < S) (D : BorceaVariance.Certificate.DegreeBlock)
  (B : BorceaVariance.Certificate.Box) (R : BorceaVariance.Certificate.Refinement) (hlo : 5 ≤ D.lower) {n : ℕ}
  (hd : D.Contains n) (P : BorceaVariance.Certificate.CounterexampleParameters n) (hx : B.Contains P.point)
  (hc : BorceaVariance.Certificate.refinementCheck D B R = true)
  (hK : BorceaVariance.Certificate.upperSqrt S (BorceaVariance.Certificate.refinedEndpointSquare D B R) ≤ 1) {t : ℝ}
  (ht : t ∈ Set.Icc 0 1) :
  ‖BorceaVariance.centeredError P.q P.configuration.distinguished t‖ ≤
      P.configuration.distinguished ^ 2 * BorceaVariance.centeredVariance P.q * t ^ 2 *
          ↑(BorceaVariance.Certificate.centerSecondBetaCoefficient S D) *
        BorceaVariance.Certificate.quadraticEnvelope (BorceaVariance.Certificate.refinedRho D B R)
            (BorceaVariance.Certificate.betaCoefficient B) t ^
          (↑(D.lower - 3) / 2) ∧
    ‖BorceaVariance.centeredError P.q P.configuration.distinguished t‖ ≤
      P.configuration.distinguished ^ 2 * BorceaVariance.centeredVariance P.q * t ^ 2 *
          ↑(BorceaVariance.Certificate.centerSecondLinearCoefficient S D) *
        BorceaVariance.Certificate.linearEnvelope
            (BorceaVariance.Certificate.upperSqrt S (BorceaVariance.Certificate.refinedEndpointSquare D B R)) t ^
          ↑(D.lower - 3)
BorceaVariance.Certificate.box_exclusion_of_eq {B C : BorceaVariance.Certificate.Box} (heq : B = C) {n : ℕ}
  (h : ∀ (x : BorceaVariance.Certificate.Point), C.Contains x → ¬BorceaVariance.Certificate.Admissible n x)
  (x : BorceaVariance.Certificate.Point) : B.Contains x → ¬BorceaVariance.Certificate.Admissible n x
BorceaVariance.Certificate.leaf_check_sound {S : ℕ} (hS : 0 < S) (D : BorceaVariance.Certificate.DegreeBlock)
  (B : BorceaVariance.Certificate.Box) (l : BorceaVariance.Certificate.Leaf)
  (E : BorceaVariance.Certificate.LeafEvidence) (n : ℕ) (hn : 2 ≤ n) (hd : D.Contains n)
  (ht : BorceaVariance.Certificate.leafCheck S D B l E = true) (x : BorceaVariance.Certificate.Point) :
  B.Contains x → ¬BorceaVariance.Certificate.Admissible n x
BorceaVariance.Certificate.Tree.checked_exclusion {S : ℕ} (hS : 0 < S) (D : BorceaVariance.Certificate.DegreeBlock)
  (T : BorceaVariance.Certificate.Tree) (E : BorceaVariance.Certificate.EvidenceTree)
  (B : BorceaVariance.Certificate.Box) (n : ℕ) (hn : 2 ≤ n) (hd : D.Contains n)
  (hc : BorceaVariance.Certificate.Tree.check S D B T E = true) (x : BorceaVariance.Certificate.Point) :
  B.Contains x → ¬BorceaVariance.Certificate.Admissible n x
BorceaVariance.Certificate.powerSumRat_cast (k p : ℕ) (d : ℚ) :
  ↑(BorceaVariance.Certificate.powerSumRat k p d) = BorceaVariance.integralPowerSum k p ↑d
BorceaVariance.Certificate.coefficient_base_bounds {n k : ℕ} (hn : 3 ≤ n) (hk : 2 ≤ k)
  (P : BorceaVariance.Certificate.CounterexampleParameters n) (B : BorceaVariance.Certificate.Box)
  (hx : B.Contains P.point) (hrl : 0 ≤ (B 1).lo) :
  0 ≤ P.configuration.distinguished ^ 2 * BorceaVariance.centeredVariance P.q * (↑k - 1) / (↑(n - 1) - 1) ∧
    P.configuration.distinguished ^ 2 * BorceaVariance.centeredVariance P.q * (↑k - 1) / (↑(n - 1) - 1) ≤
      ↑(BorceaVariance.Certificate.coefficientBase n k B)
BorceaVariance.Certificate.coefficient_sum_rounded_upper {S n K : ℕ} (hS : 0 < S) (hn : 3 ≤ n) (hK : 2 ≤ K)
  (P : BorceaVariance.Certificate.CounterexampleParameters n) (B : BorceaVariance.Certificate.Box)
  (hx : B.Contains P.point) (hrl : 0 ≤ (B 1).lo) {d : ℚ} (hd : 0 ≤ d) :
  ∑ k ∈ Finset.Ico K n,
      (P.configuration.distinguished ^ 2 * BorceaVariance.centeredVariance P.q * (↑k - 1) / (↑(n - 1) - 1)) ^ (↑k / 2) *
        BorceaVariance.integralPowerSum k (n - 1 - k) ↑d ≤
    ↑(BorceaVariance.Certificate.coefficientSumRounded S n K B d)
BorceaVariance.Certificate.CounterexampleParameters.in_initialBox {n : ℕ} (hn : 2 ≤ n)
  (P : BorceaVariance.Certificate.CounterexampleParameters n) : BorceaVariance.Certificate.initialBox.Contains P.point
BorceaVariance.Certificate.admissible_in_initialBox {n : ℕ} (hn : 2 ≤ n) {x : BorceaVariance.Certificate.Point}
  (hx : BorceaVariance.Certificate.Admissible n x) : BorceaVariance.Certificate.initialBox.Contains x
BorceaVariance.Certificate.no_counterexample_of_initialBox_excluded {n : ℕ} (hn : 2 ≤ n)
  (hexclude :
    ∀ (x : BorceaVariance.Certificate.Point),
      BorceaVariance.Certificate.initialBox.Contains x → ¬BorceaVariance.Certificate.Admissible n x) :
  ¬Nonempty (BorceaVariance.NormalizedCounterexample n)
BorceaVariance.Certificate.phi_box_upper (D : BorceaVariance.Certificate.DegreeBlock)
  (B : BorceaVariance.Certificate.Box) (n : ℕ) (hn : 2 ≤ n) (hdegree : D.Contains n)
  (P : BorceaVariance.Certificate.CounterexampleParameters n) (hx : B.Contains P.point) :
  BorceaVariance.Phi (n - 1) P.configuration.distinguished ≤ BorceaVariance.Certificate.phiBoxUpper D B
BorceaVariance.Certificate.reciprocal_product_box_upper (D : BorceaVariance.Certificate.DegreeBlock)
  (B : BorceaVariance.Certificate.Box) (n : ℕ) (hn : 2 ≤ n) (hdegree : D.Contains n)
  (P : BorceaVariance.Certificate.CounterexampleParameters n) (hx : B.Contains P.point) (hsu : (B 2).hi ≤ 1) :
  ∏ j, ‖P.q j‖ ≤ ↑(B 2).hi ^ (↑(D.lower - 1) / 2)
BorceaVariance.Certificate.core_box_upper (D : BorceaVariance.Certificate.DegreeBlock)
  (B : BorceaVariance.Certificate.Box) (n : ℕ) (hn : 2 ≤ n) (hdegree : D.Contains n)
  (P : BorceaVariance.Certificate.CounterexampleParameters n) (hx : B.Contains P.point) (hsu : (B 2).hi ≤ 1)
  (z : Fin (n - 1) → ℂ) (henergy : P.configuration.distinguished ^ 2 + ∑ j, ‖z j‖ ^ 2 = ↑n) :
  ‖↑P.configuration.distinguished * BorceaVariance.mean P.q * BorceaVariance.jointProduct z P.q‖ ≤
    BorceaVariance.Certificate.coreBoxUpper D B
BorceaVariance.Certificate.degreeChain_coverage (blocks : List BorceaVariance.Certificate.DegreeBlock) (lo hi : ℕ)
  (h : BorceaVariance.Certificate.degreeChain lo hi blocks = true) (n : ℕ) :
  lo ≤ n → n ≤ hi → ∃ b ∈ blocks, b.Contains n
BorceaVariance.Certificate.direct_coefficients_bounds {S : ℕ} (hS : 0 < S) (D : BorceaVariance.Certificate.DegreeBlock)
  (B : BorceaVariance.Certificate.Box) {n : ℕ} (hn : 3 ≤ n) (hd : D.Contains n)
  (P : BorceaVariance.Certificate.CounterexampleParameters n) (hx : B.Contains P.point) :
  min 1 (BorceaVariance.omissionConstant (n - 1) 1 * BorceaVariance.secondMoment P.q) ≤
      ↑(BorceaVariance.Certificate.directBetaCoefficient S D B) ∧
    min 1 (BorceaVariance.omissionConstant (n - 1) 1 ^ 2 * BorceaVariance.secondMoment P.q) ≤
      ↑(BorceaVariance.Certificate.directLinearCoefficient S D B)
BorceaVariance.Certificate.direct_coefficients_nonneg {S : ℕ} (hS : 0 < S) (D : BorceaVariance.Certificate.DegreeBlock)
  (B : BorceaVariance.Certificate.Box) {n : ℕ} (hn : 3 ≤ n) (hd : D.Contains n)
  (P : BorceaVariance.Certificate.CounterexampleParameters n) (hx : B.Contains P.point) :
  0 ≤ BorceaVariance.Certificate.directBetaCoefficient S D B ∧
    0 ≤ BorceaVariance.Certificate.directLinearCoefficient S D B
BorceaVariance.Certificate.direct_box_pointwise {S : ℕ} (hS : 0 < S) (D : BorceaVariance.Certificate.DegreeBlock)
  (B : BorceaVariance.Certificate.Box) (R : BorceaVariance.Certificate.Refinement) (hlo : 4 ≤ D.lower) {n : ℕ}
  (hd : D.Contains n) (P : BorceaVariance.Certificate.CounterexampleParameters n) (hx : B.Contains P.point)
  (hc : BorceaVariance.Certificate.refinementCheck D B R = true)
  (hK : BorceaVariance.Certificate.upperSqrt S (BorceaVariance.Certificate.refinedEndpointSquare D B R) ≤ 1) {t : ℝ}
  (ht : t ∈ Set.Icc 0 1) :
  BorceaVariance.directMajorant P.q P.configuration.distinguished t ≤
      ↑(D.upper - 1) * ↑(BorceaVariance.Certificate.directBetaCoefficient S D B) *
        BorceaVariance.Certificate.quadraticEnvelope (BorceaVariance.Certificate.refinedRho D B R)
            (BorceaVariance.Certificate.betaCoefficient B) t ^
          (↑(D.lower - 2) / 2) ∧
    BorceaVariance.directMajorant P.q P.configuration.distinguished t ≤
      ↑(D.upper - 1) * ↑(BorceaVariance.Certificate.directLinearCoefficient S D B) *
        BorceaVariance.Certificate.linearEnvelope
            (BorceaVariance.Certificate.upperSqrt S (BorceaVariance.Certificate.refinedEndpointSquare D B R)) t ^
          ↑(D.lower - 2)
BorceaVariance.Certificate.direct_segment_bound {S : ℕ} (hS : 0 < S) (D : BorceaVariance.Certificate.DegreeBlock)
  (B : BorceaVariance.Certificate.Box) (R : BorceaVariance.Certificate.Refinement) (hlo : 4 ≤ D.lower) {n : ℕ}
  (hd : D.Contains n) (P : BorceaVariance.Certificate.CounterexampleParameters n) (hx : B.Contains P.point)
  (hc : BorceaVariance.Certificate.refinementCheck D B R = true)
  (hK : BorceaVariance.Certificate.upperSqrt S (BorceaVariance.Certificate.refinedEndpointSquare D B R) ≤ 1) {l r : ℚ}
  (hl : 0 ≤ l) (hlr : l ≤ r) (hr : r ≤ 1) :
  ∫ (t : ℝ) in ↑l..↑r, t * BorceaVariance.directMajorant P.q P.configuration.distinguished t ≤
    ↑(BorceaVariance.Certificate.directSegmentRounded S D B R l r)
BorceaVariance.Certificate.direct_quadrature_bound {S : ℕ} (hS : 0 < S) (D : BorceaVariance.Certificate.DegreeBlock)
  (B : BorceaVariance.Certificate.Box) (R : BorceaVariance.Certificate.Refinement) (hlo : 4 ≤ D.lower) {n : ℕ}
  (hd : D.Contains n) (P : BorceaVariance.Certificate.CounterexampleParameters n) (hx : B.Contains P.point)
  (hc : BorceaVariance.Certificate.refinementCheck D B R = true)
  (hK : BorceaVariance.Certificate.upperSqrt S (BorceaVariance.Certificate.refinedEndpointSquare D B R) ≤ 1) {N : ℕ}
  {p : ℕ → ℚ} (hmesh : BorceaVariance.Certificate.meshCheck N p = true) :
  ∫ (t : ℝ) in 0..1, t * BorceaVariance.directMajorant P.q P.configuration.distinguished t ≤
    ↑(BorceaVariance.Certificate.directQuadrature S D B R N p)
BorceaVariance.Certificate.norm_mean_sub_real_lower (μ : ℂ) (a : ℝ) (ha : 0 ≤ a) :
  a - ‖μ‖ ≤ ‖μ - ↑a‖ ∧ ‖μ‖ - a ≤ ‖μ - ↑a‖
BorceaVariance.Certificate.norm_one_sub_product_lower (μ : ℂ) (a : ℝ) (ha : 0 ≤ a) :
  1 - a * ‖μ‖ ≤ ‖1 - ↑a * μ‖ ∧ a * ‖μ‖ - 1 ≤ ‖1 - ↑a * μ‖
BorceaVariance.Certificate.distanceA_lower {n : ℕ} (P : BorceaVariance.Certificate.CounterexampleParameters n)
  (B : BorceaVariance.Certificate.Box) (hB : B.Contains P.point) :
  ↑(BorceaVariance.Certificate.distanceA B) ≤ ‖BorceaVariance.mean P.q - ↑P.configuration.distinguished‖
BorceaVariance.Certificate.distanceB_lower {n : ℕ} (P : BorceaVariance.Certificate.CounterexampleParameters n)
  (B : BorceaVariance.Certificate.Box) (hB : B.Contains P.point) (hal : 0 ≤ (B 0).lo) (hrl : 0 ≤ (B 1).lo) :
  ↑(BorceaVariance.Certificate.distanceB B) ≤ ‖1 - ↑P.configuration.distinguished * BorceaVariance.mean P.q‖
BorceaVariance.Certificate.endpoint_square_upper (D : BorceaVariance.Certificate.DegreeBlock)
  (B : BorceaVariance.Certificate.Box) (n : ℕ) (hn : 2 ≤ n) (hdegree : D.Contains n)
  (P : BorceaVariance.Certificate.CounterexampleParameters n) (hx : B.Contains P.point) (hrl : 0 ≤ (B 1).lo)
  (hsu : (B 2).hi ≤ 1) :
  BorceaVariance.factorMean P.q P.configuration.distinguished 1 ^ 2 ≤ ↑(BorceaVariance.Certificate.endpointSquare D B)
BorceaVariance.Certificate.endpoint_kappa_bound (D : BorceaVariance.Certificate.DegreeBlock)
  (B : BorceaVariance.Certificate.Box) (n : ℕ) (hn : 2 ≤ n) (hdegree : D.Contains n)
  (P : BorceaVariance.Certificate.CounterexampleParameters n) (hx : B.Contains P.point) (hrl : 0 ≤ (B 1).lo)
  (hsu : (B 2).hi ≤ 1) {κ : ℝ} (hκ : 0 ≤ κ) (hκ2 : ↑(BorceaVariance.Certificate.endpointSquare D B) ≤ κ ^ 2) :
  BorceaVariance.factorMean P.q P.configuration.distinguished 1 ≤ κ
BorceaVariance.Certificate.linear_majorant_box (D : BorceaVariance.Certificate.DegreeBlock)
  (B : BorceaVariance.Certificate.Box) (n : ℕ) (hn : 2 ≤ n) (hdegree : D.Contains n)
  (P : BorceaVariance.Certificate.CounterexampleParameters n) (hx : B.Contains P.point) (hrl : 0 ≤ (B 1).lo)
  (hsu : (B 2).hi ≤ 1) {κ t : ℝ} (hκ : 0 ≤ κ) (hκ2 : ↑(BorceaVariance.Certificate.endpointSquare D B) ≤ κ ^ 2)
  (ht : 0 ≤ t) (ht1 : t ≤ 1) : BorceaVariance.factorMean P.q P.configuration.distinguished t ≤ 1 - (1 - κ) * t
BorceaVariance.Certificate.rhoLower_nonneg (D : BorceaVariance.Certificate.DegreeBlock)
  (B : BorceaVariance.Certificate.Box) (n : ℕ) (hn : 2 ≤ n) (hdegree : D.Contains n) (hsu : (B 2).hi ≤ 1) :
  0 ≤ BorceaVariance.Certificate.rhoLower D B
BorceaVariance.Certificate.beta_box_unit_bounds (D : BorceaVariance.Certificate.DegreeBlock)
  (B : BorceaVariance.Certificate.Box) (n : ℕ) (hn : 2 ≤ n) (hdegree : D.Contains n)
  (P : BorceaVariance.Certificate.CounterexampleParameters n) (hx : B.Contains P.point) (hal : 0 ≤ (B 0).lo)
  (hrl : 0 ≤ (B 1).lo) (hsl : 0 ≤ (B 2).lo) (hsu : (B 2).hi ≤ 1) {t : ℝ} (ht : 0 ≤ t) (ht1 : t ≤ 1) :
  0 ≤
      1 - ↑(BorceaVariance.Certificate.rhoLower D B) * t -
        ↑(BorceaVariance.Certificate.betaCoefficient B) * t * (1 - t) ∧
    1 - ↑(BorceaVariance.Certificate.rhoLower D B) * t - ↑(BorceaVariance.Certificate.betaCoefficient B) * t * (1 - t) ≤
      1
BorceaVariance.Certificate.quadratic_chord_two_bound {S : ℕ} (hS : 0 < S) (H A : ℚ) (hA : 0 ≤ A) {k : ℕ} (hk : 2 ≤ k)
  {l r c : ℚ} (hl : 0 ≤ l) (hlr : l ≤ r) (hr : r ≤ 1) (hc0 : 0 ≤ c) {scale : ℝ} (hs : 0 ≤ scale) {f : ℝ → ℝ}
  (hf : ContinuousOn f (Set.Icc ↑l ↑r)) (h0 : ∀ t ∈ Set.Icc 0 1, 0 ≤ BorceaVariance.Certificate.quadraticEnvelope H A t)
  (hfg :
    ∀ t ∈ Set.Icc ↑l ↑r, f t ≤ scale * t ^ 2 * ↑c * BorceaVariance.Certificate.quadraticEnvelope H A t ^ (↑k / 2)) :
  ∫ (t : ℝ) in ↑l..↑r, f t ≤
    scale *
      ↑(c *
          QuadraticTangZhang.chordTwo l r
            (BorceaVariance.Certificate.upperHalfPower S (BorceaVariance.Certificate.quadraticValue H A l) k)
            (BorceaVariance.Certificate.upperHalfPower S (BorceaVariance.Certificate.quadraticValue H A r) k))
BorceaVariance.Certificate.linear_chord_two_bound {S : ℕ} (hS : 0 < S) (K : ℚ) {k : ℕ} (hk : 1 ≤ k) {l r c : ℚ}
  (hl : 0 ≤ l) (hlr : l ≤ r) (hr : r ≤ 1) (hc0 : 0 ≤ c) {scale : ℝ} (hs : 0 ≤ scale) {f : ℝ → ℝ}
  (hf : ContinuousOn f (Set.Icc ↑l ↑r)) (h0 : ∀ t ∈ Set.Icc 0 1, 0 ≤ BorceaVariance.Certificate.linearEnvelope K t)
  (hfg : ∀ t ∈ Set.Icc ↑l ↑r, f t ≤ scale * t ^ 2 * ↑c * BorceaVariance.Certificate.linearEnvelope K t ^ ↑k) :
  ∫ (t : ℝ) in ↑l..↑r, f t ≤
    scale *
      ↑(c *
          QuadraticTangZhang.chordTwo l r
            (BorceaVariance.Certificate.upperPower S (BorceaVariance.Certificate.linearValue K l) k)
            (BorceaVariance.Certificate.upperPower S (BorceaVariance.Certificate.linearValue K r) k))
BorceaVariance.Certificate.Generated.certificateBlock0_exclusion (n : ℕ) (hd : { lower := 4, upper := 4 }.Contains n)
  (x : BorceaVariance.Certificate.Point) :
  BorceaVariance.Certificate.initialBox.Contains x → ¬BorceaVariance.Certificate.Admissible n x
BorceaVariance.Certificate.Generated.certificateBlock1_exclusion (n : ℕ) (hd : { lower := 5, upper := 5 }.Contains n)
  (x : BorceaVariance.Certificate.Point) :
  BorceaVariance.Certificate.initialBox.Contains x → ¬BorceaVariance.Certificate.Admissible n x
BorceaVariance.Certificate.Generated.certificateBlock10_exclusion (n : ℕ) (hd : { lower := 14, upper := 14 }.Contains n)
  (x : BorceaVariance.Certificate.Point) :
  BorceaVariance.Certificate.initialBox.Contains x → ¬BorceaVariance.Certificate.Admissible n x
BorceaVariance.Certificate.Generated.certificateBlock11_exclusion (n : ℕ) (hd : { lower := 15, upper := 15 }.Contains n)
  (x : BorceaVariance.Certificate.Point) :
  BorceaVariance.Certificate.initialBox.Contains x → ¬BorceaVariance.Certificate.Admissible n x
BorceaVariance.Certificate.Generated.certificateBlock12_exclusion (n : ℕ) (hd : { lower := 16, upper := 16 }.Contains n)
  (x : BorceaVariance.Certificate.Point) :
  BorceaVariance.Certificate.initialBox.Contains x → ¬BorceaVariance.Certificate.Admissible n x
BorceaVariance.Certificate.Generated.certificateBlock13_exclusion (n : ℕ) (hd : { lower := 17, upper := 17 }.Contains n)
  (x : BorceaVariance.Certificate.Point) :
  BorceaVariance.Certificate.initialBox.Contains x → ¬BorceaVariance.Certificate.Admissible n x
BorceaVariance.Certificate.Generated.certificateBlock14_exclusion (n : ℕ) (hd : { lower := 18, upper := 18 }.Contains n)
  (x : BorceaVariance.Certificate.Point) :
  BorceaVariance.Certificate.initialBox.Contains x → ¬BorceaVariance.Certificate.Admissible n x
BorceaVariance.Certificate.Generated.certificateBlock15_exclusion (n : ℕ) (hd : { lower := 19, upper := 19 }.Contains n)
  (x : BorceaVariance.Certificate.Point) :
  BorceaVariance.Certificate.initialBox.Contains x → ¬BorceaVariance.Certificate.Admissible n x
BorceaVariance.Certificate.Generated.certificateBlock16_exclusion (n : ℕ) (hd : { lower := 20, upper := 20 }.Contains n)
  (x : BorceaVariance.Certificate.Point) :
  BorceaVariance.Certificate.initialBox.Contains x → ¬BorceaVariance.Certificate.Admissible n x
BorceaVariance.Certificate.Generated.certificateBlock17_exclusion (n : ℕ) (hd : { lower := 21, upper := 21 }.Contains n)
  (x : BorceaVariance.Certificate.Point) :
  BorceaVariance.Certificate.initialBox.Contains x → ¬BorceaVariance.Certificate.Admissible n x
BorceaVariance.Certificate.Generated.certificateBlock18_exclusion (n : ℕ) (hd : { lower := 22, upper := 22 }.Contains n)
  (x : BorceaVariance.Certificate.Point) :
  BorceaVariance.Certificate.initialBox.Contains x → ¬BorceaVariance.Certificate.Admissible n x
BorceaVariance.Certificate.Generated.certificateBlock19_exclusion (n : ℕ) (hd : { lower := 23, upper := 23 }.Contains n)
  (x : BorceaVariance.Certificate.Point) :
  BorceaVariance.Certificate.initialBox.Contains x → ¬BorceaVariance.Certificate.Admissible n x
BorceaVariance.Certificate.Generated.certificateBlock2_exclusion (n : ℕ) (hd : { lower := 6, upper := 6 }.Contains n)
  (x : BorceaVariance.Certificate.Point) :
  BorceaVariance.Certificate.initialBox.Contains x → ¬BorceaVariance.Certificate.Admissible n x
BorceaVariance.Certificate.Generated.certificateBlock20_exclusion (n : ℕ) (hd : { lower := 24, upper := 24 }.Contains n)
  (x : BorceaVariance.Certificate.Point) :
  BorceaVariance.Certificate.initialBox.Contains x → ¬BorceaVariance.Certificate.Admissible n x
BorceaVariance.Certificate.Generated.certificateBlock21_exclusion (n : ℕ) (hd : { lower := 25, upper := 25 }.Contains n)
  (x : BorceaVariance.Certificate.Point) :
  BorceaVariance.Certificate.initialBox.Contains x → ¬BorceaVariance.Certificate.Admissible n x
BorceaVariance.Certificate.Generated.certificateBlock22_exclusion (n : ℕ) (hd : { lower := 26, upper := 26 }.Contains n)
  (x : BorceaVariance.Certificate.Point) :
  BorceaVariance.Certificate.initialBox.Contains x → ¬BorceaVariance.Certificate.Admissible n x
BorceaVariance.Certificate.Generated.certificateBlock23_exclusion (n : ℕ) (hd : { lower := 27, upper := 27 }.Contains n)
  (x : BorceaVariance.Certificate.Point) :
  BorceaVariance.Certificate.initialBox.Contains x → ¬BorceaVariance.Certificate.Admissible n x
BorceaVariance.Certificate.Generated.certificateBlock24_exclusion (n : ℕ) (hd : { lower := 28, upper := 28 }.Contains n)
  (x : BorceaVariance.Certificate.Point) :
  BorceaVariance.Certificate.initialBox.Contains x → ¬BorceaVariance.Certificate.Admissible n x
BorceaVariance.Certificate.Generated.certificateBlock25_exclusion (n : ℕ) (hd : { lower := 29, upper := 29 }.Contains n)
  (x : BorceaVariance.Certificate.Point) :
  BorceaVariance.Certificate.initialBox.Contains x → ¬BorceaVariance.Certificate.Admissible n x
BorceaVariance.Certificate.Generated.certificateBlock26_exclusion (n : ℕ) (hd : { lower := 30, upper := 30 }.Contains n)
  (x : BorceaVariance.Certificate.Point) :
  BorceaVariance.Certificate.initialBox.Contains x → ¬BorceaVariance.Certificate.Admissible n x
BorceaVariance.Certificate.Generated.certificateBlock27_exclusion (n : ℕ) (hd : { lower := 31, upper := 33 }.Contains n)
  (x : BorceaVariance.Certificate.Point) :
  BorceaVariance.Certificate.initialBox.Contains x → ¬BorceaVariance.Certificate.Admissible n x
BorceaVariance.Certificate.Generated.certificateBlock28_exclusion (n : ℕ) (hd : { lower := 34, upper := 36 }.Contains n)
  (x : BorceaVariance.Certificate.Point) :
  BorceaVariance.Certificate.initialBox.Contains x → ¬BorceaVariance.Certificate.Admissible n x
BorceaVariance.Certificate.Generated.certificateBlock29_exclusion (n : ℕ) (hd : { lower := 37, upper := 40 }.Contains n)
  (x : BorceaVariance.Certificate.Point) :
  BorceaVariance.Certificate.initialBox.Contains x → ¬BorceaVariance.Certificate.Admissible n x
BorceaVariance.Certificate.Generated.certificateBlock3_exclusion (n : ℕ) (hd : { lower := 7, upper := 7 }.Contains n)
  (x : BorceaVariance.Certificate.Point) :
  BorceaVariance.Certificate.initialBox.Contains x → ¬BorceaVariance.Certificate.Admissible n x
BorceaVariance.Certificate.Generated.certificateBlock30_exclusion (n : ℕ) (hd : { lower := 41, upper := 44 }.Contains n)
  (x : BorceaVariance.Certificate.Point) :
  BorceaVariance.Certificate.initialBox.Contains x → ¬BorceaVariance.Certificate.Admissible n x
BorceaVariance.Certificate.Generated.certificateBlock31_exclusion (n : ℕ) (hd : { lower := 45, upper := 48 }.Contains n)
  (x : BorceaVariance.Certificate.Point) :
  BorceaVariance.Certificate.initialBox.Contains x → ¬BorceaVariance.Certificate.Admissible n x
BorceaVariance.Certificate.Generated.certificateBlock32_exclusion (n : ℕ) (hd : { lower := 49, upper := 53 }.Contains n)
  (x : BorceaVariance.Certificate.Point) :
  BorceaVariance.Certificate.initialBox.Contains x → ¬BorceaVariance.Certificate.Admissible n x
BorceaVariance.Certificate.Generated.certificateBlock33_exclusion (n : ℕ) (hd : { lower := 54, upper := 58 }.Contains n)
  (x : BorceaVariance.Certificate.Point) :
  BorceaVariance.Certificate.initialBox.Contains x → ¬BorceaVariance.Certificate.Admissible n x
BorceaVariance.Certificate.Generated.certificateBlock34_exclusion (n : ℕ) (hd : { lower := 59, upper := 63 }.Contains n)
  (x : BorceaVariance.Certificate.Point) :
  BorceaVariance.Certificate.initialBox.Contains x → ¬BorceaVariance.Certificate.Admissible n x
BorceaVariance.Certificate.Generated.certificateBlock35_exclusion (n : ℕ) (hd : { lower := 64, upper := 69 }.Contains n)
  (x : BorceaVariance.Certificate.Point) :
  BorceaVariance.Certificate.initialBox.Contains x → ¬BorceaVariance.Certificate.Admissible n x
BorceaVariance.Certificate.Generated.certificateBlock36_exclusion (n : ℕ) (hd : { lower := 70, upper := 75 }.Contains n)
  (x : BorceaVariance.Certificate.Point) :
  BorceaVariance.Certificate.initialBox.Contains x → ¬BorceaVariance.Certificate.Admissible n x
BorceaVariance.Certificate.Generated.certificateBlock37_exclusion (n : ℕ) (hd : { lower := 76, upper := 82 }.Contains n)
  (x : BorceaVariance.Certificate.Point) :
  BorceaVariance.Certificate.initialBox.Contains x → ¬BorceaVariance.Certificate.Admissible n x
BorceaVariance.Certificate.Generated.certificateBlock38_exclusion (n : ℕ) (hd : { lower := 83, upper := 89 }.Contains n)
  (x : BorceaVariance.Certificate.Point) :
  BorceaVariance.Certificate.initialBox.Contains x → ¬BorceaVariance.Certificate.Admissible n x
BorceaVariance.Certificate.Generated.certificateBlock39_exclusion (n : ℕ) (hd : { lower := 90, upper := 97 }.Contains n)
  (x : BorceaVariance.Certificate.Point) :
  BorceaVariance.Certificate.initialBox.Contains x → ¬BorceaVariance.Certificate.Admissible n x
BorceaVariance.Certificate.Generated.certificateBlock4_exclusion (n : ℕ) (hd : { lower := 8, upper := 8 }.Contains n)
  (x : BorceaVariance.Certificate.Point) :
  BorceaVariance.Certificate.initialBox.Contains x → ¬BorceaVariance.Certificate.Admissible n x
BorceaVariance.Certificate.Generated.certificateBlock40_exclusion (n : ℕ)
  (hd : { lower := 98, upper := 106 }.Contains n) (x : BorceaVariance.Certificate.Point) :
  BorceaVariance.Certificate.initialBox.Contains x → ¬BorceaVariance.Certificate.Admissible n x
BorceaVariance.Certificate.Generated.certificateBlock41_exclusion (n : ℕ)
  (hd : { lower := 107, upper := 133 }.Contains n) (x : BorceaVariance.Certificate.Point) :
  BorceaVariance.Certificate.initialBox.Contains x → ¬BorceaVariance.Certificate.Admissible n x
BorceaVariance.Certificate.Generated.certificateBlock42_exclusion (n : ℕ)
  (hd : { lower := 134, upper := 167 }.Contains n) (x : BorceaVariance.Certificate.Point) :
  BorceaVariance.Certificate.initialBox.Contains x → ¬BorceaVariance.Certificate.Admissible n x
BorceaVariance.Certificate.Generated.certificateBlock43_exclusion (n : ℕ)
  (hd : { lower := 168, upper := 209 }.Contains n) (x : BorceaVariance.Certificate.Point) :
  BorceaVariance.Certificate.initialBox.Contains x → ¬BorceaVariance.Certificate.Admissible n x
BorceaVariance.Certificate.Generated.certificateBlock44_exclusion (n : ℕ)
  (hd : { lower := 210, upper := 262 }.Contains n) (x : BorceaVariance.Certificate.Point) :
  BorceaVariance.Certificate.initialBox.Contains x → ¬BorceaVariance.Certificate.Admissible n x
BorceaVariance.Certificate.Generated.certificateBlock45_exclusion (n : ℕ)
  (hd : { lower := 263, upper := 328 }.Contains n) (x : BorceaVariance.Certificate.Point) :
  BorceaVariance.Certificate.initialBox.Contains x → ¬BorceaVariance.Certificate.Admissible n x
BorceaVariance.Certificate.Generated.certificateBlock46_exclusion (n : ℕ)
  (hd : { lower := 329, upper := 411 }.Contains n) (x : BorceaVariance.Certificate.Point) :
  BorceaVariance.Certificate.initialBox.Contains x → ¬BorceaVariance.Certificate.Admissible n x
BorceaVariance.Certificate.Generated.certificateBlock47_exclusion (n : ℕ)
  (hd : { lower := 412, upper := 514 }.Contains n) (x : BorceaVariance.Certificate.Point) :
  BorceaVariance.Certificate.initialBox.Contains x → ¬BorceaVariance.Certificate.Admissible n x
BorceaVariance.Certificate.Generated.certificateBlock48_exclusion (n : ℕ)
  (hd : { lower := 515, upper := 643 }.Contains n) (x : BorceaVariance.Certificate.Point) :
  BorceaVariance.Certificate.initialBox.Contains x → ¬BorceaVariance.Certificate.Admissible n x
BorceaVariance.Certificate.Generated.certificateBlock49_exclusion (n : ℕ)
  (hd : { lower := 644, upper := 804 }.Contains n) (x : BorceaVariance.Certificate.Point) :
  BorceaVariance.Certificate.initialBox.Contains x → ¬BorceaVariance.Certificate.Admissible n x
BorceaVariance.Certificate.Generated.certificateBlock5_exclusion (n : ℕ) (hd : { lower := 9, upper := 9 }.Contains n)
  (x : BorceaVariance.Certificate.Point) :
  BorceaVariance.Certificate.initialBox.Contains x → ¬BorceaVariance.Certificate.Admissible n x
BorceaVariance.Certificate.Generated.certificateBlock50_exclusion (n : ℕ)
  (hd : { lower := 805, upper := 1006 }.Contains n) (x : BorceaVariance.Certificate.Point) :
  BorceaVariance.Certificate.initialBox.Contains x → ¬BorceaVariance.Certificate.Admissible n x
BorceaVariance.Certificate.Generated.certificateBlock51_exclusion (n : ℕ)
  (hd : { lower := 1007, upper := 1258 }.Contains n) (x : BorceaVariance.Certificate.Point) :
  BorceaVariance.Certificate.initialBox.Contains x → ¬BorceaVariance.Certificate.Admissible n x
BorceaVariance.Certificate.Generated.certificateBlock52_exclusion (n : ℕ)
  (hd : { lower := 1259, upper := 1573 }.Contains n) (x : BorceaVariance.Certificate.Point) :
  BorceaVariance.Certificate.initialBox.Contains x → ¬BorceaVariance.Certificate.Admissible n x
BorceaVariance.Certificate.Generated.certificateBlock53_exclusion (n : ℕ)
  (hd : { lower := 1574, upper := 1967 }.Contains n) (x : BorceaVariance.Certificate.Point) :
  BorceaVariance.Certificate.initialBox.Contains x → ¬BorceaVariance.Certificate.Admissible n x
BorceaVariance.Certificate.Generated.certificateBlock54_exclusion (n : ℕ)
  (hd : { lower := 1968, upper := 2459 }.Contains n) (x : BorceaVariance.Certificate.Point) :
  BorceaVariance.Certificate.initialBox.Contains x → ¬BorceaVariance.Certificate.Admissible n x
BorceaVariance.Certificate.Generated.certificateBlock55_exclusion (n : ℕ)
  (hd : { lower := 2460, upper := 3074 }.Contains n) (x : BorceaVariance.Certificate.Point) :
  BorceaVariance.Certificate.initialBox.Contains x → ¬BorceaVariance.Certificate.Admissible n x
BorceaVariance.Certificate.Generated.certificateBlock56_exclusion (n : ℕ)
  (hd : { lower := 3075, upper := 3843 }.Contains n) (x : BorceaVariance.Certificate.Point) :
  BorceaVariance.Certificate.initialBox.Contains x → ¬BorceaVariance.Certificate.Admissible n x
BorceaVariance.Certificate.Generated.certificateBlock57_exclusion (n : ℕ)
  (hd : { lower := 3844, upper := 4804 }.Contains n) (x : BorceaVariance.Certificate.Point) :
  BorceaVariance.Certificate.initialBox.Contains x → ¬BorceaVariance.Certificate.Admissible n x
BorceaVariance.Certificate.Generated.certificateBlock58_exclusion (n : ℕ)
  (hd : { lower := 4805, upper := 6006 }.Contains n) (x : BorceaVariance.Certificate.Point) :
  BorceaVariance.Certificate.initialBox.Contains x → ¬BorceaVariance.Certificate.Admissible n x
BorceaVariance.Certificate.Generated.certificateBlock59_exclusion (n : ℕ)
  (hd : { lower := 6007, upper := 7508 }.Contains n) (x : BorceaVariance.Certificate.Point) :
  BorceaVariance.Certificate.initialBox.Contains x → ¬BorceaVariance.Certificate.Admissible n x
BorceaVariance.Certificate.Generated.certificateBlock6_exclusion (n : ℕ) (hd : { lower := 10, upper := 10 }.Contains n)
  (x : BorceaVariance.Certificate.Point) :
  BorceaVariance.Certificate.initialBox.Contains x → ¬BorceaVariance.Certificate.Admissible n x
BorceaVariance.Certificate.Generated.certificateBlock60_exclusion (n : ℕ)
  (hd : { lower := 7509, upper := 9386 }.Contains n) (x : BorceaVariance.Certificate.Point) :
  BorceaVariance.Certificate.initialBox.Contains x → ¬BorceaVariance.Certificate.Admissible n x
BorceaVariance.Certificate.Generated.certificateBlock61_exclusion (n : ℕ)
  (hd : { lower := 9387, upper := 11733 }.Contains n) (x : BorceaVariance.Certificate.Point) :
  BorceaVariance.Certificate.initialBox.Contains x → ¬BorceaVariance.Certificate.Admissible n x
BorceaVariance.Certificate.Generated.certificateBlock62_exclusion (n : ℕ)
  (hd : { lower := 11734, upper := 14667 }.Contains n) (x : BorceaVariance.Certificate.Point) :
  BorceaVariance.Certificate.initialBox.Contains x → ¬BorceaVariance.Certificate.Admissible n x
BorceaVariance.Certificate.Generated.certificateBlock63_exclusion (n : ℕ)
  (hd : { lower := 14668, upper := 18334 }.Contains n) (x : BorceaVariance.Certificate.Point) :
  BorceaVariance.Certificate.initialBox.Contains x → ¬BorceaVariance.Certificate.Admissible n x
BorceaVariance.Certificate.Generated.certificateBlock64_exclusion (n : ℕ)
  (hd : { lower := 18335, upper := 22918 }.Contains n) (x : BorceaVariance.Certificate.Point) :
  BorceaVariance.Certificate.initialBox.Contains x → ¬BorceaVariance.Certificate.Admissible n x
BorceaVariance.Certificate.Generated.certificateBlock65_exclusion (n : ℕ)
  (hd : { lower := 22919, upper := 28648 }.Contains n) (x : BorceaVariance.Certificate.Point) :
  BorceaVariance.Certificate.initialBox.Contains x → ¬BorceaVariance.Certificate.Admissible n x
BorceaVariance.Certificate.Generated.certificateBlock66_exclusion (n : ℕ)
  (hd : { lower := 28649, upper := 35811 }.Contains n) (x : BorceaVariance.Certificate.Point) :
  BorceaVariance.Certificate.initialBox.Contains x → ¬BorceaVariance.Certificate.Admissible n x
BorceaVariance.Certificate.Generated.certificateBlock67_exclusion (n : ℕ)
  (hd : { lower := 35812, upper := 44764 }.Contains n) (x : BorceaVariance.Certificate.Point) :
  BorceaVariance.Certificate.initialBox.Contains x → ¬BorceaVariance.Certificate.Admissible n x
BorceaVariance.Certificate.Generated.certificateBlock68_exclusion (n : ℕ)
  (hd : { lower := 44765, upper := 55956 }.Contains n) (x : BorceaVariance.Certificate.Point) :
  BorceaVariance.Certificate.initialBox.Contains x → ¬BorceaVariance.Certificate.Admissible n x
BorceaVariance.Certificate.Generated.certificateBlock69_exclusion (n : ℕ)
  (hd : { lower := 55957, upper := 69946 }.Contains n) (x : BorceaVariance.Certificate.Point) :
  BorceaVariance.Certificate.initialBox.Contains x → ¬BorceaVariance.Certificate.Admissible n x
BorceaVariance.Certificate.Generated.certificateBlock7_exclusion (n : ℕ) (hd : { lower := 11, upper := 11 }.Contains n)
  (x : BorceaVariance.Certificate.Point) :
  BorceaVariance.Certificate.initialBox.Contains x → ¬BorceaVariance.Certificate.Admissible n x
BorceaVariance.Certificate.Generated.certificateBlock70_exclusion (n : ℕ)
  (hd : { lower := 69947, upper := 87433 }.Contains n) (x : BorceaVariance.Certificate.Point) :
  BorceaVariance.Certificate.initialBox.Contains x → ¬BorceaVariance.Certificate.Admissible n x
BorceaVariance.Certificate.Generated.certificateBlock71_exclusion (n : ℕ)
  (hd : { lower := 87434, upper := 100000 }.Contains n) (x : BorceaVariance.Certificate.Point) :
  BorceaVariance.Certificate.initialBox.Contains x → ¬BorceaVariance.Certificate.Admissible n x
BorceaVariance.Certificate.Generated.certificateBlock8_exclusion (n : ℕ) (hd : { lower := 12, upper := 12 }.Contains n)
  (x : BorceaVariance.Certificate.Point) :
  BorceaVariance.Certificate.initialBox.Contains x → ¬BorceaVariance.Certificate.Admissible n x
BorceaVariance.Certificate.Generated.certificateBlock9_exclusion (n : ℕ) (hd : { lower := 13, upper := 13 }.Contains n)
  (x : BorceaVariance.Certificate.Point) :
  BorceaVariance.Certificate.initialBox.Contains x → ¬BorceaVariance.Certificate.Admissible n x
BorceaVariance.Certificate.Generated.certificates_degree_list :
  List.map Prod.fst BorceaVariance.Certificate.Generated.certificates =
    BorceaVariance.Certificate.Generated.degreeBlocks
BorceaVariance.Certificate.Generated.concrete_degree_coverage (n : ℕ) (hlo : 4 ≤ n) (hhi : n ≤ 100000) :
  ∃ c ∈ BorceaVariance.Certificate.Generated.certificates, c.1.Contains n
BorceaVariance.Certificate.Generated.concrete_tree_coverage (n : ℕ) (hlo : 4 ≤ n) (hhi : n ≤ 100000) :
  ∃ c ∈ BorceaVariance.Certificate.Generated.certificates,
    c.1.Contains n ∧
      ∀ (x : BorceaVariance.Certificate.Point),
        BorceaVariance.Certificate.initialBox.Contains x →
          BorceaVariance.Certificate.Tree.Covered BorceaVariance.Certificate.initialBox x c.2
BorceaVariance.Certificate.Generated.concrete_paths_no_duplicates
  (c : BorceaVariance.Certificate.DegreeBlock × BorceaVariance.Certificate.Tree)
  (_hc : c ∈ BorceaVariance.Certificate.Generated.certificates) : c.2.leafPaths.Nodup
BorceaVariance.Certificate.Generated.concrete_leaf_has_no_descendant
  (c : BorceaVariance.Certificate.DegreeBlock × BorceaVariance.Certificate.Tree)
  (_hc : c ∈ BorceaVariance.Certificate.Generated.certificates) (p q : BorceaVariance.Certificate.Path)
  (v w : BorceaVariance.Certificate.Leaf) (hp : c.2.AtLeaf p v) (hq : q ≠ []) : ¬c.2.AtLeaf (p ++ q) w
BorceaVariance.Certificate.Generated.concrete_certificate_count :
  BorceaVariance.Certificate.Generated.certificates.length = 72
BorceaVariance.Certificate.Generated.concrete_low_leaf_count :
  (List.map (fun c => c.2.leafPaths.length) (List.take 10 BorceaVariance.Certificate.Generated.certificates)).sum =
    12821
BorceaVariance.Certificate.Generated.concrete_mid_leaf_count :
  (List.map (fun c => c.2.leafPaths.length) (List.drop 10 BorceaVariance.Certificate.Generated.certificates)).sum =
    20850
BorceaVariance.Certificate.Generated.concrete_total_leaf_count :
  (List.map (fun c => c.2.leafPaths.length) BorceaVariance.Certificate.Generated.certificates).sum = 33671
BorceaVariance.Certificate.Generated.degreeBlocks_count : BorceaVariance.Certificate.Generated.degreeBlocks.length = 72
BorceaVariance.Certificate.Generated.degreeBlocks_chain :
  BorceaVariance.Certificate.degreeChain 4 100000 BorceaVariance.Certificate.Generated.degreeBlocks = true
BorceaVariance.Certificate.Generated.degreeBlocks_no_overlap :
  List.Pairwise (fun a b => a.upper < b.lower) BorceaVariance.Certificate.Generated.degreeBlocks
BorceaVariance.Certificate.Generated.degreeBlocks_coverage (n : ℕ) (hlo : 4 ≤ n) (hhi : n ≤ 100000) :
  ∃ b ∈ BorceaVariance.Certificate.Generated.degreeBlocks, b.Contains n
BorceaVariance.Certificate.quadraticValue_cast (H A t : ℚ) :
  ↑(BorceaVariance.Certificate.quadraticValue H A t) = BorceaVariance.Certificate.quadraticEnvelope H A ↑t
BorceaVariance.Certificate.linearValue_cast (K t : ℚ) :
  ↑(BorceaVariance.Certificate.linearValue K t) = BorceaVariance.Certificate.linearEnvelope K ↑t
BorceaVariance.Certificate.quadratic_envelope_bounds (D : BorceaVariance.Certificate.DegreeBlock)
  (B : BorceaVariance.Certificate.Box) (R : BorceaVariance.Certificate.Refinement) {n : ℕ} (hd : D.Contains n)
  (P : BorceaVariance.Certificate.CounterexampleParameters n) (hx : B.Contains P.point)
  (hc : BorceaVariance.Certificate.refinementCheck D B R = true) {t : ℝ} (ht : t ∈ Set.Icc 0 1) :
  0 ≤
      BorceaVariance.Certificate.quadraticEnvelope (BorceaVariance.Certificate.refinedRho D B R)
        (BorceaVariance.Certificate.betaCoefficient B) t ∧
    BorceaVariance.Certificate.quadraticEnvelope (BorceaVariance.Certificate.refinedRho D B R)
        (BorceaVariance.Certificate.betaCoefficient B) t ≤
      1
BorceaVariance.Certificate.refined_kappa_bound {S : ℕ} (hS : 0 < S) (D : BorceaVariance.Certificate.DegreeBlock)
  (B : BorceaVariance.Certificate.Box) (R : BorceaVariance.Certificate.Refinement) {n : ℕ} (hd : D.Contains n)
  (P : BorceaVariance.Certificate.CounterexampleParameters n) (hx : B.Contains P.point)
  (hc : BorceaVariance.Certificate.refinementCheck D B R = true) :
  BorceaVariance.factorMean P.q P.configuration.distinguished 1 ≤
    ↑(BorceaVariance.Certificate.upperSqrt S (BorceaVariance.Certificate.refinedEndpointSquare D B R))
BorceaVariance.Certificate.linear_envelope_bounds {K : ℚ} (hK0 : 0 ≤ K) (hK1 : K ≤ 1) {t : ℝ} (ht : t ∈ Set.Icc 0 1) :
  0 ≤ BorceaVariance.Certificate.linearEnvelope K t ∧ BorceaVariance.Certificate.linearEnvelope K t ≤ 1
BorceaVariance.Certificate.quadratic_envelope_power_convex {H A : ℚ} (hA : 0 ≤ A) {p : ℝ} (hp : 1 ≤ p)
  (h0 : ∀ t ∈ Set.Icc 0 1, 0 ≤ BorceaVariance.Certificate.quadraticEnvelope H A t) :
  ConvexOn ℝ (Set.Icc 0 1) fun t => BorceaVariance.Certificate.quadraticEnvelope H A t ^ p
BorceaVariance.Certificate.linear_envelope_power_convex (K : ℚ) {p : ℝ} (hp : 1 ≤ p)
  (h0 : ∀ t ∈ Set.Icc 0 1, 0 ≤ BorceaVariance.Certificate.linearEnvelope K t) :
  ConvexOn ℝ (Set.Icc 0 1) fun t => BorceaVariance.Certificate.linearEnvelope K t ^ p
BorceaVariance.Certificate.quadratic_envelope_power_continuous (H A : ℚ) {p : ℝ} (hp : 0 ≤ p) :
  Continuous fun t => BorceaVariance.Certificate.quadraticEnvelope H A t ^ p
BorceaVariance.Certificate.linear_envelope_power_continuous (K : ℚ) {p : ℝ} (hp : 0 ≤ p) :
  Continuous fun t => BorceaVariance.Certificate.linearEnvelope K t ^ p
BorceaVariance.Certificate.quadratic_envelope_power_rounded {S : ℕ} (hS : 0 < S) (H A t : ℚ)
  (h0 : 0 ≤ BorceaVariance.Certificate.quadraticEnvelope H A ↑t) (k : ℕ) :
  BorceaVariance.Certificate.quadraticEnvelope H A ↑t ^ (↑k / 2) ≤
    ↑(BorceaVariance.Certificate.upperHalfPower S (BorceaVariance.Certificate.quadraticValue H A t) k)
BorceaVariance.Certificate.linear_envelope_power_rounded {S : ℕ} (hS : 0 < S) (K t : ℚ)
  (h0 : 0 ≤ BorceaVariance.Certificate.linearEnvelope K ↑t) (k : ℕ) :
  BorceaVariance.Certificate.linearEnvelope K ↑t ^ ↑k ≤
    ↑(BorceaVariance.Certificate.upperPower S (BorceaVariance.Certificate.linearValue K t) k)
BorceaVariance.Certificate.moment_A_exclusion {n : ℕ} (hn : 2 ≤ n)
  (P : BorceaVariance.Certificate.CounterexampleParameters n) (B : BorceaVariance.Certificate.Box)
  (hx : B.Contains P.point) (V : ℚ) (hVbound : BorceaVariance.secondMoment P.critical ≤ ↑V)
  (htest : BorceaVariance.Certificate.momentATestWithVariance V B = true) : False
BorceaVariance.Certificate.moment_B_exclusion {n : ℕ} (hn : 2 ≤ n)
  (P : BorceaVariance.Certificate.CounterexampleParameters n) (B : BorceaVariance.Certificate.Box)
  (hx : B.Contains P.point) (V : ℚ) (hVbound : BorceaVariance.secondMoment P.critical ≤ ↑V)
  (htest : BorceaVariance.Certificate.momentBTestWithVariance V B = true) : False
BorceaVariance.Certificate.meshCheck_sound {N : ℕ} {p : ℕ → ℚ} (h : BorceaVariance.Certificate.meshCheck N p = true) :
  p 0 = 0 ∧ p N = 1 ∧ (∀ i ≤ N, 0 ≤ p i ∧ p i ≤ 1) ∧ ∀ i < N, p i ≤ p (i + 1)
BorceaVariance.Certificate.sum_segment_upper_bounds {N : ℕ} {p : ℕ → ℚ}
  (hmesh : BorceaVariance.Certificate.meshCheck N p = true) {f : ℝ → ℝ} (hc : ContinuousOn f (Set.Icc 0 1))
  (bounds : ℕ → ℚ) (hbound : ∀ i < N, ∫ (t : ℝ) in ↑(p i)..↑(p (i + 1)), f t ≤ ↑(bounds i)) :
  ∫ (t : ℝ) in 0..1, f t ≤ ↑(∑ i ∈ Finset.range N, bounds i)
BorceaVariance.Certificate.segment_majorant_one {f g : ℝ → ℝ} {l r u v : ℚ} (hl : 0 ≤ l) (hlr : l ≤ r) (hr : r ≤ 1)
  (hf : ContinuousOn f (Set.Icc ↑l ↑r)) (hg : ConvexOn ℝ (Set.Icc 0 1) g) (hc : ContinuousOn g (Set.Icc 0 1))
  (hfg : ∀ t ∈ Set.Icc ↑l ↑r, f t ≤ t * g t) (hu : g ↑l ≤ ↑u) (hv : g ↑r ≤ ↑v) :
  ∫ (t : ℝ) in ↑l..↑r, f t ≤ ↑(QuadraticTangZhang.chordOne l r u v)
BorceaVariance.Certificate.segment_majorant_two {f g : ℝ → ℝ} {l r u v : ℚ} (hl : 0 ≤ l) (hlr : l ≤ r) (hr : r ≤ 1)
  (hf : ContinuousOn f (Set.Icc ↑l ↑r)) (hg : ConvexOn ℝ (Set.Icc 0 1) g) (hc : ContinuousOn g (Set.Icc 0 1))
  (hfg : ∀ t ∈ Set.Icc ↑l ↑r, f t ≤ t ^ 2 * g t) (hu : g ↑l ≤ ↑u) (hv : g ↑r ≤ ↑v) :
  ∫ (t : ℝ) in ↑l..↑r, f t ≤ ↑(QuadraticTangZhang.chordTwo l r u v)
BorceaVariance.Certificate.CounterexampleParameters.critical_centered {n : ℕ} (hn : 2 ≤ n)
  (P : BorceaVariance.Certificate.CounterexampleParameters n) : ∑ j, P.critical j = 0
BorceaVariance.Certificate.CounterexampleParameters.critical_secondMoment_bound {n : ℕ} (hn : 2 ≤ n)
  (P : BorceaVariance.Certificate.CounterexampleParameters n) :
  BorceaVariance.secondMoment P.critical ≤ 1 - 1 / (↑n - 1)
BorceaVariance.Certificate.CounterexampleParameters.moments {n : ℕ} (hn : 2 ≤ n)
  (P : BorceaVariance.Certificate.CounterexampleParameters n) :
  have a := P.configuration.distinguished;
  have μ := BorceaVariance.mean P.q;
  have s := BorceaVariance.secondMoment P.q;
  have v := BorceaVariance.centeredVariance P.q;
  have V := 1 - 1 / (↑n - 1);
  ‖μ‖ ^ 2 + (1 - V) * (1 - s) ≤ 2 * a * μ.re - a ^ 2 * s ∧
    ‖μ - ↑a‖ ^ 2 ≤ (a ^ 2 + V - 1) * (1 - s) ∧
      ‖1 - ↑a * μ‖ ^ 2 ≤ V * v ∧ 1 ≤ s * (a ^ 2 + V) ∧ BorceaVariance.beta a μ s 1 ≤ (a ^ 2 + V) * v
BorceaVariance.Certificate.CounterexampleParameters.distinguished_pos {n : ℕ} (hn : 2 ≤ n)
  (P : BorceaVariance.Certificate.CounterexampleParameters n) : 0 < P.point 0
BorceaVariance.Certificate.CounterexampleParameters.mean_re_pos {n : ℕ} (hn : 2 ≤ n)
  (P : BorceaVariance.Certificate.CounterexampleParameters n) : 0 < (BorceaVariance.mean P.q).re
BorceaVariance.Certificate.packed_variance_box_bound (D : BorceaVariance.Certificate.DegreeBlock)
  (B : BorceaVariance.Certificate.Box) {n : ℕ} (hdegree : D.Contains n) (hD : D.lower = D.upper)
  (P : BorceaVariance.Certificate.CounterexampleParameters n) (hx : B.Contains P.point)
  (W : BorceaVariance.Certificate.PackingWitness) (hc : BorceaVariance.Certificate.packingCheck D.lower B W = true) :
  BorceaVariance.secondMoment P.critical ≤ ↑(BorceaVariance.Certificate.packedVarianceUpper D B W)
BorceaVariance.Certificate.packed_distance_box_bound (D : BorceaVariance.Certificate.DegreeBlock)
  (B : BorceaVariance.Certificate.Box) {n : ℕ} (hdegree : D.Contains n) (hD : D.lower = D.upper)
  (P : BorceaVariance.Certificate.CounterexampleParameters n) (hx : B.Contains P.point)
  (W : BorceaVariance.Certificate.PackingWitness) (hc : BorceaVariance.Certificate.packingCheck D.lower B W = true) :
  ‖BorceaVariance.mean P.q - ↑P.configuration.distinguished‖ ^ 2 ≤
    ↑(BorceaVariance.Certificate.packedDistanceSquare D B W)
BorceaVariance.Certificate.defect_div_sqrt_upper {x E : ℝ} (hx : 0 < x) (hx1 : x ≤ 1) (hE : 0 ≤ E)
  (hbound : (1 - x) ^ 2 / x ≤ E ^ 2) : (1 - x) / √x ≤ E
BorceaVariance.Certificate.packing_box_bounds {n : ℕ} (P : BorceaVariance.Certificate.CounterexampleParameters n)
  (B : BorceaVariance.Certificate.Box) (hx : B.Contains P.point) (W : BorceaVariance.Certificate.PackingWitness)
  (hc : BorceaVariance.Certificate.packingCheck n B W = true) :
  (∀ (j : Fin (n - 1)), ↑W.eta < ‖P.q j‖ ^ 2) ∧
    ↑(n - 1) * ‖↑P.configuration.distinguished - BorceaVariance.mean P.q‖ ≤ ↑(BorceaVariance.Certificate.packingCap W) ∧
      BorceaVariance.secondMoment P.critical ≤ ↑(BorceaVariance.Certificate.packingVarianceUpper n B W)
BorceaVariance.Certificate.packing_distance_square_upper {n : ℕ}
  (P : BorceaVariance.Certificate.CounterexampleParameters n) (B : BorceaVariance.Certificate.Box)
  (hx : B.Contains P.point) (W : BorceaVariance.Certificate.PackingWitness)
  (hc : BorceaVariance.Certificate.packingCheck n B W = true) :
  ‖BorceaVariance.mean P.q - ↑P.configuration.distinguished‖ ^ 2 ≤
    ↑(BorceaVariance.Certificate.packingCap W / ↑(n - 1)) ^ 2
BorceaVariance.Certificate.CounterexampleParameters.critical_far {n : ℕ}
  (P : BorceaVariance.Certificate.CounterexampleParameters n) (j : Fin (n - 1)) :
  1 < ‖↑P.configuration.distinguished - P.critical j‖
BorceaVariance.Certificate.parameters_exist {n : ℕ} (hn : 2 ≤ n) (Cex : BorceaVariance.NormalizedCounterexample n) :
  ∃ P, P.configuration = Cex
BorceaVariance.Certificate.CounterexampleParameters.variance_nonnegative {n : ℕ} (hn : 2 ≤ n)
  (P : BorceaVariance.Certificate.CounterexampleParameters n) : P.point 1 ^ 2 ≤ P.point 2
BorceaVariance.Certificate.CounterexampleParameters.unit_parameters {n : ℕ} (hn : 2 ≤ n)
  (P : BorceaVariance.Certificate.CounterexampleParameters n) :
  0 ≤ P.point 0 ∧ 0 ≤ P.point 1 ∧ P.point 1 < 1 ∧ 0 < P.point 2 ∧ P.point 2 < 1
BorceaVariance.Certificate.Tree.leafPaths_nodup (T : BorceaVariance.Certificate.Tree) : T.leafPaths.Nodup
BorceaVariance.Certificate.Tree.atLeaf_unique (T : BorceaVariance.Certificate.Tree)
  (p : BorceaVariance.Certificate.Path) (v w : BorceaVariance.Certificate.Leaf) (hv : T.AtLeaf p v)
  (hw : T.AtLeaf p w) : v = w
BorceaVariance.Certificate.Tree.leaf_has_no_descendant (T : BorceaVariance.Certificate.Tree)
  (p q : BorceaVariance.Certificate.Path) (v w : BorceaVariance.Certificate.Leaf) (hp : T.AtLeaf p v) (hq : q ≠ []) :
  ¬T.AtLeaf (p ++ q) w
BorceaVariance.Certificate.Tree.atLeaf_split_coordinate (i : Fin 3) (l r : BorceaVariance.Certificate.Tree) (j : Fin 3)
  (b : Bool) (p : BorceaVariance.Certificate.Path) (v : BorceaVariance.Certificate.Leaf)
  (h : (BorceaVariance.Certificate.Tree.split i l r).AtLeaf ((j, b) :: p) v) : j = i
BorceaVariance.Certificate.positive_pointwise_lower (D : BorceaVariance.Certificate.DegreeBlock)
  (B : BorceaVariance.Certificate.Box) (R : BorceaVariance.Certificate.Refinement) {n : ℕ} (hd : D.Contains n)
  (hD : D.lower = D.upper) (P : BorceaVariance.Certificate.CounterexampleParameters n) (hx : B.Contains P.point)
  (hc : BorceaVariance.Certificate.refinementCheck D B R = true) (j : Fin (n - 1)) :
  ↑(BorceaVariance.Certificate.positivePointwiseLower D B R) ≤ ‖P.q j‖ ^ 2
BorceaVariance.Certificate.real_coordinate_lower_mono {m : ℕ} (hm : 2 ≤ m) {l r t : ℝ} (hl : 0 < l) (hlr : l ≤ r)
  (ht : t ≤ 1) : BorceaVariance.realCoordinateLower m l t ≤ BorceaVariance.realCoordinateLower m r t
BorceaVariance.Certificate.positive_real_variance_upper (D : BorceaVariance.Certificate.DegreeBlock)
  (B : BorceaVariance.Certificate.Box) (R : BorceaVariance.Certificate.Refinement) {n : ℕ} (hn : 4 ≤ n)
  (hd : D.Contains n) (hD : D.lower = D.upper) (P : BorceaVariance.Certificate.CounterexampleParameters n)
  (hx : B.Contains P.point) (hc : BorceaVariance.Certificate.refinementCheck D B R = true) (hrl : 0 < (B 1).lo) :
  BorceaVariance.realCoordinateVariance (BorceaVariance.rotateToMean P.q) ‖BorceaVariance.mean P.q‖ ≤
    ↑(BorceaVariance.Certificate.positiveRealVariance D B R)
BorceaVariance.Certificate.positive_quadratic_lower (D : BorceaVariance.Certificate.DegreeBlock)
  (B : BorceaVariance.Certificate.Box) (R : BorceaVariance.Certificate.Refinement) {n : ℕ} (hn : 4 ≤ n)
  (hd : D.Contains n) (hD : D.lower = D.upper) (P : BorceaVariance.Certificate.CounterexampleParameters n)
  (hx : B.Contains P.point) (hc : BorceaVariance.Certificate.refinementCheck D B R = true) (hrl : 0 < (B 1).lo) :
  ↑(BorceaVariance.Certificate.positiveQuadraticLower D B R) ≤
    (BorceaVariance.elementarySymmetric (fun j => BorceaVariance.rotateToMean P.q j - ↑‖BorceaVariance.mean P.q‖) 2).re
BorceaVariance.Certificate.integralRat_cast (k p : ℕ) (d : ℚ) :
  ↑(BorceaVariance.Certificate.integralRat k p d) = BorceaVariance.integralPolynomial k p ↑d
BorceaVariance.Certificate.integral_polynomial_mono (k p : ℕ) {d e : ℝ} (hd : 0 ≤ d) (he : d ≤ e) :
  BorceaVariance.integralPolynomial k p d ≤ BorceaVariance.integralPolynomial k p e
BorceaVariance.Certificate.positive_h_bounds {n : ℕ} (P : BorceaVariance.Certificate.CounterexampleParameters n)
  (B : BorceaVariance.Certificate.Box) (hx : B.Contains P.point) (hal : 0 ≤ (B 0).lo) (hrl : 0 ≤ (B 1).lo) :
  0 ≤ ↑(B 0).lo * ↑(B 1).lo ∧
    ↑(B 0).lo * ↑(B 1).lo ≤ P.configuration.distinguished * ‖BorceaVariance.mean P.q‖ ∧
      P.configuration.distinguished * ‖BorceaVariance.mean P.q‖ ≤ ↑(B 0).hi * ↑(B 1).hi
BorceaVariance.Certificate.positive_kernel_lower (D : BorceaVariance.Certificate.DegreeBlock)
  (B : BorceaVariance.Certificate.Box) (R : BorceaVariance.Certificate.Refinement) {n : ℕ} (hd : D.Contains n)
  (hD : D.lower = D.upper) (P : BorceaVariance.Certificate.CounterexampleParameters n) (hx : B.Contains P.point)
  (hc : BorceaVariance.Certificate.refinementCheck D B R = true) (hhu : (B 0).hi * (B 1).hi ≤ 1) :
  0 ≤ ↑(BorceaVariance.Certificate.positiveKernelLower D B) ∧
    ↑(BorceaVariance.Certificate.positiveKernelLower D B) ≤
      BorceaVariance.realQuadraticKernel (n - 1) (P.configuration.distinguished * ‖BorceaVariance.mean P.q‖)
BorceaVariance.Certificate.phase_error_mono_h {m : ℕ} {h H d ε : ℝ} (hh : 0 ≤ h) (hH : h ≤ H) (hd : 0 ≤ d)
  (he : 0 ≤ ε) :
  0 ≤ BorceaVariance.phaseError m h d ε ∧ BorceaVariance.phaseError m h d ε ≤ BorceaVariance.phaseError m H d ε
BorceaVariance.Certificate.positive_phase_error_upper (S : ℕ) (D : BorceaVariance.Certificate.DegreeBlock)
  (B : BorceaVariance.Certificate.Box) (R : BorceaVariance.Certificate.Refinement) {n : ℕ} (hd : D.Contains n)
  (hD : D.lower = D.upper) (P : BorceaVariance.Certificate.CounterexampleParameters n) (hx : B.Contains P.point)
  (hc : BorceaVariance.Certificate.refinementCheck D B R = true) :
  0 ≤
      BorceaVariance.phaseError (n - 1) (P.configuration.distinguished * ‖BorceaVariance.mean P.q‖)
        ↑(BorceaVariance.Certificate.upperSqrt S (BorceaVariance.Certificate.centerEndpointSquare D B R))
        ↑(BorceaVariance.Certificate.upperSqrt S (BorceaVariance.Certificate.positivePhaseSquare D B R)) ∧
    BorceaVariance.phaseError (n - 1) (P.configuration.distinguished * ‖BorceaVariance.mean P.q‖)
        ↑(BorceaVariance.Certificate.upperSqrt S (BorceaVariance.Certificate.centerEndpointSquare D B R))
        ↑(BorceaVariance.Certificate.upperSqrt S (BorceaVariance.Certificate.positivePhaseSquare D B R)) ≤
      ↑(BorceaVariance.Certificate.positivePhaseError S D B R)
BorceaVariance.Certificate.positive_mean_real_lower (D : BorceaVariance.Certificate.DegreeBlock)
  (B : BorceaVariance.Certificate.Box) (R : BorceaVariance.Certificate.Refinement) {n : ℕ} (hd : D.Contains n)
  (P : BorceaVariance.Certificate.CounterexampleParameters n) (hx : B.Contains P.point)
  (hc : BorceaVariance.Certificate.refinementCheck D B R = true) (hau : 0 < (B 0).hi) :
  0 ≤ ↑(BorceaVariance.Certificate.positiveMeanRealLower D B R) ∧
    ↑(BorceaVariance.Certificate.positiveMeanRealLower D B R) ≤ (BorceaVariance.mean P.q).re
BorceaVariance.Certificate.positive_phase_square_upper (D : BorceaVariance.Certificate.DegreeBlock)
  (B : BorceaVariance.Certificate.Box) (R : BorceaVariance.Certificate.Refinement) {n : ℕ} (hd : D.Contains n)
  (P : BorceaVariance.Certificate.CounterexampleParameters n) (hx : B.Contains P.point)
  (hc : BorceaVariance.Certificate.refinementCheck D B R = true) (hau : 0 < (B 0).hi) (hrl : 0 < (B 1).lo) :
  ‖BorceaVariance.meanPhase P.q - 1‖ ^ 2 ≤ ↑(BorceaVariance.Certificate.positivePhaseSquare D B R)
BorceaVariance.Certificate.positive_phase_rounded_upper {S : ℕ} (hS : 0 < S)
  (D : BorceaVariance.Certificate.DegreeBlock) (B : BorceaVariance.Certificate.Box)
  (R : BorceaVariance.Certificate.Refinement) {n : ℕ} (hd : D.Contains n)
  (P : BorceaVariance.Certificate.CounterexampleParameters n) (hx : B.Contains P.point)
  (hc : BorceaVariance.Certificate.refinementCheck D B R = true) (hau : 0 < (B 0).hi) (hrl : 0 < (B 1).lo) :
  ‖BorceaVariance.meanPhase P.q - 1‖ ≤
    ↑(BorceaVariance.Certificate.upperSqrt S (BorceaVariance.Certificate.positivePhaseSquare D B R))
BorceaVariance.Certificate.degree_bound_sound (D : BorceaVariance.Certificate.DegreeBlock)
  (B : BorceaVariance.Certificate.Box) (n : ℕ) (hn : 2 ≤ n) (hdegree : D.Contains n)
  (htest : BorceaVariance.Certificate.degreeBoundTest D B = true) (x : BorceaVariance.Certificate.Point) :
  B.Contains x → ¬BorceaVariance.Certificate.Admissible n x
BorceaVariance.Certificate.variance_nonnegative_sound (B : BorceaVariance.Certificate.Box) (n : ℕ) (hn : 2 ≤ n)
  (htest : BorceaVariance.Certificate.varianceNonnegativeTest B = true) (x : BorceaVariance.Certificate.Point) :
  B.Contains x → ¬BorceaVariance.Certificate.Admissible n x
BorceaVariance.Certificate.beta_negative_sound (D : BorceaVariance.Certificate.DegreeBlock)
  (B : BorceaVariance.Certificate.Box) (n : ℕ) (hn : 2 ≤ n) (hdegree : D.Contains n)
  (htest : BorceaVariance.Certificate.betaNegativeTest D B = true) (x : BorceaVariance.Certificate.Point) :
  B.Contains x → ¬BorceaVariance.Certificate.Admissible n x
BorceaVariance.Certificate.center_absolute_sound {S : ℕ} (hS : 0 < S) (D : BorceaVariance.Certificate.DegreeBlock)
  (B : BorceaVariance.Certificate.Box) (R : BorceaVariance.Certificate.Refinement) (N : ℕ) (p : ℕ → ℚ) (n : ℕ)
  (hd : D.Contains n) (ht : BorceaVariance.Certificate.centerAbsoluteTest S D B R N p = true)
  (x : BorceaVariance.Certificate.Point) : B.Contains x → ¬BorceaVariance.Certificate.Admissible n x
BorceaVariance.Certificate.center_ratio_sound {S : ℕ} (hS : 0 < S) (D : BorceaVariance.Certificate.DegreeBlock)
  (B : BorceaVariance.Certificate.Box) (R : BorceaVariance.Certificate.Refinement) (N : ℕ) (p : ℕ → ℚ) (n : ℕ)
  (hd : D.Contains n) (ht : BorceaVariance.Certificate.centerRatioTest S D B R N p = true)
  (x : BorceaVariance.Certificate.Point) : B.Contains x → ¬BorceaVariance.Certificate.Admissible n x
BorceaVariance.Certificate.coefficient_sound {S : ℕ} (hS : 0 < S) (D : BorceaVariance.Certificate.DegreeBlock)
  (B : BorceaVariance.Certificate.Box) (R : BorceaVariance.Certificate.Refinement) (n : ℕ) (hdegree : D.Contains n)
  (htest : BorceaVariance.Certificate.coefficientTest S D B R = true) (x : BorceaVariance.Certificate.Point) :
  B.Contains x → ¬BorceaVariance.Certificate.Admissible n x
BorceaVariance.Certificate.refined_endpoint_power_upper {S : ℕ} (hS : 0 < S)
  (D : BorceaVariance.Certificate.DegreeBlock) (B : BorceaVariance.Certificate.Box)
  (R : BorceaVariance.Certificate.Refinement) {n : ℕ} (hd : D.Contains n)
  (P : BorceaVariance.Certificate.CounterexampleParameters n) (hx : B.Contains P.point)
  (hc : BorceaVariance.Certificate.refinementCheck D B R = true) :
  BorceaVariance.factorMean P.q P.configuration.distinguished 1 ^ (n - 1) ≤
    ↑(BorceaVariance.Certificate.upperHalfPower S (BorceaVariance.Certificate.refinedEndpointSquare D B R)
        (D.lower - 1))
BorceaVariance.Certificate.direct_scalar_exclusion {S : ℕ} (hS : 0 < S) (D : BorceaVariance.Certificate.DegreeBlock)
  (B : BorceaVariance.Certificate.Box) (R : BorceaVariance.Certificate.Refinement) (hlo : 4 ≤ D.lower) {n : ℕ}
  (hd : D.Contains n) (P : BorceaVariance.Certificate.CounterexampleParameters n) (hx : B.Contains P.point)
  (hc : BorceaVariance.Certificate.refinementCheck D B R = true)
  (hphi : BorceaVariance.Certificate.phiDomainCheck D B = true) {I : ℚ}
  (hI : ∫ (t : ℝ) in 0..1, t * BorceaVariance.directMajorant P.q P.configuration.distinguished t ≤ ↑I)
  (ht : BorceaVariance.Certificate.directScalar S D B R I < 1) : False
BorceaVariance.Certificate.direct_sound {S : ℕ} (hS : 0 < S) (D : BorceaVariance.Certificate.DegreeBlock)
  (B : BorceaVariance.Certificate.Box) (R : BorceaVariance.Certificate.Refinement) (N : ℕ) (p : ℕ → ℚ) (n : ℕ)
  (hd : D.Contains n) (ht : BorceaVariance.Certificate.directTest S D B R N p = true)
  (x : BorceaVariance.Certificate.Point) : B.Contains x → ¬BorceaVariance.Certificate.Admissible n x
BorceaVariance.Certificate.varianceUpper_bounds (D : BorceaVariance.Certificate.DegreeBlock) (n : ℕ) (hn : 2 ≤ n)
  (hdegree : D.Contains n) :
  0 ≤ ↑(BorceaVariance.Certificate.varianceUpper D) ∧ 1 - 1 / (↑n - 1) ≤ ↑(BorceaVariance.Certificate.varianceUpper D)
BorceaVariance.Certificate.inverse_moment_sound (D : BorceaVariance.Certificate.DegreeBlock)
  (B : BorceaVariance.Certificate.Box) (n : ℕ) (hn : 2 ≤ n) (hdegree : D.Contains n)
  (htest : BorceaVariance.Certificate.inverseMomentTest D B = true) (x : BorceaVariance.Certificate.Point) :
  B.Contains x → ¬BorceaVariance.Certificate.Admissible n x
BorceaVariance.Certificate.moment_A_sound (D : BorceaVariance.Certificate.DegreeBlock)
  (B : BorceaVariance.Certificate.Box) (n : ℕ) (hn : 2 ≤ n) (hdegree : D.Contains n)
  (htest : BorceaVariance.Certificate.momentATest D B = true) (x : BorceaVariance.Certificate.Point) :
  B.Contains x → ¬BorceaVariance.Certificate.Admissible n x
BorceaVariance.Certificate.moment_B_sound (D : BorceaVariance.Certificate.DegreeBlock)
  (B : BorceaVariance.Certificate.Box) (n : ℕ) (hn : 2 ≤ n) (hdegree : D.Contains n)
  (htest : BorceaVariance.Certificate.momentBTest D B = true) (x : BorceaVariance.Certificate.Point) :
  B.Contains x → ¬BorceaVariance.Certificate.Admissible n x
BorceaVariance.Certificate.near_uniform_sound (D : BorceaVariance.Certificate.DegreeBlock)
  (B : BorceaVariance.Certificate.Box) (n : ℕ) (hdegree : D.Contains n)
  (htest : BorceaVariance.Certificate.nearUniformTest D B = true) (x : BorceaVariance.Certificate.Point) :
  B.Contains x → ¬BorceaVariance.Certificate.Admissible n x
BorceaVariance.Certificate.product_logcap_sound (D : BorceaVariance.Certificate.DegreeBlock)
  (B : BorceaVariance.Certificate.Box) (W : BorceaVariance.Certificate.PackingWitness) (n : ℕ) (hdegree : D.Contains n)
  (htest : BorceaVariance.Certificate.productLogcapTest D B W = true) (x : BorceaVariance.Certificate.Point) :
  B.Contains x → ¬BorceaVariance.Certificate.Admissible n x
BorceaVariance.Certificate.critical_variance_packed_sound (D : BorceaVariance.Certificate.DegreeBlock)
  (B : BorceaVariance.Certificate.Box) (W : BorceaVariance.Certificate.PackingWitness) (n : ℕ) (hdegree : D.Contains n)
  (htest : BorceaVariance.Certificate.criticalVariancePackedTest D B W = true) (x : BorceaVariance.Certificate.Point) :
  B.Contains x → ¬BorceaVariance.Certificate.Admissible n x
BorceaVariance.Certificate.moment_A_packed_sound (D : BorceaVariance.Certificate.DegreeBlock)
  (B : BorceaVariance.Certificate.Box) (W : BorceaVariance.Certificate.PackingWitness) (n : ℕ) (hdegree : D.Contains n)
  (htest : BorceaVariance.Certificate.momentAPackedTest D B W = true) (x : BorceaVariance.Certificate.Point) :
  B.Contains x → ¬BorceaVariance.Certificate.Admissible n x
BorceaVariance.Certificate.moment_B_packed_sound (D : BorceaVariance.Certificate.DegreeBlock)
  (B : BorceaVariance.Certificate.Box) (W : BorceaVariance.Certificate.PackingWitness) (n : ℕ) (hdegree : D.Contains n)
  (htest : BorceaVariance.Certificate.momentBPackedTest D B W = true) (x : BorceaVariance.Certificate.Point) :
  B.Contains x → ¬BorceaVariance.Certificate.Admissible n x
BorceaVariance.Certificate.positive_sound {S : ℕ} (hS : 0 < S) (D : BorceaVariance.Certificate.DegreeBlock)
  (B : BorceaVariance.Certificate.Box) (R : BorceaVariance.Certificate.Refinement) (n : ℕ) (hdegree : D.Contains n)
  (htest : BorceaVariance.Certificate.positiveTest S D B R = true) (x : BorceaVariance.Certificate.Point) :
  B.Contains x → ¬BorceaVariance.Certificate.Admissible n x
BorceaVariance.Certificate.productBase_bounds (D : BorceaVariance.Certificate.DegreeBlock)
  (B : BorceaVariance.Certificate.Box) (n : ℕ) (hlo : 2 ≤ D.lower) (hdegree : D.Contains n)
  (P : BorceaVariance.Certificate.CounterexampleParameters n) (hB : B.Contains P.point) :
  0 ≤ ↑n / (↑n - 1) * (1 + P.configuration.distinguished ^ 2) * BorceaVariance.secondMoment P.q ∧
    ↑n / (↑n - 1) * (1 + P.configuration.distinguished ^ 2) * BorceaVariance.secondMoment P.q ≤
      ↑(BorceaVariance.Certificate.productBase D B)
BorceaVariance.Certificate.product_sound {S : ℕ} (hS : 0 < S) (D : BorceaVariance.Certificate.DegreeBlock)
  (B : BorceaVariance.Certificate.Box) (n : ℕ) (hdegree : D.Contains n)
  (htest : BorceaVariance.Certificate.productTest S D B = true) (x : BorceaVariance.Certificate.Point) :
  B.Contains x → ¬BorceaVariance.Certificate.Admissible n x
BorceaVariance.Certificate.radial_denominator_lower (D : BorceaVariance.Certificate.DegreeBlock)
  (B : BorceaVariance.Certificate.Box) {n : ℕ} (hn : 2 ≤ n) (hdegree : D.Contains n)
  (P : BorceaVariance.Certificate.CounterexampleParameters n) (hB : B.Contains P.point) :
  ↑(BorceaVariance.Certificate.radialDenominator D B) ≤ 1 - ↑(n - 1) * (1 - BorceaVariance.secondMoment P.q)
BorceaVariance.Certificate.radial_mean_box_bound (D : BorceaVariance.Certificate.DegreeBlock)
  (B : BorceaVariance.Certificate.Box) {n : ℕ} (hn : 2 ≤ n) (hdegree : D.Contains n)
  (P : BorceaVariance.Certificate.CounterexampleParameters n) (hB : B.Contains P.point)
  (hden : 0 < BorceaVariance.Certificate.radialDenominator D B) :
  ‖BorceaVariance.mean P.q - ↑P.configuration.distinguished‖ ^ 2 ≤
    (1 - ↑(B 2).lo) ^ 2 / ↑(BorceaVariance.Certificate.radialDenominator D B)
BorceaVariance.Certificate.radial_variance_box_bound (D : BorceaVariance.Certificate.DegreeBlock)
  (B : BorceaVariance.Certificate.Box) {n : ℕ} (hn : 2 ≤ n) (hdegree : D.Contains n)
  (P : BorceaVariance.Certificate.CounterexampleParameters n) (hB : B.Contains P.point) (hal : 0 ≤ (B 0).lo)
  (hden : 0 < BorceaVariance.Certificate.radialDenominator D B) :
  BorceaVariance.secondMoment P.critical ≤ ↑(BorceaVariance.Certificate.radialVarianceUpper D B)
BorceaVariance.Certificate.initial_variance_box_bound (D : BorceaVariance.Certificate.DegreeBlock)
  (B : BorceaVariance.Certificate.Box) {n : ℕ} (hn : 2 ≤ n) (hdegree : D.Contains n)
  (P : BorceaVariance.Certificate.CounterexampleParameters n) (hB : B.Contains P.point) (hal : 0 ≤ (B 0).lo) :
  BorceaVariance.secondMoment P.critical ≤ ↑(BorceaVariance.Certificate.initialVarianceUpper D B)
BorceaVariance.Certificate.finite_radial_sound (D : BorceaVariance.Certificate.DegreeBlock)
  (B : BorceaVariance.Certificate.Box) (n : ℕ) (hn : 2 ≤ n) (hdegree : D.Contains n)
  (htest : BorceaVariance.Certificate.finiteRadialTest D B = true) (x : BorceaVariance.Certificate.Point) :
  B.Contains x → ¬BorceaVariance.Certificate.Admissible n x
BorceaVariance.Certificate.initial_critical_variance_negative_sound (D : BorceaVariance.Certificate.DegreeBlock)
  (B : BorceaVariance.Certificate.Box) (n : ℕ) (hn : 2 ≤ n) (hdegree : D.Contains n)
  (htest : BorceaVariance.Certificate.initialCriticalVarianceNegativeTest D B = true)
  (x : BorceaVariance.Certificate.Point) : B.Contains x → ¬BorceaVariance.Certificate.Admissible n x
BorceaVariance.Certificate.quadratic_negative_exclusion (H A : ℚ)
  (hpositive : ∀ t ∈ Set.Icc 0 1, 0 ≤ 1 - ↑H * t - ↑A * t * (1 - t))
  (htest : BorceaVariance.Certificate.quadraticNegativeTest H A = true) : False
BorceaVariance.Certificate.refined_beta_negative_sound (D : BorceaVariance.Certificate.DegreeBlock)
  (B : BorceaVariance.Certificate.Box) (R : BorceaVariance.Certificate.Refinement) (n : ℕ) (hdegree : D.Contains n)
  (htest : BorceaVariance.Certificate.refinedBetaNegativeTest D B R = true) (x : BorceaVariance.Certificate.Point) :
  B.Contains x → ¬BorceaVariance.Certificate.Admissible n x
BorceaVariance.Certificate.retained_direct_sound {S : ℕ} (hS : 0 < S) (D : BorceaVariance.Certificate.DegreeBlock)
  (B : BorceaVariance.Certificate.Box) (R : BorceaVariance.Certificate.Refinement) (N : ℕ) (p : ℕ → ℚ) (n : ℕ)
  (hd : D.Contains n) (ht : BorceaVariance.Certificate.retainedDirectTest S D B R N p = true)
  (x : BorceaVariance.Certificate.Point) : B.Contains x → ¬BorceaVariance.Certificate.Admissible n x
BorceaVariance.Certificate.reciprocal_product_le_one {n : ℕ}
  (P : BorceaVariance.Certificate.CounterexampleParameters n) : ∏ j, ‖P.q j‖ ^ 2 ≤ 1
BorceaVariance.Certificate.product_radial_sound (D : BorceaVariance.Certificate.DegreeBlock)
  (B : BorceaVariance.Certificate.Box) (n : ℕ) (hdegree : D.Contains n)
  (htest : BorceaVariance.Certificate.productRadialTest D B = true) (x : BorceaVariance.Certificate.Point) :
  B.Contains x → ¬BorceaVariance.Certificate.Admissible n x
BorceaVariance.Certificate.rootProductLower_pos {n : ℕ} (hn : 2 ≤ n) (B : BorceaVariance.Certificate.Box) :
  0 < BorceaVariance.Certificate.rootProductLower n B
BorceaVariance.Certificate.root_product_exp_bound {n : ℕ} (hn : 4 ≤ n)
  (P : BorceaVariance.Certificate.CounterexampleParameters n) (B : BorceaVariance.Certificate.Box)
  (hx : B.Contains P.point) (hal : 0 ≤ (B 0).lo) (hrl : 0 ≤ (B 1).lo) {V : ℝ} (hVpos : 0 < V)
  (hV : BorceaVariance.secondMoment P.critical ≤ V) :
  ↑(BorceaVariance.Certificate.rootProductLower n B) *
      Real.exp (BorceaVariance.radialLoss P.configuration.distinguished P.q V) ≤
    BorceaVariance.secondMoment P.q ^ (n - 1)
BorceaVariance.Certificate.product_root_stable_sound (D : BorceaVariance.Certificate.DegreeBlock)
  (B : BorceaVariance.Certificate.Box) (n : ℕ) (hdegree : D.Contains n)
  (htest : BorceaVariance.Certificate.rootStableProductTest D B = true) (x : BorceaVariance.Certificate.Point) :
  B.Contains x → ¬BorceaVariance.Certificate.Admissible n x
BorceaVariance.Certificate.radialDistance_nonneg (B : BorceaVariance.Certificate.Box) :
  0 ≤ BorceaVariance.Certificate.radialDistance B
BorceaVariance.Certificate.radialDistance_lower {n : ℕ} (P : BorceaVariance.Certificate.CounterexampleParameters n)
  (B : BorceaVariance.Certificate.Box) (hx : B.Contains P.point) (hal : 0 ≤ (B 0).lo) (hsl : 0 ≤ (B 2).lo) :
  ↑(BorceaVariance.Certificate.radialDistance B) ≤
    ‖BorceaVariance.mean P.q - ↑(P.configuration.distinguished * BorceaVariance.secondMoment P.q)‖
BorceaVariance.Certificate.stableBoxLoss_nonneg (D : BorceaVariance.Certificate.DegreeBlock)
  (B : BorceaVariance.Certificate.Box) (hlo : 2 ≤ D.lower)
  (hV : 0 < BorceaVariance.Certificate.initialVarianceUpper D B) (hs : 0 ≤ (B 2).hi) :
  0 ≤ BorceaVariance.Certificate.stableBoxLoss D B
BorceaVariance.Certificate.stableBoxLoss_lower (D : BorceaVariance.Certificate.DegreeBlock)
  (B : BorceaVariance.Certificate.Box) {n : ℕ} (hlo : 2 ≤ D.lower) (hdegree : D.Contains n)
  (P : BorceaVariance.Certificate.CounterexampleParameters n) (hx : B.Contains P.point) (hal : 0 ≤ (B 0).lo)
  (hsl : 0 ≤ (B 2).lo) (hV : 0 < BorceaVariance.Certificate.initialVarianceUpper D B) :
  ↑(BorceaVariance.Certificate.stableBoxLoss D B) ≤
    BorceaVariance.radialLoss P.configuration.distinguished P.q ↑(BorceaVariance.Certificate.initialVarianceUpper D B)
BorceaVariance.Certificate.product_stable_sound (D : BorceaVariance.Certificate.DegreeBlock)
  (B : BorceaVariance.Certificate.Box) (n : ℕ) (hdegree : D.Contains n)
  (htest : BorceaVariance.Certificate.stableProductTest D B = true) (x : BorceaVariance.Certificate.Point) :
  B.Contains x → ¬BorceaVariance.Certificate.Admissible n x
BorceaVariance.Certificate.segment_majorant_two_real_scale {f g : ℝ → ℝ} {l r u v : ℚ} {A : ℝ} (hl : 0 ≤ l)
  (hlr : l ≤ r) (hr : r ≤ 1) (hA : 0 ≤ A) (hf : ContinuousOn f (Set.Icc ↑l ↑r)) (hg : ConvexOn ℝ (Set.Icc 0 1) g)
  (hc : ContinuousOn g (Set.Icc 0 1)) (hfg : ∀ t ∈ Set.Icc ↑l ↑r, f t ≤ A * t ^ 2 * g t) (hu : g ↑l ≤ ↑u)
  (hv : g ↑r ≤ ↑v) : ∫ (t : ℝ) in ↑l..↑r, f t ≤ A * ↑(QuadraticTangZhang.chordTwo l r u v)
BorceaVariance.Certificate.sum_segment_scaled_upper_bounds {N : ℕ} {p : ℕ → ℚ}
  (hmesh : BorceaVariance.Certificate.meshCheck N p = true) {f : ℝ → ℝ} (hc : ContinuousOn f (Set.Icc 0 1))
  (bounds : ℕ → ℚ) (A : ℝ) (hbound : ∀ i < N, ∫ (t : ℝ) in ↑(p i)..↑(p (i + 1)), f t ≤ A * ↑(bounds i)) :
  ∫ (t : ℝ) in 0..1, f t ≤ A * ↑(∑ i ∈ Finset.range N, bounds i)
BorceaVariance.Certificate.segment_majorant_two_factored {f g : ℝ → ℝ} {l r u v c : ℚ} {A : ℝ} (hl : 0 ≤ l)
  (hlr : l ≤ r) (hr : r ≤ 1) (hA : 0 ≤ A) (hc0 : 0 ≤ c) (hf : ContinuousOn f (Set.Icc ↑l ↑r))
  (hg : ConvexOn ℝ (Set.Icc 0 1) g) (hc : ContinuousOn g (Set.Icc 0 1))
  (hfg : ∀ t ∈ Set.Icc ↑l ↑r, f t ≤ A * t ^ 2 * ↑c * g t) (hu : g ↑l ≤ ↑u) (hv : g ↑r ≤ ↑v) :
  ∫ (t : ℝ) in ↑l..↑r, f t ≤ A * ↑(c * QuadraticTangZhang.chordTwo l r u v)
BorceaVariance.Certificate.rho_variance_lower {n : ℕ} (hn : 2 ≤ n)
  (P : BorceaVariance.Certificate.CounterexampleParameters n) (B : BorceaVariance.Certificate.Box)
  (hx : B.Contains P.point) (hrl : 0 ≤ (B 1).lo) (hsu : (B 2).hi ≤ 1) (V : ℚ)
  (hV : BorceaVariance.secondMoment P.critical ≤ ↑V) (hV1 : V ≤ 1) :
  ↑(BorceaVariance.Certificate.rhoWithVariance V B) ≤
    2 * P.configuration.distinguished * (BorceaVariance.mean P.q).re -
      P.configuration.distinguished ^ 2 * BorceaVariance.secondMoment P.q
BorceaVariance.Certificate.rho_distance_lower {n : ℕ} (hn : 2 ≤ n)
  (P : BorceaVariance.Certificate.CounterexampleParameters n) (B : BorceaVariance.Certificate.Box)
  (hx : B.Contains P.point) (hal : 0 ≤ (B 0).lo) (hrl : 0 ≤ (B 1).lo) (hsu : (B 2).hi ≤ 1) (D2 : ℚ)
  (hD : ‖BorceaVariance.mean P.q - ↑P.configuration.distinguished‖ ^ 2 ≤ ↑D2) :
  ↑(BorceaVariance.Certificate.rhoWithDistance D2 B) ≤
    2 * P.configuration.distinguished * (BorceaVariance.mean P.q).re -
      P.configuration.distinguished ^ 2 * BorceaVariance.secondMoment P.q
BorceaVariance.Certificate.beta_majorant_of_rho {n : ℕ} (P : BorceaVariance.Certificate.CounterexampleParameters n)
  (B : BorceaVariance.Certificate.Box) (hx : B.Contains P.point) (hal : 0 ≤ (B 0).lo) (hsl : 0 ≤ (B 2).lo) {H : ℚ}
  (hH :
    ↑H ≤
      2 * P.configuration.distinguished * (BorceaVariance.mean P.q).re -
        P.configuration.distinguished ^ 2 * BorceaVariance.secondMoment P.q)
  {t : ℝ} (ht : 0 ≤ t) (ht1 : t ≤ 1) :
  BorceaVariance.beta P.configuration.distinguished (BorceaVariance.mean P.q) (BorceaVariance.secondMoment P.q) t ≤
    1 - ↑H * t - ↑(BorceaVariance.Certificate.betaCoefficient B) * t * (1 - t)
BorceaVariance.Certificate.varianceBoxLower_bound {n : ℕ} (hn : 2 ≤ n)
  (P : BorceaVariance.Certificate.CounterexampleParameters n) (B : BorceaVariance.Certificate.Box)
  (hx : B.Contains P.point) : ↑(BorceaVariance.Certificate.varianceBoxLower B) ≤ BorceaVariance.centeredVariance P.q
BorceaVariance.Certificate.refined_endpoint_square_upper (D : BorceaVariance.Certificate.DegreeBlock)
  (B : BorceaVariance.Certificate.Box) (R : BorceaVariance.Certificate.Refinement) {n : ℕ} (hdegree : D.Contains n)
  (P : BorceaVariance.Certificate.CounterexampleParameters n) (hx : B.Contains P.point)
  (hc : BorceaVariance.Certificate.refinementCheck D B R = true) :
  BorceaVariance.factorMean P.q P.configuration.distinguished 1 ^ 2 ≤
    ↑(BorceaVariance.Certificate.refinedEndpointSquare D B R)
BorceaVariance.Certificate.center_endpoint_square_upper (D : BorceaVariance.Certificate.DegreeBlock)
  (B : BorceaVariance.Certificate.Box) (R : BorceaVariance.Certificate.Refinement) {n : ℕ} (hdegree : D.Contains n)
  (P : BorceaVariance.Certificate.CounterexampleParameters n) (hx : B.Contains P.point)
  (hc : BorceaVariance.Certificate.refinementCheck D B R = true) :
  ‖1 - ↑P.configuration.distinguished * BorceaVariance.mean P.q‖ ^ 2 ≤
    ↑(BorceaVariance.Certificate.centerEndpointSquare D B R)
BorceaVariance.Certificate.endpoint_bound_of_square {x : ℝ} {E : ℚ} (hE : 0 ≤ E) (hx : x ^ 2 ≤ ↑E) {K : ℝ} (hK : 0 ≤ K)
  (hKsq : ↑E ≤ K ^ 2) : x ≤ K
BorceaVariance.Certificate.CounterexampleParameters.initial_moments {n : ℕ}
  (P : BorceaVariance.Certificate.CounterexampleParameters n) (D : BorceaVariance.Certificate.DegreeBlock)
  (B : BorceaVariance.Certificate.Box) (hn : 2 ≤ n) (hdegree : D.Contains n) (hx : B.Contains P.point)
  (hal : 0 ≤ (B 0).lo) :
  have a := P.configuration.distinguished;
  have μ := BorceaVariance.mean P.q;
  have s := BorceaVariance.secondMoment P.q;
  have v := BorceaVariance.centeredVariance P.q;
  have V := ↑(BorceaVariance.Certificate.initialVarianceUpper D B);
  ‖μ‖ ^ 2 + (1 - V) * (1 - s) ≤ 2 * a * μ.re - a ^ 2 * s ∧
    ‖μ - ↑a‖ ^ 2 ≤ (a ^ 2 + V - 1) * (1 - s) ∧
      ‖1 - ↑a * μ‖ ^ 2 ≤ V * v ∧ 1 ≤ s * (a ^ 2 + V) ∧ BorceaVariance.beta a μ s 1 ≤ (a ^ 2 + V) * v
BorceaVariance.Certificate.initial_inverse_moment_sound (D : BorceaVariance.Certificate.DegreeBlock)
  (B : BorceaVariance.Certificate.Box) (n : ℕ) (hn : 2 ≤ n) (hdegree : D.Contains n)
  (htest : BorceaVariance.Certificate.initialInverseMomentTest D B = true) (x : BorceaVariance.Certificate.Point) :
  B.Contains x → ¬BorceaVariance.Certificate.Admissible n x
BorceaVariance.Certificate.initial_moment_A_sound (D : BorceaVariance.Certificate.DegreeBlock)
  (B : BorceaVariance.Certificate.Box) (n : ℕ) (hn : 2 ≤ n) (hdegree : D.Contains n)
  (htest : BorceaVariance.Certificate.initialMomentATest D B = true) (x : BorceaVariance.Certificate.Point) :
  B.Contains x → ¬BorceaVariance.Certificate.Admissible n x
BorceaVariance.Certificate.initial_moment_B_sound (D : BorceaVariance.Certificate.DegreeBlock)
  (B : BorceaVariance.Certificate.Box) (n : ℕ) (hn : 2 ≤ n) (hdegree : D.Contains n)
  (htest : BorceaVariance.Certificate.initialMomentBTest D B = true) (x : BorceaVariance.Certificate.Point) :
  B.Contains x → ¬BorceaVariance.Certificate.Admissible n x
BorceaVariance.Certificate.refinedVariance_le_one (D : BorceaVariance.Certificate.DegreeBlock)
  (B : BorceaVariance.Certificate.Box) (R : BorceaVariance.Certificate.Refinement)
  (hc : BorceaVariance.Certificate.refinementCheck D B R = true) : BorceaVariance.Certificate.refinedVariance D B R ≤ 1
BorceaVariance.Certificate.refined_rho_lower (D : BorceaVariance.Certificate.DegreeBlock)
  (B : BorceaVariance.Certificate.Box) (R : BorceaVariance.Certificate.Refinement) {n : ℕ} (hdegree : D.Contains n)
  (P : BorceaVariance.Certificate.CounterexampleParameters n) (hx : B.Contains P.point)
  (hc : BorceaVariance.Certificate.refinementCheck D B R = true) :
  ↑(BorceaVariance.Certificate.refinedRho D B R) ≤
    2 * P.configuration.distinguished * (BorceaVariance.mean P.q).re -
      P.configuration.distinguished ^ 2 * BorceaVariance.secondMoment P.q
BorceaVariance.Certificate.refined_rho_nonneg (D : BorceaVariance.Certificate.DegreeBlock)
  (B : BorceaVariance.Certificate.Box) (R : BorceaVariance.Certificate.Refinement)
  (hc : BorceaVariance.Certificate.refinementCheck D B R = true) : 0 ≤ BorceaVariance.Certificate.refinedRho D B R
BorceaVariance.Certificate.refined_beta_majorant (D : BorceaVariance.Certificate.DegreeBlock)
  (B : BorceaVariance.Certificate.Box) (R : BorceaVariance.Certificate.Refinement) {n : ℕ} (hdegree : D.Contains n)
  (P : BorceaVariance.Certificate.CounterexampleParameters n) (hx : B.Contains P.point)
  (hc : BorceaVariance.Certificate.refinementCheck D B R = true) {t : ℝ} (ht : 0 ≤ t) (ht1 : t ≤ 1) :
  BorceaVariance.beta P.configuration.distinguished (BorceaVariance.mean P.q) (BorceaVariance.secondMoment P.q) t ≤
    1 - ↑(BorceaVariance.Certificate.refinedRho D B R) * t -
      ↑(BorceaVariance.Certificate.betaCoefficient B) * t * (1 - t)
BorceaVariance.Certificate.refinement_check_domain (D : BorceaVariance.Certificate.DegreeBlock)
  (B : BorceaVariance.Certificate.Box) (R : BorceaVariance.Certificate.Refinement)
  (hc : BorceaVariance.Certificate.refinementCheck D B R = true) :
  2 ≤ D.lower ∧ 0 ≤ (B 0).lo ∧ 0 ≤ (B 1).lo ∧ 0 ≤ (B 2).lo ∧ (B 2).hi ≤ 1
BorceaVariance.Certificate.refinement_check_degree_order (D : BorceaVariance.Certificate.DegreeBlock)
  (B : BorceaVariance.Certificate.Box) (R : BorceaVariance.Certificate.Refinement)
  (hc : BorceaVariance.Certificate.refinementCheck D B R = true) : D.lower ≤ D.upper
BorceaVariance.Certificate.refined_variance_bound (D : BorceaVariance.Certificate.DegreeBlock)
  (B : BorceaVariance.Certificate.Box) (R : BorceaVariance.Certificate.Refinement) {n : ℕ} (hdegree : D.Contains n)
  (P : BorceaVariance.Certificate.CounterexampleParameters n) (hx : B.Contains P.point)
  (hc : BorceaVariance.Certificate.refinementCheck D B R = true) :
  BorceaVariance.secondMoment P.critical ≤ ↑(BorceaVariance.Certificate.refinedVariance D B R)
BorceaVariance.Certificate.refined_distance_bound (D : BorceaVariance.Certificate.DegreeBlock)
  (B : BorceaVariance.Certificate.Box) (R : BorceaVariance.Certificate.Refinement) {n : ℕ} (hdegree : D.Contains n)
  (P : BorceaVariance.Certificate.CounterexampleParameters n) (hx : B.Contains P.point)
  (hc : BorceaVariance.Certificate.refinementCheck D B R = true) {D2 : ℚ}
  (hD2 : BorceaVariance.Certificate.refinedDistanceSquare D B R = some D2) :
  ‖BorceaVariance.mean P.q - ↑P.configuration.distinguished‖ ^ 2 ≤ ↑D2
BorceaVariance.Certificate.retained_half_value_bound {S : ℕ} (hS : 0 < S) (M N : ℕ) (delta x : ℚ) :
  max (BorceaVariance.Certificate.retainedBase M ↑delta ↑x ^ (↑(M - 1) / 2))
      (BorceaVariance.Certificate.retainedBase M ↑delta ↑x ^ (↑(N - 1) / 2)) ≤
    ↑(BorceaVariance.Certificate.retainedHalfValue S M N delta x)
BorceaVariance.Certificate.retained_whole_value_bound {S : ℕ} (hS : 0 < S) (M N : ℕ) (delta x : ℚ) :
  max (BorceaVariance.Certificate.retainedBase M ↑delta ↑x ^ (M - 1))
      (BorceaVariance.Certificate.retainedBase M ↑delta ↑x ^ (N - 1)) ≤
    ↑(BorceaVariance.Certificate.retainedWholeValue S M N delta x)
BorceaVariance.Certificate.retained_half_hull_continuous (M N : ℕ) (delta : ℝ) {f : ℝ → ℝ} (hf : Continuous f) :
  Continuous fun t =>
    max (BorceaVariance.Certificate.retainedBase M delta (f t) ^ (↑(M - 1) / 2))
      (BorceaVariance.Certificate.retainedBase M delta (f t) ^ (↑(N - 1) / 2))
BorceaVariance.Certificate.retained_whole_hull_continuous (M N : ℕ) (delta : ℝ) {f : ℝ → ℝ} (hf : Continuous f) :
  Continuous fun t =>
    max (BorceaVariance.Certificate.retainedBase M delta (f t) ^ (M - 1))
      (BorceaVariance.Certificate.retainedBase M delta (f t) ^ (N - 1))
BorceaVariance.Certificate.retainedBase_cast (M : ℕ) (delta x : ℚ) :
  ↑(BorceaVariance.Certificate.retainedBaseRat M delta x) = BorceaVariance.Certificate.retainedBase M ↑delta ↑x
BorceaVariance.Certificate.retained_base_convex {M : ℕ} (hM : 2 ≤ M) {f : ℝ → ℝ} (hf : ConvexOn ℝ (Set.Icc 0 1) f)
  (delta : ℝ) : ConvexOn ℝ (Set.Icc 0 1) fun t => BorceaVariance.Certificate.retainedBase M delta (f t)
BorceaVariance.Certificate.retained_base_continuous (M : ℕ) (delta : ℝ) {f : ℝ → ℝ} (hf : Continuous f) :
  Continuous fun t => BorceaVariance.Certificate.retainedBase M delta (f t)
BorceaVariance.Certificate.retained_half_block_bound {M N m : ℕ} {x delta : ℝ} (hM : 2 ≤ M) (hMm : M ≤ m) (hmN : m ≤ N)
  (hd : delta ≤ x) :
  BorceaVariance.Certificate.retainedBase m delta x ^ (↑(m - 1) / 2) ≤
    max (BorceaVariance.Certificate.retainedBase M delta x ^ (↑(M - 1) / 2))
      (BorceaVariance.Certificate.retainedBase M delta x ^ (↑(N - 1) / 2))
BorceaVariance.Certificate.retained_whole_block_bound {M N m : ℕ} {x delta : ℝ} (hM : 2 ≤ M) (hMm : M ≤ m) (hmN : m ≤ N)
  (hd : delta ≤ x) :
  BorceaVariance.Certificate.retainedBase m delta x ^ (m - 1) ≤
    max (BorceaVariance.Certificate.retainedBase M delta x ^ (M - 1))
      (BorceaVariance.Certificate.retainedBase M delta x ^ (N - 1))
BorceaVariance.Certificate.retained_half_hull_convex {M N : ℕ} (hM : 3 ≤ M) (hMN : M ≤ N) {f : ℝ → ℝ}
  (hf : ConvexOn ℝ (Set.Icc 0 1) f) (delta : ℝ) :
  ConvexOn ℝ (Set.Icc 0 1) fun t =>
    max (BorceaVariance.Certificate.retainedBase M delta (f t) ^ (↑(M - 1) / 2))
      (BorceaVariance.Certificate.retainedBase M delta (f t) ^ (↑(N - 1) / 2))
BorceaVariance.Certificate.retained_whole_hull_convex {M N : ℕ} (hM : 2 ≤ M) (hMN : M ≤ N) {f : ℝ → ℝ}
  (hf : ConvexOn ℝ (Set.Icc 0 1) f) (delta : ℝ) :
  ConvexOn ℝ (Set.Icc 0 1) fun t =>
    max (BorceaVariance.Certificate.retainedBase M delta (f t) ^ (M - 1))
      (BorceaVariance.Certificate.retainedBase M delta (f t) ^ (N - 1))
BorceaVariance.Certificate.retained_factor_moment_lower {m : ℕ} (hm : 0 < m) (q : Fin m → ℂ) {a t delta : ℝ}
  (hd0 : 0 ≤ delta) (hd : ∀ (j : Fin m), delta ≤ ‖1 - ↑a * ↑t * q j‖) :
  delta ≤ BorceaVariance.factorMean q a t ∧
    delta ^ 2 ≤ BorceaVariance.beta a (BorceaVariance.mean q) (BorceaVariance.secondMoment q) t
BorceaVariance.Certificate.retainedDelta_cast (B : BorceaVariance.Certificate.Box) (u : ℚ) :
  ↑(BorceaVariance.Certificate.retainedDelta B u) = max 0 (1 - ↑(B 0).hi * ↑u)
BorceaVariance.Certificate.retained_box_pointwise {S : ℕ} (hS : 0 < S) (D : BorceaVariance.Certificate.DegreeBlock)
  (B : BorceaVariance.Certificate.Box) (R : BorceaVariance.Certificate.Refinement) (hlo : 4 ≤ D.lower) {n : ℕ}
  (hd : D.Contains n) (P : BorceaVariance.Certificate.CounterexampleParameters n) (hx : B.Contains P.point)
  (hc : BorceaVariance.Certificate.refinementCheck D B R = true) {u : ℚ} {t : ℝ} (ht0 : 0 ≤ t) (htu : t ≤ ↑u)
  (hu : u ≤ 1) :
  BorceaVariance.directMajorant P.q P.configuration.distinguished t ≤
      ↑(D.upper - 1) * ↑(B 2).hi *
        max
          (BorceaVariance.Certificate.retainedBase (D.lower - 1) (↑(BorceaVariance.Certificate.retainedDelta B u) ^ 2)
              (BorceaVariance.Certificate.quadraticEnvelope (BorceaVariance.Certificate.refinedRho D B R)
                (BorceaVariance.Certificate.betaCoefficient B) t) ^
            (↑(D.lower - 2) / 2))
          (BorceaVariance.Certificate.retainedBase (D.lower - 1) (↑(BorceaVariance.Certificate.retainedDelta B u) ^ 2)
              (BorceaVariance.Certificate.quadraticEnvelope (BorceaVariance.Certificate.refinedRho D B R)
                (BorceaVariance.Certificate.betaCoefficient B) t) ^
            (↑(D.upper - 2) / 2)) ∧
    BorceaVariance.directMajorant P.q P.configuration.distinguished t ≤
      ↑(D.upper - 1) * ↑(B 2).hi *
        max
          (BorceaVariance.Certificate.retainedBase (D.lower - 1) (↑(BorceaVariance.Certificate.retainedDelta B u))
              (BorceaVariance.Certificate.linearEnvelope
                (BorceaVariance.Certificate.upperSqrt S (BorceaVariance.Certificate.refinedEndpointSquare D B R)) t) ^
            (D.lower - 2))
          (BorceaVariance.Certificate.retainedBase (D.lower - 1) (↑(BorceaVariance.Certificate.retainedDelta B u))
              (BorceaVariance.Certificate.linearEnvelope
                (BorceaVariance.Certificate.upperSqrt S (BorceaVariance.Certificate.refinedEndpointSquare D B R)) t) ^
            (D.upper - 2))
BorceaVariance.Certificate.retained_segment_bound {S : ℕ} (hS : 0 < S) (D : BorceaVariance.Certificate.DegreeBlock)
  (B : BorceaVariance.Certificate.Box) (R : BorceaVariance.Certificate.Refinement) (hlo : 4 ≤ D.lower) {n : ℕ}
  (hd : D.Contains n) (P : BorceaVariance.Certificate.CounterexampleParameters n) (hx : B.Contains P.point)
  (hc : BorceaVariance.Certificate.refinementCheck D B R = true)
  (hK : BorceaVariance.Certificate.upperSqrt S (BorceaVariance.Certificate.refinedEndpointSquare D B R) ≤ 1) {l r : ℚ}
  (hl : 0 ≤ l) (hlr : l ≤ r) (hr : r ≤ 1) :
  ∫ (t : ℝ) in ↑l..↑r, t * BorceaVariance.directMajorant P.q P.configuration.distinguished t ≤
    ↑(BorceaVariance.Certificate.retainedSegmentRounded S D B R l r)
BorceaVariance.Certificate.retained_quadrature_bound {S : ℕ} (hS : 0 < S) (D : BorceaVariance.Certificate.DegreeBlock)
  (B : BorceaVariance.Certificate.Box) (R : BorceaVariance.Certificate.Refinement) (hlo : 4 ≤ D.lower) {n : ℕ}
  (hd : D.Contains n) (P : BorceaVariance.Certificate.CounterexampleParameters n) (hx : B.Contains P.point)
  (hc : BorceaVariance.Certificate.refinementCheck D B R = true)
  (hK : BorceaVariance.Certificate.upperSqrt S (BorceaVariance.Certificate.refinedEndpointSquare D B R) ≤ 1) {N : ℕ}
  {p : ℕ → ℚ} (hmesh : BorceaVariance.Certificate.meshCheck N p = true) :
  ∫ (t : ℝ) in 0..1, t * BorceaVariance.directMajorant P.q P.configuration.distinguished t ≤
    ↑(BorceaVariance.Certificate.retainedQuadrature S D B R N p)
BorceaVariance.Certificate.rootBUpper_bound {n : ℕ} (hn : 2 ≤ n)
  (P : BorceaVariance.Certificate.CounterexampleParameters n) (B : BorceaVariance.Certificate.Box)
  (hx : B.Contains P.point) :
  BorceaVariance.rootSecondMoment n P.configuration.distinguished ≤ ↑(BorceaVariance.Certificate.rootBUpper n B)
BorceaVariance.Certificate.rootCUpper_bound {n : ℕ} (hn : 2 ≤ n)
  (P : BorceaVariance.Certificate.CounterexampleParameters n) (B : BorceaVariance.Certificate.Box)
  (hx : B.Contains P.point) (hal : 0 ≤ (B 0).lo) :
  BorceaVariance.rootVariance n P.configuration.distinguished ≤ ↑(BorceaVariance.Certificate.rootCUpper n B)
BorceaVariance.Certificate.rootGap_lower {n : ℕ} (P : BorceaVariance.Certificate.CounterexampleParameters n)
  (B : BorceaVariance.Certificate.Box) (hx : B.Contains P.point) (hal : 0 ≤ (B 0).lo) (hrl : 0 ≤ (B 1).lo) :
  ↑(BorceaVariance.Certificate.rootGap B) ≤
    ‖↑P.configuration.distinguished - ↑((1 + P.configuration.distinguished ^ 2) / 2) * BorceaVariance.mean P.q‖
BorceaVariance.Certificate.root_defect_factor {n : ℕ} (hn : 2 ≤ n) (a : ℝ) (μ : ℂ) :
  ‖↑(BorceaVariance.rootMean n a) - ↑(BorceaVariance.rootSecondMoment n a) * (μ / 2)‖ =
    ↑n / (↑n - 1) * ‖↑a - ↑((1 + a ^ 2) / 2) * μ‖
BorceaVariance.Certificate.rootGammaLower_nonneg {n : ℕ} (hn : 2 ≤ n) (B : BorceaVariance.Certificate.Box) :
  0 ≤ BorceaVariance.Certificate.rootGammaLower n B
BorceaVariance.Certificate.rootProductLower_bound {n : ℕ} (hn : 4 ≤ n)
  (P : BorceaVariance.Certificate.CounterexampleParameters n) (B : BorceaVariance.Certificate.Box)
  (hx : B.Contains P.point) (hal : 0 ≤ (B 0).lo) (hrl : 0 ≤ (B 1).lo) :
  ↑(BorceaVariance.Certificate.rootProductLower n B) ≤ ∏ j, ‖P.q j‖ ^ 2
BorceaVariance.Certificate.omission_rounded_bounds {S : ℕ} (hS : 0 < S) (D : BorceaVariance.Certificate.DegreeBlock)
  {n k : ℕ} (hn : k + 2 ≤ n) (hk : k = 1 ∨ k = 2) (hd : D.Contains n) :
  BorceaVariance.omissionConstant (n - 1) k ≤ ↑(BorceaVariance.Certificate.omissionRounded S D k) ∧
    BorceaVariance.omissionConstant (n - 1) k ^ 2 ≤ ↑(BorceaVariance.Certificate.omissionSquareRounded S D k)
BorceaVariance.Certificate.phi_box_argument (D : BorceaVariance.Certificate.DegreeBlock)
  (B : BorceaVariance.Certificate.Box) :
  BorceaVariance.Certificate.phiBoxUpper D B =
    BorceaVariance.Phi (D.upper - 1) ↑(BorceaVariance.Certificate.phiArgument B)
BorceaVariance.Certificate.phiRounded_bounds {S : ℕ} (hS : 0 < S) (D : BorceaVariance.Certificate.DegreeBlock)
  (B : BorceaVariance.Certificate.Box) (hc : BorceaVariance.Certificate.phiDomainCheck D B = true) :
  0 ≤ BorceaVariance.Certificate.phiBoxUpper D B ∧
    BorceaVariance.Certificate.phiBoxUpper D B ≤ ↑(BorceaVariance.Certificate.phiRounded S D B)
BorceaVariance.Certificate.coreRounded_upper {S : ℕ} (hS : 0 < S) (D : BorceaVariance.Certificate.DegreeBlock)
  (B : BorceaVariance.Certificate.Box) (hc : BorceaVariance.Certificate.phiDomainCheck D B = true) (hr : 0 ≤ (B 1).hi)
  (hs : 0 ≤ (B 2).hi) : BorceaVariance.Certificate.coreBoxUpper D B ≤ ↑(BorceaVariance.Certificate.coreRounded S D B)
BorceaVariance.Certificate.normalized_core_rounded {S : ℕ} (hS : 0 < S) (D : BorceaVariance.Certificate.DegreeBlock)
  (B : BorceaVariance.Certificate.Box) (n : ℕ) (hn : 2 ≤ n) (hdegree : D.Contains n)
  (P : BorceaVariance.Certificate.CounterexampleParameters n) (hx : B.Contains P.point)
  (hphi : BorceaVariance.Certificate.phiDomainCheck D B = true) (hsu : (B 2).hi ≤ 1) (z : Fin (n - 1) → ℂ)
  (henergy : P.configuration.distinguished ^ 2 + ∑ j, ‖z j‖ ^ 2 = ↑n) :
  ‖↑P.configuration.distinguished * BorceaVariance.mean P.q * BorceaVariance.jointProduct z P.q‖ ≤
    ↑(BorceaVariance.Certificate.coreRounded S D B)
BorceaVariance.Certificate.upperSqrt_encloses_norm {S : ℕ} (hS : 0 < S) {z : ℂ} {E : ℚ} (hbound : ‖z‖ ^ 2 ≤ ↑E) :
  ‖z‖ ≤ ↑(BorceaVariance.Certificate.upperSqrt S E)
BorceaVariance.Certificate.upperHalfPower_encloses_norm_pow {S : ℕ} (hS : 0 < S) {z : ℂ} {E : ℚ} (hbound : ‖z‖ ^ 2 ≤ ↑E)
  (n : ℕ) : ‖z‖ ^ n ≤ ↑(BorceaVariance.Certificate.upperHalfPower S E n)
BorceaVariance.Certificate.segment_majorant_one_scaled {f g : ℝ → ℝ} {l r u v c : ℚ} (hl : 0 ≤ l) (hlr : l ≤ r)
  (hr : r ≤ 1) (hc0 : 0 ≤ c) (hf : ContinuousOn f (Set.Icc ↑l ↑r)) (hg : ConvexOn ℝ (Set.Icc 0 1) g)
  (hc : ContinuousOn g (Set.Icc 0 1)) (hfg : ∀ t ∈ Set.Icc ↑l ↑r, f t ≤ ↑c * t * g t) (hu : g ↑l ≤ ↑u)
  (hv : g ↑r ≤ ↑v) : ∫ (t : ℝ) in ↑l..↑r, f t ≤ ↑(c * QuadraticTangZhang.chordOne l r u v)
BorceaVariance.Certificate.segment_majorant_two_scaled {f g : ℝ → ℝ} {l r u v c : ℚ} (hl : 0 ≤ l) (hlr : l ≤ r)
  (hr : r ≤ 1) (hc0 : 0 ≤ c) (hf : ContinuousOn f (Set.Icc ↑l ↑r)) (hg : ConvexOn ℝ (Set.Icc 0 1) g)
  (hc : ContinuousOn g (Set.Icc 0 1)) (hfg : ∀ t ∈ Set.Icc ↑l ↑r, f t ≤ ↑c * t ^ 2 * g t) (hu : g ↑l ≤ ↑u)
  (hv : g ↑r ≤ ↑v) : ∫ (t : ℝ) in ↑l..↑r, f t ≤ ↑(c * QuadraticTangZhang.chordTwo l r u v)
BorceaVariance.Certificate.secondMoment_half_box_upper (D : BorceaVariance.Certificate.DegreeBlock)
  (B : BorceaVariance.Certificate.Box) {n : ℕ} (hdegree : D.Contains n)
  (P : BorceaVariance.Certificate.CounterexampleParameters n) (hx : B.Contains P.point) (hsu : (B 2).hi ≤ 1) :
  BorceaVariance.secondMoment P.q ^ (↑(n - 1) / 2) ≤ ↑(B 2).hi ^ (↑(D.lower - 1) / 2)
BorceaVariance.Certificate.core_box_with_loss (D : BorceaVariance.Certificate.DegreeBlock)
  (B : BorceaVariance.Certificate.Box) (n : ℕ) (hn : 2 ≤ n) (hdegree : D.Contains n)
  (P : BorceaVariance.Certificate.CounterexampleParameters n) (hx : B.Contains P.point) (hsu : (B 2).hi ≤ 1)
  (z : Fin (n - 1) → ℂ) (henergy : P.configuration.distinguished ^ 2 + ∑ j, ‖z j‖ ^ 2 = ↑n) {V : ℝ} (hVpos : 0 < V)
  (hV : BorceaVariance.secondMoment P.critical ≤ V) :
  ‖↑P.configuration.distinguished * BorceaVariance.mean P.q * BorceaVariance.jointProduct z P.q‖ ≤
    BorceaVariance.Certificate.coreBoxUpper D B *
      Real.exp (-BorceaVariance.radialLoss P.configuration.distinguished P.q V / 2)
BorceaVariance.Certificate.taylor32_one_le {x : ℚ} (hx : 0 ≤ x) : 1 ≤ BorceaVariance.Certificate.taylor32 x
BorceaVariance.Certificate.stable_core_rounded {S : ℕ} (hS : 0 < S) (D : BorceaVariance.Certificate.DegreeBlock)
  (B : BorceaVariance.Certificate.Box) (hlo : 2 ≤ D.lower) {n : ℕ} (hdegree : D.Contains n)
  (P : BorceaVariance.Certificate.CounterexampleParameters n) (hx : B.Contains P.point) (hal : 0 ≤ (B 0).lo)
  (hsl : 0 ≤ (B 2).lo) (hsu : (B 2).hi ≤ 1) (hphi : BorceaVariance.Certificate.phiDomainCheck D B = true)
  (z : Fin (n - 1) → ℂ) (henergy : P.configuration.distinguished ^ 2 + ∑ j, ‖z j‖ ^ 2 = ↑n) :
  ‖↑P.configuration.distinguished * BorceaVariance.mean P.q * BorceaVariance.jointProduct z P.q‖ ≤
    ↑(BorceaVariance.Certificate.stableCoreRounded S D B)
BorceaVariance.Certificate.Interval.split_covers (I : BorceaVariance.Certificate.Interval) {x : ℝ} (hx : I.Contains x) :
  I.left.Contains x ∨ I.right.Contains x
BorceaVariance.Certificate.Box.split_covers (B : BorceaVariance.Certificate.Box) (i : Fin 3)
  {x : BorceaVariance.Certificate.Point} (hx : B.Contains x) : (B.left i).Contains x ∨ (B.right i).Contains x
BorceaVariance.Certificate.Tree.coverage (T : BorceaVariance.Certificate.Tree) (B : BorceaVariance.Certificate.Box)
  {x : BorceaVariance.Certificate.Point} (hx : B.Contains x) : BorceaVariance.Certificate.Tree.Covered B x T
BorceaVariance.Certificate.Tree.exclusion (T : BorceaVariance.Certificate.Tree) (B : BorceaVariance.Certificate.Box)
  (admissible : BorceaVariance.Certificate.Point → Prop)
  (h :
    BorceaVariance.Certificate.Tree.AllLeaves
      (fun b x => ∀ (x : BorceaVariance.Certificate.Point), b.Contains x → ¬admissible x) B T)
  (x : BorceaVariance.Certificate.Point) : B.Contains x → ¬admissible x
BorceaVariance.compact_moment_bounds {a s : ℝ} (μ : ℂ) (ha : 5 ≤ a) (hs : 0 ≤ s) (hA : ‖μ - ↑a‖ ^ 2 ≤ a ^ 2 * (1 - s))
  (hB : ‖1 - ↑a * μ‖ ^ 2 ≤ s) : s < 1 / 9 ∧ a ^ 2 * s < 8 / 3
BorceaVariance.norm_product_bound_of_secondMoment {m : ℕ} (hm : 0 < m) (q : Fin m → ℂ) {b : ℝ} (hb : 0 ≤ b)
  (hs : BorceaVariance.secondMoment q ≤ b ^ 2) : ∏ j, ‖q j‖ ≤ b ^ m
BorceaVariance.direct_linear_integral_bound {m : ℕ} (hm : 2 ≤ m) (q : Fin m → ℂ) {a b : ℝ} (hb : 0 < b) (hb1 : b ≤ 1)
  (hκ : BorceaVariance.factorMean q a 1 ≤ 1 - b) :
  a ^ 2 * ∫ (t : ℝ) in 0..1, t * BorceaVariance.directMajorant q a t ≤
    a ^ 2 * BorceaVariance.secondMoment q * BorceaVariance.omissionConstant m 1 ^ 2 / (b ^ 2 * (↑m + 1))
BorceaVariance.normalized_compact {n : ℕ} (hn : 2 ≤ n) (Cex : BorceaVariance.NormalizedCounterexample n) :
  0 < Cex.distinguished ∧ Cex.distinguished < 5
BorceaVariance.phi_base_nonneg_of_energy {m : ℕ} (hm : 0 < m) (a : ℝ) (z : Fin m → ℂ)
  (henergy : a ^ 2 + ∑ j, ‖z j‖ ^ 2 = ↑m + 1) : 0 ≤ 1 + (1 - a ^ 2) / ↑m
BorceaVariance.root_product_upper {m : ℕ} (hm : 0 < m) {a : ℝ} (ha : 0 ≤ a) (z : Fin m → ℂ)
  (henergy : a ^ 2 + ∑ j, ‖z j‖ ^ 2 = ↑m + 1) : a * ‖∏ j, z j‖ ≤ BorceaVariance.Phi m a
BorceaVariance.normalized_root_product_upper {n : ℕ} (hn : 2 ≤ n) (Cex : BorceaVariance.NormalizedCounterexample n)
  (z : Fin (n - 1) → ℂ) (henergy : Cex.distinguished ^ 2 + ∑ j, ‖z j‖ ^ 2 = ↑n) :
  Cex.distinguished * ‖∏ j, z j‖ ≤ BorceaVariance.Phi (n - 1) Cex.distinguished ∧
    BorceaVariance.Phi (n - 1) Cex.distinguished ≤ min 1 (BorceaVariance.Psi Cex.distinguished)
BorceaVariance.normalized_core_product {n : ℕ} (hn : 2 ≤ n) (Cex : BorceaVariance.NormalizedCounterexample n)
  (z q : Fin (n - 1) → ℂ) (henergy : Cex.distinguished ^ 2 + ∑ j, ‖z j‖ ^ 2 = ↑n) :
  ‖↑Cex.distinguished * BorceaVariance.mean q * BorceaVariance.jointProduct z q‖ ≤
    BorceaVariance.Phi (n - 1) Cex.distinguished * ‖BorceaVariance.mean q‖ * ∏ j, ‖q j‖
BorceaVariance.critical_root_sum_zero (p : Polynomial ℂ) (hn : 2 ≤ p.natDegree) (hcenter : p.roots.sum = 0) :
  (Polynomial.derivative p).roots.sum = 0
BorceaVariance.multiset_fin_enumeration.{u_1} {α : Type u_1} (s : Multiset α) : ∃ f, ↑(List.ofFn f) = s
BorceaVariance.normalized_critical_points {n : ℕ} (hn : 2 ≤ n) (Cex : BorceaVariance.NormalizedCounterexample n) :
  ∃ ζ,
    ↑(List.ofFn ζ) = (Polynomial.derivative Cex.polynomial).roots ∧
      ∑ j, ζ j = 0 ∧
        (∀ (j : Fin (n - 1)), Polynomial.eval (ζ j) (Polynomial.derivative Cex.polynomial) = 0) ∧
          ∀ (j : Fin (n - 1)), 1 < ‖↑Cex.distinguished - ζ j‖
BorceaVariance.sigma2_nonneg (p : Polynomial ℂ) : 0 ≤ BorceaVariance.sigma2 p
BorceaVariance.variance_nonneg (p : Polynomial ℂ) : 0 ≤ BorceaVariance.variance p
BorceaVariance.sigma2_sq (p : Polynomial ℂ) : BorceaVariance.sigma2 p ^ 2 = BorceaVariance.variance p
BorceaVariance.root_eq_centroid_of_variance_zero (p : Polynomial ℂ) (hn : 0 < p.natDegree)
  (hv : BorceaVariance.variance p = 0) {a : ℂ} (ha : a ∈ p.roots) : a = BorceaVariance.centroid p
BorceaVariance.polynomial_of_variance_zero (p : Polynomial ℂ) (hn : 0 < p.natDegree)
  (hv : BorceaVariance.variance p = 0) :
  p = Polynomial.C p.leadingCoeff * (Polynomial.X - Polynomial.C (BorceaVariance.centroid p)) ^ p.natDegree
BorceaVariance.zero_variance_main (p : Polynomial ℂ) (hn : 2 ≤ p.natDegree) (hv : BorceaVariance.variance p = 0) (a : ℂ)
  (ha : Polynomial.eval a p = 0) :
  ∃ z, Polynomial.eval z (Polynomial.derivative p) = 0 ∧ ‖a - z‖ ≤ BorceaVariance.sigma2 p
BorceaVariance.sigma2_pos_of_counterexample (p : Polynomial ℂ) (hn : 2 ≤ p.natDegree) (a : ℂ)
  (ha : Polynomial.eval a p = 0)
  (hfar : ∀ (z : ℂ), Polynomial.eval z (Polynomial.derivative p) = 0 → BorceaVariance.sigma2 p < ‖a - z‖) :
  0 < BorceaVariance.sigma2 p
BorceaVariance.exponential_series_bounds {x : ℝ} (hx : 0 ≤ x) (k : ℕ) (hk : x < ↑k + 2) :
  ∑ j ∈ Finset.range (k + 1), x ^ j / ↑j.factorial ≤ Real.exp x ∧
    Real.exp x ≤
      ∑ j ∈ Finset.range (k + 1), x ^ j / ↑j.factorial + x ^ (k + 1) / ↑(k + 1).factorial * (1 - x / (↑k + 2))⁻¹
BorceaVariance.normalized_other_roots {n : ℕ} (Cex : BorceaVariance.NormalizedCounterexample n) :
  ∃ z,
    Cex.polynomial = (Polynomial.X - Polynomial.C ↑Cex.distinguished) * ∏ j, (Polynomial.X - Polynomial.C (z j)) ∧
      ↑Cex.distinguished + ∑ j, z j = 0 ∧ Cex.distinguished ^ 2 + ∑ j, ‖z j‖ ^ 2 = ↑n
BorceaVariance.normalized_derivative_factorization {n : ℕ} (Cex : BorceaVariance.NormalizedCounterexample n)
  (ζ : Fin (n - 1) → ℂ) (hζ : ↑(List.ofFn ζ) = (Polynomial.derivative Cex.polynomial).roots) :
  Polynomial.derivative Cex.polynomial = Polynomial.C ↑n * ∏ j, (Polynomial.X - Polynomial.C (ζ j))
BorceaVariance.normalized_product_identity {n : ℕ} (Cex : BorceaVariance.NormalizedCounterexample n)
  (z ζ : Fin (n - 1) → ℂ)
  (hz : Cex.polynomial = (Polynomial.X - Polynomial.C ↑Cex.distinguished) * ∏ j, (Polynomial.X - Polynomial.C (z j)))
  (hζ : ↑(List.ofFn ζ) = (Polynomial.derivative Cex.polynomial).roots) :
  (∏ j, (↑Cex.distinguished - z j)) * ∏ j, BorceaVariance.reciprocalFamily Cex.distinguished ζ j = ↑n
BorceaVariance.Certificate.Generated.all_certificate_blocks_exclusion (n : ℕ)
  (b : BorceaVariance.Certificate.DegreeBlock) (hb : b ∈ BorceaVariance.Certificate.Generated.degreeBlocks)
  (hd : b.Contains n) (x : BorceaVariance.Certificate.Point) :
  BorceaVariance.Certificate.initialBox.Contains x → ¬BorceaVariance.Certificate.Admissible n x
BorceaVariance.Certificate.Generated.finite_initialBox_exclusion (n : ℕ) (hlo : 4 ≤ n) (hhi : n ≤ 100000)
  (x : BorceaVariance.Certificate.Point) :
  BorceaVariance.Certificate.initialBox.Contains x → ¬BorceaVariance.Certificate.Admissible n x
BorceaVariance.no_normalized_counterexample_finite {n : ℕ} (hlo : 4 ≤ n) (hhi : n ≤ 100000)
  (Cex : BorceaVariance.NormalizedCounterexample n) : False
BorceaVariance.finite_degree_main (p : Polynomial ℂ) (hlo : 4 ≤ p.natDegree) (hhi : p.natDegree ≤ 100000) (a : ℂ)
  (ha : Polynomial.eval a p = 0) :
  ∃ z, Polynomial.eval z (Polynomial.derivative p) = 0 ∧ ‖a - z‖ ≤ BorceaVariance.sigma2 p
BorceaVariance.normalized_origin_identity_fin {n : ℕ} (Cex : BorceaVariance.NormalizedCounterexample n)
  (z ζ : Fin (n - 1) → ℂ)
  (hz : Cex.polynomial = (Polynomial.X - Polynomial.C ↑Cex.distinguished) * ∏ j, (Polynomial.X - Polynomial.C (z j)))
  (hζ : ↑(List.ofFn ζ) = (Polynomial.derivative Cex.polynomial).roots) :
  ↑n *
      ∫ (t : ℝ) in 0..1,
        BorceaVariance.originProduct (BorceaVariance.reciprocalFamily Cex.distinguished ζ) Cex.distinguished t =
    (-1) ^ (n - 1) * BorceaVariance.jointProduct z (BorceaVariance.reciprocalFamily Cex.distinguished ζ)
BorceaVariance.normalized_center_identity_fin {n : ℕ} (hn : 2 ≤ n) (Cex : BorceaVariance.NormalizedCounterexample n)
  (z ζ : Fin (n - 1) → ℂ)
  (hz : Cex.polynomial = (Polynomial.X - Polynomial.C ↑Cex.distinguished) * ∏ j, (Polynomial.X - Polynomial.C (z j)))
  (hζ : ↑(List.ofFn ζ) = (Polynomial.derivative Cex.polynomial).roots) :
  have a := Cex.distinguished;
  have q := BorceaVariance.reciprocalFamily a ζ;
  have μ := BorceaVariance.mean q;
  have J := BorceaVariance.jointProduct z q;
  (-1) ^ (n - 1) * ↑a * μ * J + (1 - ↑a * μ) ^ n -
      ↑n * ↑a * μ * ∫ (t : ℝ) in 0..1, BorceaVariance.originProduct q a t - (1 - ↑a * μ * ↑t) ^ (n - 1) =
    1
BorceaVariance.centered_sum {m : ℕ} (hm : 0 < m) (q : Fin m → ℂ) : ∑ i, (q i - BorceaVariance.mean q) = 0
BorceaVariance.sum_eq_card_mul_mean {m : ℕ} (hm : 0 < m) (q : Fin m → ℂ) : ∑ i, q i = ↑m * BorceaVariance.mean q
BorceaVariance.sum_sq_eq_card_mul_secondMoment {m : ℕ} (hm : 0 < m) (q : Fin m → ℂ) :
  ∑ i, ‖q i‖ ^ 2 = ↑m * BorceaVariance.secondMoment q
BorceaVariance.centered_variance_sum {m : ℕ} (hm : 0 < m) (q : Fin m → ℂ) :
  ∑ i, ‖q i - BorceaVariance.mean q‖ ^ 2 = ↑m * BorceaVariance.centeredVariance q
BorceaVariance.centeredVariance_nonneg {m : ℕ} (hm : 0 < m) (q : Fin m → ℂ) : 0 ≤ BorceaVariance.centeredVariance q
BorceaVariance.weighted_complex_cauchy.{u_1} {ι : Type u_1} (s : Finset ι) (w : ι → ℝ) (f g : ι → ℂ)
  (hw : ∀ i ∈ s, 0 ≤ w i) : ‖∑ i ∈ s, ↑(w i) * f i * g i‖ ^ 2 ≤ (∑ i ∈ s, w i * ‖f i‖ ^ 2) * ∑ i ∈ s, w i * ‖g i‖ ^ 2
BorceaVariance.complex_cauchy.{u_1} {ι : Type u_1} (s : Finset ι) (f g : ι → ℂ) :
  ‖∑ i ∈ s, f i * g i‖ ^ 2 ≤ (∑ i ∈ s, ‖f i‖ ^ 2) * ∑ i ∈ s, ‖g i‖ ^ 2
BorceaVariance.origin_identity_multiset {n : ℕ} {a c : ℂ} {z q : Multiset ℂ} {p : Polynomial ℂ} (hc : c ≠ 0)
  (hzcard : z.card = n - 1) (hq : ∀ v ∈ q, v ≠ 0) (hpa : Polynomial.eval a p = 0)
  (hpz :
    p =
      Polynomial.C c *
        ((Polynomial.X - Polynomial.C a) * (Multiset.map (fun w => Polynomial.X - Polynomial.C w) z).prod))
  (hpq :
    Polynomial.derivative p =
      Polynomial.C (↑n * c) *
        (Multiset.map (fun w => Polynomial.X - Polynomial.C w) (Multiset.map (fun v => a - v⁻¹) q)).prod) :
  ↑n * ∫ (t : ℝ) in 0..1, (Multiset.map (fun v => 1 - a * ↑t * v) q).prod = (-1) ^ (n - 1) * q.prod * z.prod
BorceaVariance.normalized_origin_identity {n : ℕ} (Cex : BorceaVariance.NormalizedCounterexample n) (s : Multiset ℂ)
  (hcard : s.card = n - 1)
  (hp :
    Cex.polynomial =
      (Polynomial.X - Polynomial.C ↑Cex.distinguished) *
        (Multiset.map (fun z => Polynomial.X - Polynomial.C z) s).prod) :
  have q := QuadraticTangZhang.criticalReciprocals Cex.polynomial ↑Cex.distinguished;
  ↑n * ∫ (t : ℝ) in 0..1, (Multiset.map (fun v => 1 - ↑Cex.distinguished * ↑t * v) q).prod =
    (-1) ^ (n - 1) * q.prod * s.prod
BorceaVariance.differential_identity {m : ℕ} (hm : 0 < m) (q : Fin m → ℂ) (a : ℝ) :
  (BorceaVariance.originProduct q a 1 +
        ↑m * ↑a * BorceaVariance.mean q * ∫ (t : ℝ) in 0..1, BorceaVariance.originProduct q a t) +
      BorceaVariance.originRemainder q a =
    1
BorceaVariance.center_power_integral (m : ℕ) (b : ℂ) :
  b * ↑(m + 1) * ∫ (t : ℝ) in 0..1, (1 - b * ↑t) ^ m = 1 - (1 - b) ^ (m + 1)
BorceaVariance.center_identity {m : ℕ} (q : Fin m → ℂ) (a : ℝ) (J : ℂ)
  (horigin : ↑(m + 1) * ∫ (t : ℝ) in 0..1, BorceaVariance.originProduct q a t = (-1) ^ m * J) :
  (-1) ^ m * ↑a * BorceaVariance.mean q * J + (1 - ↑a * BorceaVariance.mean q) ^ (m + 1) -
      ↑(m + 1) * ↑a * BorceaVariance.mean q *
        ∫ (t : ℝ) in 0..1, BorceaVariance.originProduct q a t - (1 - ↑a * BorceaVariance.mean q * ↑t) ^ m =
    1
BorceaVariance.centered_error_integral_bound {m : ℕ} (q : Fin m → ℂ) (a : ℝ) (U : ℝ → ℝ)
  (hi : IntervalIntegrable (fun t => t ^ 2 * U t) MeasureTheory.volume 0 1)
  (hU :
    ∀ t ∈ Set.Icc 0 1, ‖BorceaVariance.centeredError q a t‖ ≤ a ^ 2 * t ^ 2 * BorceaVariance.centeredVariance q * U t) :
  ‖∫ (t : ℝ) in 0..1, BorceaVariance.centeredError q a t‖ ≤
    a ^ 2 * BorceaVariance.centeredVariance q * ∫ (t : ℝ) in 0..1, t ^ 2 * U t
BorceaVariance.absolute_integral_test {m : ℕ} (q : Fin m → ℂ) {a : ℝ} (ha : 0 ≤ a) (J : ℂ)
  (horigin : ↑(m + 1) * ∫ (t : ℝ) in 0..1, BorceaVariance.originProduct q a t = (-1) ^ m * J) {C V : ℝ}
  (hC : ‖↑a * BorceaVariance.mean q * J‖ ≤ C)
  (hB : ‖1 - ↑a * BorceaVariance.mean q‖ ^ 2 ≤ V * BorceaVariance.centeredVariance q) (U : ℝ → ℝ)
  (hi : IntervalIntegrable (fun t => t ^ 2 * U t) MeasureTheory.volume 0 1)
  (hU :
    ∀ t ∈ Set.Icc 0 1, ‖BorceaVariance.centeredError q a t‖ ≤ a ^ 2 * t ^ 2 * BorceaVariance.centeredVariance q * U t) :
  1 ≤
    C + (V * BorceaVariance.centeredVariance q) ^ (↑(m + 1) / 2) +
      BorceaVariance.centerIntegralCoefficient m a ‖BorceaVariance.mean q‖ U * BorceaVariance.centeredVariance q
BorceaVariance.beta_nat_succ_identity (k p : ℕ) :
  (↑k + 1) * ∫ (t : ℝ) in 0..1, t ^ k * (1 - t) ^ (p + 1) = (↑p + 1) * ∫ (t : ℝ) in 0..1, t ^ (k + 1) * (1 - t) ^ p
BorceaVariance.integral_nat_beta (k p : ℕ) :
  ∫ (t : ℝ) in 0..1, t ^ k * (1 - t) ^ p = ↑k.factorial * ↑p.factorial / ↑(k + p + 1).factorial
BorceaVariance.rpow_le_max_endpoint {x p pLower pUpper : ℝ} (hx : 0 ≤ x) (hp0 : 0 ≤ pLower) (hpLower : pLower ≤ p)
  (hpUpper : p ≤ pUpper) : x ^ p ≤ max (x ^ pLower) (x ^ pUpper)
BorceaVariance.retained_base_antitone_degree {M N B δ : ℝ} (hM : 1 < M) (hMN : M ≤ N) (hδ : δ ≤ B) :
  (N * B - δ) / (N - 1) ≤ (M * B - δ) / (M - 1)
BorceaVariance.retained_block_power_bound {M N m B δ : ℝ} (hM : 1 < M) (hMm : M ≤ m) (hmN : m ≤ N) (hδ : δ ≤ B) :
  max 0 ((m * B - δ) / (m - 1)) ^ ((m - 1) / 2) ≤
    max (max 0 ((M * B - δ) / (M - 1)) ^ ((M - 1) / 2)) (max 0 ((M * B - δ) / (M - 1)) ^ ((N - 1) / 2))
BorceaVariance.retained_block_nat_power_bound {M N m : ℕ} {B δ : ℝ} (hM : 2 ≤ M) (hMm : M ≤ m) (hmN : m ≤ N)
  (hδ : δ ≤ B) :
  max 0 ((↑m * B - δ) / ↑(m - 1)) ^ (m - 1) ≤
    max (max 0 ((↑M * B - δ) / ↑(M - 1)) ^ (M - 1)) (max 0 ((↑M * B - δ) / ↑(M - 1)) ^ (N - 1))
BorceaVariance.centered_first_remainder_general {m : ℕ} (w : Fin m → ℂ) (hw : ∑ j, w j = 0) {D : ℂ} (hD : D ≠ 0) (c : ℝ)
  {U : ℝ} (hU : 0 ≤ U) (hdel : ∀ θ ∈ Set.Icc 0 1, ∀ (j : Fin m), ‖∏ k ∈ Finset.univ.erase j, (D - ↑c * ↑θ * w k)‖ ≤ U) :
  ‖∏ j, (D - ↑c * w j) - D ^ m‖ ≤ (c ^ 2 * ∑ j, ‖w j‖ ^ 2) / (2 * ‖D‖) * U
BorceaVariance.centered_first_remainder_moments {m : ℕ} (hm : 2 ≤ m) (w : Fin m → ℂ) (hw : ∑ j, w j = 0) {D : ℂ}
  (hD : D ≠ 0) (c : ℝ) {B L : ℝ} (hB : 0 ≤ B) (hL : 0 ≤ L) (hsecond : ∑ j, ‖D - ↑c * w j‖ ^ 2 ≤ ↑m * B)
  (hfirst : ∑ j, ‖D - ↑c * w j‖ ≤ ↑m * L) :
  ‖∏ j, (D - ↑c * w j) - D ^ m‖ ≤
    (c ^ 2 * ∑ j, ‖w j‖ ^ 2) / (2 * ‖D‖) *
      min (BorceaVariance.omissionConstant m 1 * B ^ (↑(m - 1) / 2))
        (BorceaVariance.omissionConstant m 1 ^ 2 * L ^ (m - 1))
BorceaVariance.centered_interpolation_first {m : ℕ} (hm : 2 ≤ m) (q : Fin m → ℂ) {a t B L : ℝ}
  (hD : 1 - ↑a * ↑t * BorceaVariance.mean q ≠ 0)
  (hB : BorceaVariance.beta a (BorceaVariance.mean q) (BorceaVariance.secondMoment q) t ≤ B)
  (hL : BorceaVariance.factorMean q a t ≤ L) :
  ‖BorceaVariance.originProduct q a t - (1 - ↑a * ↑t * BorceaVariance.mean q) ^ m‖ ≤
    ↑m * a ^ 2 * t ^ 2 * BorceaVariance.centeredVariance q / (2 * ‖1 - ↑a * ↑t * BorceaVariance.mean q‖) *
      min (BorceaVariance.omissionConstant m 1 * B ^ (↑(m - 1) / 2))
        (BorceaVariance.omissionConstant m 1 ^ 2 * L ^ (m - 1))
BorceaVariance.centered_second_remainder_general {m : ℕ} (hm : 0 < m) (w : Fin m → ℂ) (hw : ∑ j, w j = 0) (D : ℂ)
  (c : ℝ) {U : ℝ} (hU : 0 ≤ U)
  (hdel : ∀ θ ∈ Set.Icc 0 1, ∀ (j k : Fin m), k ≠ j → ‖∏ r ∈ (Finset.univ.erase j).erase k, (D - ↑c * ↑θ * w r)‖ ≤ U) :
  ‖∏ j, (D - ↑c * w j) - D ^ m‖ ≤ (↑(m - 1) * c ^ 2 * ∑ j, ‖w j‖ ^ 2) / 2 * U
BorceaVariance.centered_second_remainder_moments {m : ℕ} (hm : 3 ≤ m) (w : Fin m → ℂ) (hw : ∑ j, w j = 0) (D : ℂ)
  (c : ℝ) {B L : ℝ} (hB : 0 ≤ B) (hL : 0 ≤ L) (hsecond : ∑ j, ‖D - ↑c * w j‖ ^ 2 ≤ ↑m * B)
  (hfirst : ∑ j, ‖D - ↑c * w j‖ ≤ ↑m * L) :
  ‖∏ j, (D - ↑c * w j) - D ^ m‖ ≤
    (↑(m - 1) * c ^ 2 * ∑ j, ‖w j‖ ^ 2) / 2 *
      min (BorceaVariance.omissionConstant m 2 * B ^ (↑(m - 2) / 2))
        (BorceaVariance.omissionConstant m 2 ^ 2 * L ^ (m - 2))
BorceaVariance.centered_interpolation_second {m : ℕ} (hm : 3 ≤ m) (q : Fin m → ℂ) {a t B L : ℝ}
  (hB : BorceaVariance.beta a (BorceaVariance.mean q) (BorceaVariance.secondMoment q) t ≤ B)
  (hL : BorceaVariance.factorMean q a t ≤ L) :
  ‖BorceaVariance.originProduct q a t - (1 - ↑a * ↑t * BorceaVariance.mean q) ^ m‖ ≤
    ↑m * ↑(m - 1) * a ^ 2 * t ^ 2 * BorceaVariance.centeredVariance q / 2 *
      min (BorceaVariance.omissionConstant m 2 * B ^ (↑(m - 2) / 2))
        (BorceaVariance.omissionConstant m 2 ^ 2 * L ^ (m - 2))
BorceaVariance.omissionConstant_sq_le_exp {m k : ℕ} (hk : k < m) : BorceaVariance.omissionConstant m k ^ 2 ≤ Real.exp ↑k
BorceaVariance.omission_one_constant_bounds {m : ℕ} (hm : 2 ≤ m) :
  BorceaVariance.omissionConstant m 1 < 5 / 3 ∧ BorceaVariance.omissionConstant m 1 ^ 2 < 3
BorceaVariance.omission_two_constant_bounds {m : ℕ} (hm : 3 ≤ m) :
  BorceaVariance.omissionConstant m 2 < 3 ∧ BorceaVariance.omissionConstant m 2 ^ 2 < 9
BorceaVariance.convex_quadratic_majorant {S : Set ℝ} (hS : Convex ℝ S) (H : ℝ) {A : ℝ} (hA : 0 ≤ A) :
  ConvexOn ℝ S fun t => 1 - H * t - A * t * (1 - t)
BorceaVariance.convex_linear_majorant {S : Set ℝ} (hS : Convex ℝ S) (κ : ℝ) : ConvexOn ℝ S fun t => 1 - (1 - κ) * t
BorceaVariance.convex_nonnegative_rpow {S : Set ℝ} {f : ℝ → ℝ} (hf : ConvexOn ℝ S f) (hf0 : ∀ t ∈ S, 0 ≤ f t) {r : ℝ}
  (hr : 1 ≤ r) : ConvexOn ℝ S fun t => f t ^ r
BorceaVariance.convex_positive_part {S : Set ℝ} {f : ℝ → ℝ} (hf : ConvexOn ℝ S f) : ConvexOn ℝ S fun t => max 0 (f t)
BorceaVariance.convex_retained_base {S : Set ℝ} {f : ℝ → ℝ} (hf : ConvexOn ℝ S f) {M : ℝ} (hM : 1 < M) (δ : ℝ) :
  ConvexOn ℝ S fun t => max 0 ((M * f t - δ) / (M - 1))
BorceaVariance.convex_retained_block_powers {S : Set ℝ} {f : ℝ → ℝ} (hf : ConvexOn ℝ S f) {M p q : ℝ} (hM : 1 < M)
  (hp : 1 ≤ p) (hq : 1 ≤ q) (δ : ℝ) :
  ConvexOn ℝ S fun t => max (max 0 ((M * f t - δ) / (M - 1)) ^ p) (max 0 ((M * f t - δ) / (M - 1)) ^ q)
BorceaVariance.chord_one {f : ℝ → ℝ} {l u : ℝ} (hl : 0 ≤ l) (hlu : l ≤ u) (hf : ConvexOn ℝ (Set.Icc l u) f)
  (hc : ContinuousOn f (Set.Icc l u)) :
  ∫ (t : ℝ) in l..u, t * f t ≤ (u - l) * (2 * l + u) / 6 * f l + (u - l) * (l + 2 * u) / 6 * f u
BorceaVariance.chord_two {f : ℝ → ℝ} {l u : ℝ} (hl : 0 ≤ l) (hlu : l ≤ u) (hf : ConvexOn ℝ (Set.Icc l u) f)
  (hc : ContinuousOn f (Set.Icc l u)) :
  ∫ (t : ℝ) in l..u, t ^ 2 * f t ≤
    (u - l) * (3 * l ^ 2 + 2 * l * u + u ^ 2) / 12 * f l + (u - l) * (l ^ 2 + 2 * l * u + 3 * u ^ 2) / 12 * f u
BorceaVariance.le_min_of_separate_bounds {I U V : ℝ} (hU : I ≤ U) (hV : I ≤ V) : I ≤ min U V
BorceaVariance.directMajorant_le_first_moment {m : ℕ} (hm : 0 < m) (q : Fin m → ℂ) (hq : ∀ (j : Fin m), ‖q j‖ ≤ 1)
  (a t : ℝ) : BorceaVariance.directMajorant q a t ≤ ↑m * BorceaVariance.factorMean q a t ^ (m - 1)
BorceaVariance.direct_unit_bound {m : ℕ} (hm : 0 < m) (q : Fin m → ℂ) (hq : ∀ (j : Fin m), ‖q j‖ ≤ 1) {a t B L : ℝ}
  (hB : BorceaVariance.beta a (BorceaVariance.mean q) (BorceaVariance.secondMoment q) t ≤ B)
  (hL : BorceaVariance.factorMean q a t ≤ L) :
  BorceaVariance.directMajorant q a t ≤ ↑m * min (B ^ (↑(m - 1) / 2)) (L ^ (m - 1))
BorceaVariance.direct_second_moment_bound {m : ℕ} (hm : 2 ≤ m) (q : Fin m → ℂ) {a t B L : ℝ}
  (hB : BorceaVariance.beta a (BorceaVariance.mean q) (BorceaVariance.secondMoment q) t ≤ B)
  (hL : BorceaVariance.factorMean q a t ≤ L) :
  BorceaVariance.directMajorant q a t ≤
    ↑m * BorceaVariance.secondMoment q *
      min (BorceaVariance.omissionConstant m 1 * B ^ (↑(m - 1) / 2))
        (BorceaVariance.omissionConstant m 1 ^ 2 * L ^ (m - 1))
BorceaVariance.direct_bound {m : ℕ} (hm : 2 ≤ m) (q : Fin m → ℂ) (hq : ∀ (j : Fin m), ‖q j‖ ≤ 1) {a t B L : ℝ}
  (hB : BorceaVariance.beta a (BorceaVariance.mean q) (BorceaVariance.secondMoment q) t ≤ B)
  (hL : BorceaVariance.factorMean q a t ≤ L) :
  BorceaVariance.directMajorant q a t ≤
    ↑m *
      min (min 1 (BorceaVariance.omissionConstant m 1 * BorceaVariance.secondMoment q) * B ^ (↑(m - 1) / 2))
        (min 1 (BorceaVariance.omissionConstant m 1 ^ 2 * BorceaVariance.secondMoment q) * L ^ (m - 1))
BorceaVariance.weighted_deleted_product_bound {m : ℕ} (hm : 0 < m) (q f : Fin m → ℂ) {B : ℝ}
  (hB : ∀ (j : Fin m), ‖∏ k ∈ Finset.univ.erase j, f k‖ ≤ B) :
  ∑ j, ‖q j‖ ^ 2 * ∏ k ∈ Finset.univ.erase j, ‖f k‖ ≤ ↑m * BorceaVariance.secondMoment q * B
BorceaVariance.retained_factor_lower {m : ℕ} (q : Fin m → ℂ) (hq : ∀ (j : Fin m), ‖q j‖ ≤ 1) {a aUpper t u : ℝ}
  (ha : 0 ≤ a) (haUpper : a ≤ aUpper) (ht : 0 ≤ t) (htu : t ≤ u) (j : Fin m) :
  max 0 (1 - aUpper * u) ≤ ‖1 - ↑a * ↑t * q j‖
BorceaVariance.direct_retained_bound {m : ℕ} (hm : 2 ≤ m) (q : Fin m → ℂ) (hq : ∀ (j : Fin m), ‖q j‖ ≤ 1)
  {a aUpper t u B L : ℝ} (ha : 0 ≤ a) (haUpper : a ≤ aUpper) (ht : 0 ≤ t) (htu : t ≤ u)
  (hB : BorceaVariance.beta a (BorceaVariance.mean q) (BorceaVariance.secondMoment q) t ≤ B)
  (hL : BorceaVariance.factorMean q a t ≤ L) :
  have δ := max 0 (1 - aUpper * u);
  BorceaVariance.directMajorant q a t ≤
    ↑m * BorceaVariance.secondMoment q *
      min (max 0 ((↑m * B - δ ^ 2) / ↑(m - 1)) ^ (↑(m - 1) / 2)) (max 0 ((↑m * L - δ) / ↑(m - 1)) ^ (m - 1))
BorceaVariance.originErrorSum_norm_le_directMajorant {m : ℕ} (q : Fin m → ℂ) (a t : ℝ) :
  ‖QuadraticTangZhang.originErrorSum q a t‖ ≤ BorceaVariance.directMajorant q a t
BorceaVariance.originProduct_endpoint_bound {m : ℕ} (hm : 0 < m) (q : Fin m → ℂ) (a : ℝ) {κ : ℝ}
  (hκ : BorceaVariance.factorMean q a 1 ≤ κ) : ‖BorceaVariance.originProduct q a 1‖ ≤ κ ^ m
BorceaVariance.originRemainder_norm_le_direct_integral {m : ℕ} (q : Fin m → ℂ) (a : ℝ) :
  ‖BorceaVariance.originRemainder q a‖ ≤ a ^ 2 * ∫ (t : ℝ) in 0..1, t * BorceaVariance.directMajorant q a t
BorceaVariance.origin_core_integral_bound {m : ℕ} (q : Fin m → ℂ) (a : ℝ) (J : ℂ)
  (horigin : ↑(m + 1) * ∫ (t : ℝ) in 0..1, BorceaVariance.originProduct q a t = (-1) ^ m * J) {C : ℝ}
  (hC : ‖↑a * BorceaVariance.mean q * J‖ ≤ C) :
  ‖↑m * ↑a * BorceaVariance.mean q * ∫ (t : ℝ) in 0..1, BorceaVariance.originProduct q a t‖ ≤ ↑m / ↑(m + 1) * C
BorceaVariance.direct_integral_test {m : ℕ} (hm : 0 < m) (q : Fin m → ℂ) (a : ℝ) (J : ℂ)
  (horigin : ↑(m + 1) * ∫ (t : ℝ) in 0..1, BorceaVariance.originProduct q a t = (-1) ^ m * J) {κ C : ℝ}
  (hκ : BorceaVariance.factorMean q a 1 ≤ κ) (hC : ‖↑a * BorceaVariance.mean q * J‖ ≤ C) :
  1 ≤ κ ^ m + ↑m / ↑(m + 1) * C + a ^ 2 * ∫ (t : ℝ) in 0..1, t * BorceaVariance.directMajorant q a t
BorceaVariance.binomial_beta_identity (k p j : ℕ) (hj : j ≤ p) :
  ↑(p.choose j) * ∫ (t : ℝ) in 0..1, t ^ (k + j) * (1 - t) ^ (p - j) =
    ↑((k + j).choose k) / (↑(k + p + 1) * ↑((k + p).choose k))
BorceaVariance.binomial_linear_factor_expansion (p : ℕ) (d t : ℝ) :
  (1 - t + d * t) ^ p = ∑ j ∈ Finset.range (p + 1), ↑(p.choose j) * d ^ j * t ^ j * (1 - t) ^ (p - j)
BorceaVariance.integral_polynomial_identity (k p : ℕ) (d : ℝ) :
  ∫ (t : ℝ) in 0..1, t ^ k * (1 - t + d * t) ^ p = BorceaVariance.integralPolynomial k p d
BorceaVariance.integralPolynomial_nonneg (k p : ℕ) {d : ℝ} (hd : 0 ≤ d) : 0 ≤ BorceaVariance.integralPolynomial k p d
BorceaVariance.power_sum_integral_relation {m k : ℕ} (hkm : k ≤ m) (d : ℝ) :
  (↑m + 1) * ↑(m.choose k) * BorceaVariance.integralPolynomial k (m - k) d = BorceaVariance.integralPowerSum k (m - k) d
BorceaVariance.interpolationPolynomial_derivative.{u_1} {ι : Type u_1} [DecidableEq ι] (S : Finset ι) (D c : ℂ)
  (w : ι → ℂ) :
  Polynomial.derivative (BorceaVariance.interpolationPolynomial S D c w) =
    -Polynomial.C c * ∑ j ∈ S, Polynomial.C (w j) * BorceaVariance.interpolationPolynomial (S.erase j) D c w
BorceaVariance.interpolationPolynomial_second_derivative.{u_1} {ι : Type u_1} [DecidableEq ι] (S : Finset ι) (D c : ℂ)
  (w : ι → ℂ) :
  Polynomial.derivative (Polynomial.derivative (BorceaVariance.interpolationPolynomial S D c w)) =
    Polynomial.C (c ^ 2) *
      ∑ j ∈ S,
        ∑ k ∈ S.erase j, Polynomial.C (w j * w k) * BorceaVariance.interpolationPolynomial ((S.erase j).erase k) D c w
BorceaVariance.interpolationPolynomial_derivative_zero {m : ℕ} (w : Fin m → ℂ) (hw : ∑ j, w j = 0) (D c : ℂ) :
  Polynomial.eval 0 (Polynomial.derivative (BorceaVariance.interpolationPolynomial Finset.univ D c w)) = 0
BorceaVariance.polynomial_taylor_second (P : Polynomial ℂ) :
  Polynomial.eval 1 P - Polynomial.eval 0 P - Polynomial.eval 0 (Polynomial.derivative P) =
    ∫ (θ : ℝ) in 0..1, (1 - ↑θ) * Polynomial.eval (↑θ) (Polynomial.derivative (Polynomial.derivative P))
BorceaVariance.ordered_pair_norm_sum_bound {m : ℕ} (hm : 0 < m) (w : Fin m → ℂ) :
  ∑ j, ∑ k ∈ Finset.univ.erase j, ‖w j‖ * ‖w k‖ ≤ ↑(m - 1) * ∑ j, ‖w j‖ ^ 2
BorceaVariance.centered_norm_le_factor_mean {m : ℕ} (hm : 0 < m) (w : Fin m → ℂ) (hw : ∑ j, w j = 0) (D : ℂ) (c : ℝ) :
  ↑m * ‖D‖ ≤ ∑ j, ‖D - ↑c * w j‖
BorceaVariance.centered_interpolation_second_moment {m : ℕ} (w : Fin m → ℂ) (hw : ∑ j, w j = 0) (D : ℂ) (c : ℝ)
  {B θ : ℝ} (hB : ∑ j, ‖D - ↑c * w j‖ ^ 2 ≤ ↑m * B) (hθ : 0 ≤ θ) (hθ1 : θ ≤ 1) : ∑ j, ‖D - ↑c * ↑θ * w j‖ ^ 2 ≤ ↑m * B
BorceaVariance.centered_interpolation_first_moment {m : ℕ} (hm : 0 < m) (w : Fin m → ℂ) (hw : ∑ j, w j = 0) (D : ℂ)
  (c : ℝ) {L θ : ℝ} (hL : ∑ j, ‖D - ↑c * w j‖ ≤ ↑m * L) (hθ : 0 ≤ θ) (hθ1 : θ ≤ 1) : ∑ j, ‖D - ↑c * ↑θ * w j‖ ≤ ↑m * L
BorceaVariance.integral_beta_one (p : ℕ) : ∫ (t : ℝ) in 0..1, t * (1 - t) ^ p = 1 / ((↑p + 1) * (↑p + 2))
BorceaVariance.integral_linear_power_upper (p : ℕ) {b : ℝ} (hb : 0 < b) (hb1 : b ≤ 1) :
  ∫ (t : ℝ) in 0..1, t * (1 - b * t) ^ p ≤ 1 / (b ^ 2 * (↑p + 1) * (↑p + 2))
BorceaVariance.esymm_fin_card_pred {m : ℕ} (hm : 0 < m) (f : Fin m → ℝ) :
  (Multiset.map f Finset.univ.val).esymm (m - 1) = ∑ j, ∏ k ∈ Finset.univ.erase j, f k
BorceaVariance.sum_deleted_prod_le_mean {m : ℕ} (hm : 0 < m) (f : Fin m → ℝ) (hf : ∀ (j : Fin m), 0 ≤ f j) :
  ∑ j, ∏ k ∈ Finset.univ.erase j, f k ≤ ↑m * ((∑ j, f j) / ↑m) ^ (m - 1)
BorceaVariance.factorMean_nonneg {m : ℕ} (q : Fin m → ℂ) (a t : ℝ) : 0 ≤ BorceaVariance.factorMean q a t
BorceaVariance.factorMean_sq_le_beta {m : ℕ} (hm : 0 < m) (q : Fin m → ℂ) (a t : ℝ) :
  BorceaVariance.factorMean q a t ^ 2 ≤ BorceaVariance.beta a (BorceaVariance.mean q) (BorceaVariance.secondMoment q) t
BorceaVariance.factorMean_endpoint_sq_le {m : ℕ} (hm : 0 < m) (a : ℝ) (ζ : Fin m → ℂ)
  (hne : ∀ (j : Fin m), ↑a - ζ j ≠ 0) {V : ℝ} (hV : BorceaVariance.secondMoment ζ ≤ V) :
  BorceaVariance.factorMean (BorceaVariance.reciprocalFamily a ζ) a 1 ^ 2 ≤
    V * BorceaVariance.secondMoment (BorceaVariance.reciprocalFamily a ζ)
BorceaVariance.factorMean_endpoint_le_kappa {m : ℕ} (hm : 0 < m) (a : ℝ) (ζ : Fin m → ℂ)
  (hne : ∀ (j : Fin m), ↑a - ζ j ≠ 0) {V κ : ℝ} (hV : BorceaVariance.secondMoment ζ ≤ V) (hκ : 0 ≤ κ)
  (hκ2 :
    min
        (BorceaVariance.beta a (BorceaVariance.mean (BorceaVariance.reciprocalFamily a ζ))
          (BorceaVariance.secondMoment (BorceaVariance.reciprocalFamily a ζ)) 1)
        (V * BorceaVariance.secondMoment (BorceaVariance.reciprocalFamily a ζ)) ≤
      κ ^ 2) :
  BorceaVariance.factorMean (BorceaVariance.reciprocalFamily a ζ) a 1 ≤ κ
BorceaVariance.factorMean_endpoint_sqrt_bound {m : ℕ} (hm : 0 < m) (a : ℝ) (ζ : Fin m → ℂ)
  (hne : ∀ (j : Fin m), ↑a - ζ j ≠ 0) {V : ℝ} (hV : BorceaVariance.secondMoment ζ ≤ V) :
  BorceaVariance.factorMean (BorceaVariance.reciprocalFamily a ζ) a 1 ≤
    √(min
        (BorceaVariance.beta a (BorceaVariance.mean (BorceaVariance.reciprocalFamily a ζ))
          (BorceaVariance.secondMoment (BorceaVariance.reciprocalFamily a ζ)) 1)
        (V * BorceaVariance.secondMoment (BorceaVariance.reciprocalFamily a ζ)))
BorceaVariance.factorMean_linear_majorant {m : ℕ} (hm : 0 < m) (q : Fin m → ℂ) (a : ℝ) {κ t : ℝ}
  (hκ : BorceaVariance.factorMean q a 1 ≤ κ) (ht : 0 ≤ t) (ht1 : t ≤ 1) :
  BorceaVariance.factorMean q a t ≤ 1 - (1 - κ) * t
BorceaVariance.originProduct_norm_le_second_moment {m : ℕ} (hm : 0 < m) (q : Fin m → ℂ) (a t : ℝ) :
  ‖BorceaVariance.originProduct q a t‖ ≤
    BorceaVariance.beta a (BorceaVariance.mean q) (BorceaVariance.secondMoment q) t ^ (↑m / 2)
BorceaVariance.omissionConstant_nonneg (m k : ℕ) : 0 ≤ BorceaVariance.omissionConstant m k
BorceaVariance.omissionConstant_sq (m k : ℕ) : BorceaVariance.omissionConstant m k ^ 2 = (↑m / ↑(m - k)) ^ (m - k)
BorceaVariance.pow_le_rpow_half_of_sq_le {x B : ℝ} (hx : 0 ≤ x) (h : x ^ 2 ≤ B) (k : ℕ) : x ^ k ≤ B ^ (↑k / 2)
BorceaVariance.norm_subproduct_le_second_moment {m k : ℕ} (hk : k < m) (f : Fin m → ℂ) (S : Finset (Fin m))
  (hcard : S.card = m - k) {B : ℝ} (hB : 0 ≤ B) (hmean : ∑ j, ‖f j‖ ^ 2 ≤ ↑m * B) :
  ‖∏ j ∈ S, f j‖ ≤ BorceaVariance.omissionConstant m k * B ^ (↑(m - k) / 2)
BorceaVariance.norm_subproduct_le_first_moment {m k : ℕ} (hk : k < m) (f : Fin m → ℂ) (S : Finset (Fin m))
  (hcard : S.card = m - k) {L : ℝ} (hL : 0 ≤ L) (hmean : ∑ j, ‖f j‖ ≤ ↑m * L) :
  ‖∏ j ∈ S, f j‖ ≤ BorceaVariance.omissionConstant m k ^ 2 * L ^ (m - k)
BorceaVariance.normalized_direct_integral_test {n : ℕ} (hn : 2 ≤ n) (Cex : BorceaVariance.NormalizedCounterexample n)
  (z ζ : Fin (n - 1) → ℂ)
  (hz : Cex.polynomial = (Polynomial.X - Polynomial.C ↑Cex.distinguished) * ∏ j, (Polynomial.X - Polynomial.C (z j)))
  (hζ : ↑(List.ofFn ζ) = (Polynomial.derivative Cex.polynomial).roots) {κ Cbound : ℝ}
  (hκ : BorceaVariance.factorMean (BorceaVariance.reciprocalFamily Cex.distinguished ζ) Cex.distinguished 1 ≤ κ)
  (hC :
    ‖↑Cex.distinguished * BorceaVariance.mean (BorceaVariance.reciprocalFamily Cex.distinguished ζ) *
          BorceaVariance.jointProduct z (BorceaVariance.reciprocalFamily Cex.distinguished ζ)‖ ≤
      Cbound) :
  1 ≤
    κ ^ (n - 1) + ↑(n - 1) / ↑n * Cbound +
      Cex.distinguished ^ 2 *
        ∫ (t : ℝ) in 0..1,
          t * BorceaVariance.directMajorant (BorceaVariance.reciprocalFamily Cex.distinguished ζ) Cex.distinguished t
BorceaVariance.normalized_absolute_integral_test {n : ℕ} (hn : 2 ≤ n) (Cex : BorceaVariance.NormalizedCounterexample n)
  (z ζ : Fin (n - 1) → ℂ)
  (hz : Cex.polynomial = (Polynomial.X - Polynomial.C ↑Cex.distinguished) * ∏ j, (Polynomial.X - Polynomial.C (z j)))
  (hζ : ↑(List.ofFn ζ) = (Polynomial.derivative Cex.polynomial).roots) {Cbound : ℝ}
  (hC :
    ‖↑Cex.distinguished * BorceaVariance.mean (BorceaVariance.reciprocalFamily Cex.distinguished ζ) *
          BorceaVariance.jointProduct z (BorceaVariance.reciprocalFamily Cex.distinguished ζ)‖ ≤
      Cbound)
  (U : ℝ → ℝ) (hi : IntervalIntegrable (fun t => t ^ 2 * U t) MeasureTheory.volume 0 1)
  (hU :
    ∀ t ∈ Set.Icc 0 1,
      ‖BorceaVariance.centeredError (BorceaVariance.reciprocalFamily Cex.distinguished ζ) Cex.distinguished t‖ ≤
        Cex.distinguished ^ 2 * t ^ 2 *
            BorceaVariance.centeredVariance (BorceaVariance.reciprocalFamily Cex.distinguished ζ) *
          U t) :
  have q := BorceaVariance.reciprocalFamily Cex.distinguished ζ;
  1 ≤
    Cbound + ((1 - 1 / (↑n - 1)) * BorceaVariance.centeredVariance q) ^ (↑n / 2) +
      BorceaVariance.centerIntegralCoefficient (n - 1) Cex.distinguished ‖BorceaVariance.mean q‖ U *
        BorceaVariance.centeredVariance q
BorceaVariance.normalized_ratio_integral_test {n : ℕ} (hn : 2 ≤ n) (Cex : BorceaVariance.NormalizedCounterexample n)
  (z ζ : Fin (n - 1) → ℂ)
  (hz : Cex.polynomial = (Polynomial.X - Polynomial.C ↑Cex.distinguished) * ∏ j, (Polynomial.X - Polynomial.C (z j)))
  (henergy : Cex.distinguished ^ 2 + ∑ j, ‖z j‖ ^ 2 = ↑n)
  (hζ : ↑(List.ofFn ζ) = (Polynomial.derivative Cex.polynomial).roots) (U : ℝ → ℝ)
  (hi : IntervalIntegrable (fun t => t ^ 2 * U t) MeasureTheory.volume 0 1) (hU0 : ∀ t ∈ Set.Icc 0 1, 0 ≤ U t)
  (hU :
    ∀ t ∈ Set.Icc 0 1,
      ‖BorceaVariance.centeredError (BorceaVariance.reciprocalFamily Cex.distinguished ζ) Cex.distinguished t‖ ≤
        Cex.distinguished ^ 2 * t ^ 2 *
            BorceaVariance.centeredVariance (BorceaVariance.reciprocalFamily Cex.distinguished ζ) *
          U t) :
  have q := BorceaVariance.reciprocalFamily Cex.distinguished ζ;
  1 ≤
    (1 + ‖BorceaVariance.mean q‖) *
      ((1 - 1 / (↑n - 1)) ^ (↑n / 2) * (1 - ‖BorceaVariance.mean q‖ ^ 2) ^ (↑(n - 2) / 2) +
        BorceaVariance.centerIntegralCoefficient (n - 1) Cex.distinguished ‖BorceaVariance.mean q‖ U)
BorceaVariance.ratio_scalar_test {n : ℕ} (hn : 2 ≤ n) {r v V K : ℝ} (hr : 0 ≤ r) (hr1 : r < 1) (hv : 0 ≤ v)
  (hv1 : v ≤ 1 - r ^ 2) (hV : 0 ≤ V) (hK : 0 ≤ K) (h : 1 ≤ r + (V * v) ^ (↑n / 2) + K * v) :
  1 ≤ (1 + r) * (V ^ (↑n / 2) * (1 - r ^ 2) ^ (↑(n - 2) / 2) + K)
BorceaVariance.normalized_core_product_le_mean {n : ℕ} (hn : 2 ≤ n) (Cex : BorceaVariance.NormalizedCounterexample n)
  (z q : Fin (n - 1) → ℂ) (henergy : Cex.distinguished ^ 2 + ∑ j, ‖z j‖ ^ 2 = ↑n)
  (hq : ∀ (j : Fin (n - 1)), ‖q j‖ ≤ 1) :
  ‖↑Cex.distinguished * BorceaVariance.mean q * BorceaVariance.jointProduct z q‖ ≤ ‖BorceaVariance.mean q‖
BorceaVariance.norm_prod_le_first_moment.{u_1} {ι : Type u_1} (s : Finset ι) (hs : 0 < s.card) (f : ι → ℂ) {L : ℝ}
  (hL : 0 ≤ L) (hmean : ∑ j ∈ s, ‖f j‖ ≤ ↑s.card * L) : ‖∏ j ∈ s, f j‖ ≤ L ^ s.card
BorceaVariance.retained_deleted_second_moment {m : ℕ} (hm : 2 ≤ m) (f : Fin m → ℂ) {B δ : ℝ} (hδ : 0 ≤ δ)
  (hmean : ∑ j, ‖f j‖ ^ 2 ≤ ↑m * B) (hret : ∀ (j : Fin m), δ ≤ ‖f j‖) (j : Fin m) :
  ‖∏ k ∈ Finset.univ.erase j, f k‖ ≤ max 0 ((↑m * B - δ ^ 2) / ↑(m - 1)) ^ (↑(m - 1) / 2)
BorceaVariance.retained_deleted_first_moment {m : ℕ} (hm : 2 ≤ m) (f : Fin m → ℂ) {L δ : ℝ}
  (hmean : ∑ j, ‖f j‖ ≤ ↑m * L) (hret : ∀ (j : Fin m), δ ≤ ‖f j‖) (j : Fin m) :
  ‖∏ k ∈ Finset.univ.erase j, f k‖ ≤ max 0 ((↑m * L - δ) / ↑(m - 1)) ^ (m - 1)
BorceaVariance.large_degree_remainder_coefficient {x : ℝ} (hx : 100000 ≤ x) : 4 * x / (x - 1) ^ 2 ≤ 5 / 100000
BorceaVariance.remainder_gap_to_H {a : ℝ} (ha : 0 < a) (m : ℕ) :
  4 * ↑m * a ^ 2 / (↑(m - 1) ^ 2 * BorceaVariance.largeDegreeGap a ^ 2) =
    4 * ↑m / ↑(m - 1) ^ 2 * BorceaVariance.largeDegreeH a
BorceaVariance.normalized_away_estimates {n : ℕ} (hn : 100001 ≤ n) (Cex : BorceaVariance.NormalizedCounterexample n)
  (ha : 1 / 10 ≤ Cex.distinguished) (ha2 : Cex.distinguished ≤ 2) (ζ : Fin (n - 1) → ℂ)
  (hζ : ↑(List.ofFn ζ) = (Polynomial.derivative Cex.polynomial).roots) :
  have q := BorceaVariance.reciprocalFamily Cex.distinguished ζ;
  ‖BorceaVariance.originProduct q Cex.distinguished 1‖ < 1 / 1000 ∧
    ‖BorceaVariance.originRemainder q Cex.distinguished‖ ≤ 5 * BorceaVariance.largeDegreeH Cex.distinguished / 100000
BorceaVariance.no_normalized_counterexample_large_away {n : ℕ} (hn : 100001 ≤ n)
  (Cex : BorceaVariance.NormalizedCounterexample n) (ha : 1 / 10 ≤ Cex.distinguished) (ha2 : Cex.distinguished ≤ 2)
  (haway : Cex.distinguished ≤ 3 / 4 ∨ 5 / 4 ≤ Cex.distinguished) : False
BorceaVariance.normalized_critical_secondMoment_le_one {n : ℕ} (hn : 2 ≤ n)
  (Cex : BorceaVariance.NormalizedCounterexample n) (ζ : Fin (n - 1) → ℂ)
  (hζ : ↑(List.ofFn ζ) = (Polynomial.derivative Cex.polynomial).roots) : BorceaVariance.secondMoment ζ ≤ 1
BorceaVariance.normalized_core_product_le_psi {n : ℕ} (hn : 2 ≤ n) (Cex : BorceaVariance.NormalizedCounterexample n)
  (z q : Fin (n - 1) → ℂ) (henergy : Cex.distinguished ^ 2 + ∑ j, ‖z j‖ ^ 2 = ↑n) (hq : ∀ (j : Fin (n - 1)), ‖q j‖ ≤ 1)
  (hs : BorceaVariance.secondMoment q ≤ 1) :
  ‖↑Cex.distinguished * BorceaVariance.mean q * BorceaVariance.jointProduct z q‖ ≤ BorceaVariance.Psi Cex.distinguished
BorceaVariance.direct_norm_test {m : ℕ} (hm : 0 < m) (q : Fin m → ℂ) (a : ℝ) (J : ℂ)
  (horigin : ↑(m + 1) * ∫ (t : ℝ) in 0..1, BorceaVariance.originProduct q a t = (-1) ^ m * J) {Cbound : ℝ}
  (hC : ‖↑a * BorceaVariance.mean q * J‖ ≤ Cbound) :
  1 ≤ ‖BorceaVariance.originProduct q a 1‖ + ↑m / ↑(m + 1) * Cbound + ‖BorceaVariance.originRemainder q a‖
BorceaVariance.normalized_large_direct {n : ℕ} (hn : 2 ≤ n) (Cex : BorceaVariance.NormalizedCounterexample n)
  (ζ : Fin (n - 1) → ℂ) (hζ : ↑(List.ofFn ζ) = (Polynomial.derivative Cex.polynomial).roots) :
  have q := BorceaVariance.reciprocalFamily Cex.distinguished ζ;
  1 ≤
    ‖BorceaVariance.originProduct q Cex.distinguished 1‖ + BorceaVariance.Psi Cex.distinguished +
      ‖BorceaVariance.originRemainder q Cex.distinguished‖
BorceaVariance.central_endpoint_bound {m : ℕ} (hm : 100000 ≤ m) {r v : ℝ} (hr : 6 / 25 ≤ r) (hv : 0 ≤ v)
  (hv1 : v ≤ 1 - r ^ 2) : v ^ (↑(m + 1) / 2) ≤ (1 - r) / 5
BorceaVariance.no_normalized_counterexample_large_central {n : ℕ} (hn : 100001 ≤ n)
  (Cex : BorceaVariance.NormalizedCounterexample n) (ha : 3 / 4 ≤ Cex.distinguished) (ha1 : Cex.distinguished ≤ 5 / 4) :
  False
BorceaVariance.central_first_coefficient {x : ℝ} (hx : 100000 ≤ x) :
  78125 / 9 * (x + 1) * x / (x - 1) ^ 3 ≤ 10000 / x ∧ 10000 / x ≤ 1 / 10
BorceaVariance.central_B_power {m : ℕ} (hm : 100000 ≤ m) : (589 / 625) ^ (↑(m - 2) / 2) ≤ Real.exp (-↑m / 40)
BorceaVariance.central_second_coefficient {x : ℝ} (hx : 100000 ≤ x) :
  2 * (x + 1) * x ^ 2 * Real.exp (-x / 40) ≤ 6 * 10 ^ 12 / x ^ 3 ∧ 6 * 10 ^ 12 / x ^ 3 < 1 / 10
BorceaVariance.central_endpoint_power {m : ℕ} (hm : 100000 ≤ m) : (589 / 625) ^ (↑(m - 1) / 2) ≤ 1 / 10
BorceaVariance.central_real_part_lower {m : ℕ} (hm : 0 < m) {a : ℝ} (ha : 3 / 4 ≤ a) (ha1 : a ≤ 5 / 4) (ζ : Fin m → ℂ)
  (hcenter : ∑ j, ζ j = 0) (hfar : ∀ (j : Fin m), 1 < ‖↑a - ζ j‖) (hV : BorceaVariance.secondMoment ζ ≤ 1) :
  6 / 25 ≤ (BorceaVariance.mean (BorceaVariance.reciprocalFamily a ζ)).re
BorceaVariance.central_beta_bounds {m : ℕ} (hm : 0 < m) {a : ℝ} (ha : 3 / 4 ≤ a) (ha1 : a ≤ 5 / 4) (ζ : Fin m → ℂ)
  (hcenter : ∑ j, ζ j = 0) (hfar : ∀ (j : Fin m), 1 < ‖↑a - ζ j‖) (hV : BorceaVariance.secondMoment ζ ≤ 1) :
  have q := BorceaVariance.reciprocalFamily a ζ;
  6 / 25 ≤ ‖BorceaVariance.mean q‖ ∧
    9 / 25 ≤ a ^ 2 * BorceaVariance.secondMoment q ∧
      (∀ t ∈ Set.Icc 0 (1 / 2),
          BorceaVariance.beta a (BorceaVariance.mean q) (BorceaVariance.secondMoment q) t ≤ 1 - t / 5) ∧
        ∀ t ∈ Set.Icc (1 / 2) 1,
          BorceaVariance.beta a (BorceaVariance.mean q) (BorceaVariance.secondMoment q) t ≤ 589 / 625
BorceaVariance.central_center_factor_lower {m : ℕ} (q : Fin m → ℂ) {a t : ℝ} (ha : 0 ≤ a) (ha1 : a ≤ 5 / 4)
  (hr : ‖BorceaVariance.mean q‖ ≤ 1) (ht : 0 ≤ t) (ht1 : t ≤ 1 / 2) : 3 / 8 ≤ ‖1 - ↑a * ↑t * BorceaVariance.mean q‖
BorceaVariance.centeredError_continuous {m : ℕ} (q : Fin m → ℂ) (a : ℝ) : Continuous (BorceaVariance.centeredError q a)
BorceaVariance.central_first_integral_bound {m : ℕ} (hm : 100000 ≤ m) (q : Fin m → ℂ) {a : ℝ} (ha : 0 ≤ a)
  (ha1 : a ≤ 5 / 4) (hr : ‖BorceaVariance.mean q‖ ≤ 1)
  (hβ :
    ∀ t ∈ Set.Icc 0 (1 / 2),
      BorceaVariance.beta a (BorceaVariance.mean q) (BorceaVariance.secondMoment q) t ≤ 1 - t / 5) :
  (↑m + 1) * a * ‖BorceaVariance.mean q‖ * ∫ (t : ℝ) in 0..1 / 2, ‖BorceaVariance.centeredError q a t‖ ≤
    BorceaVariance.centeredVariance q / 10
BorceaVariance.central_second_integral_bound {m : ℕ} (hm : 100000 ≤ m) (q : Fin m → ℂ) {a : ℝ} (ha : 0 ≤ a)
  (ha1 : a ≤ 5 / 4) (hr : ‖BorceaVariance.mean q‖ ≤ 1)
  (hβ :
    ∀ t ∈ Set.Icc (1 / 2) 1,
      BorceaVariance.beta a (BorceaVariance.mean q) (BorceaVariance.secondMoment q) t ≤ 589 / 625) :
  (↑m + 1) * a * ‖BorceaVariance.mean q‖ * ∫ (t : ℝ) in 1 / 2..1, ‖BorceaVariance.centeredError q a t‖ ≤
    BorceaVariance.centeredVariance q / 10
BorceaVariance.central_centered_integral_bound {m : ℕ} (hm : 100000 ≤ m) (q : Fin m → ℂ) {a : ℝ} (ha : 0 ≤ a)
  (ha1 : a ≤ 5 / 4) (hr : ‖BorceaVariance.mean q‖ ≤ 1)
  (hβ1 :
    ∀ t ∈ Set.Icc 0 (1 / 2),
      BorceaVariance.beta a (BorceaVariance.mean q) (BorceaVariance.secondMoment q) t ≤ 1 - t / 5)
  (hβ2 :
    ∀ t ∈ Set.Icc (1 / 2) 1,
      BorceaVariance.beta a (BorceaVariance.mean q) (BorceaVariance.secondMoment q) t ≤ 589 / 625) :
  (↑m + 1) * a * ‖BorceaVariance.mean q‖ * ‖∫ (t : ℝ) in 0..1, BorceaVariance.centeredError q a t‖ ≤
    BorceaVariance.centeredVariance q / 5
BorceaVariance.centeredError_factor_order {m : ℕ} (q : Fin m → ℂ) (a t : ℝ) :
  BorceaVariance.centeredError q a t = BorceaVariance.originProduct q a t - (1 - ↑a * ↑t * BorceaVariance.mean q) ^ m
BorceaVariance.central_first_pointwise {m : ℕ} (hm : 2 ≤ m) (q : Fin m → ℂ) {a t : ℝ} (ha : 0 ≤ a) (ha1 : a ≤ 5 / 4)
  (hr : ‖BorceaVariance.mean q‖ ≤ 1) (ht : 0 ≤ t) (ht1 : t ≤ 1 / 2)
  (hβ : BorceaVariance.beta a (BorceaVariance.mean q) (BorceaVariance.secondMoment q) t ≤ 1 - t / 5) :
  (↑m + 1) * a * ‖BorceaVariance.mean q‖ * ‖BorceaVariance.centeredError q a t‖ ≤
    625 / 144 * (↑m + 1) * ↑m * BorceaVariance.centeredVariance q * (t ^ 2 * Real.exp (-↑(m - 1) * t / 10))
BorceaVariance.central_second_pointwise {m : ℕ} (hm : 3 ≤ m) (q : Fin m → ℂ) {a t B : ℝ} (ha : 0 ≤ a) (ha1 : a ≤ 5 / 4)
  (hr : ‖BorceaVariance.mean q‖ ≤ 1)
  (hβ : BorceaVariance.beta a (BorceaVariance.mean q) (BorceaVariance.secondMoment q) t ≤ B) :
  (↑m + 1) * a * ‖BorceaVariance.mean q‖ * ‖BorceaVariance.centeredError q a t‖ ≤
    3 * (↑m + 1) * ↑m ^ 2 * BorceaVariance.centeredVariance q * t ^ 2 * B ^ (↑(m - 2) / 2)
BorceaVariance.originProduct_exp_bound {m : ℕ} (hm : 0 < m) (q : Fin m → ℂ) (a : ℝ) {g : ℝ}
  (hbeta : BorceaVariance.beta a (BorceaVariance.mean q) (BorceaVariance.secondMoment q) 1 ≤ 1 - g) :
  ‖BorceaVariance.originProduct q a 1‖ ≤ Real.exp (-↑m * g / 2)
BorceaVariance.originRemainder_exp_bound {m : ℕ} (hm : 2 ≤ m) (q : Fin m → ℂ) (hq : ∀ (j : Fin m), ‖q j‖ ≤ 1) (a : ℝ)
  {g : ℝ} (hg : 0 < g)
  (hbeta :
    ∀ t ∈ Set.Icc 0 1, BorceaVariance.beta a (BorceaVariance.mean q) (BorceaVariance.secondMoment q) t ≤ 1 - g * t) :
  ‖BorceaVariance.originRemainder q a‖ ≤ 4 * ↑m * a ^ 2 / (↑(m - 1) ^ 2 * g ^ 2)
BorceaVariance.reciprocal_real_part_lower {m : ℕ} (hm : 0 < m) {a : ℝ} (ha : 0 < a) (ζ : Fin m → ℂ)
  (hcenter : ∑ j, ζ j = 0) (hfar : ∀ (j : Fin m), 1 < ‖↑a - ζ j‖) (hV : BorceaVariance.secondMoment ζ ≤ 1) :
  a / (2 * (1 + a ^ 2)) ≤ (BorceaVariance.mean (BorceaVariance.reciprocalFamily a ζ)).re
BorceaVariance.largeDegreeGap_pos {a : ℝ} (ha : 0 < a) : 0 < BorceaVariance.largeDegreeGap a
BorceaVariance.reciprocal_beta_linear_gap {m : ℕ} (hm : 0 < m) (a : ℝ) (ζ : Fin m → ℂ) (hcenter : ∑ j, ζ j = 0)
  (hfar : ∀ (j : Fin m), 1 < ‖↑a - ζ j‖) (hV : BorceaVariance.secondMoment ζ ≤ 1) {g t : ℝ}
  (hg : g ≤ ‖BorceaVariance.mean (BorceaVariance.reciprocalFamily a ζ)‖ ^ 2) (ht : 0 ≤ t) (ht1 : t ≤ 1) :
  BorceaVariance.beta a (BorceaVariance.mean (BorceaVariance.reciprocalFamily a ζ))
      (BorceaVariance.secondMoment (BorceaVariance.reciprocalFamily a ζ)) t ≤
    1 - g * t
BorceaVariance.reciprocal_beta_largeDegreeGap {m : ℕ} (hm : 0 < m) {a : ℝ} (ha : 0 < a) (ζ : Fin m → ℂ)
  (hcenter : ∑ j, ζ j = 0) (hfar : ∀ (j : Fin m), 1 < ‖↑a - ζ j‖) (hV : BorceaVariance.secondMoment ζ ≤ 1) {t : ℝ}
  (ht : 0 ≤ t) (ht1 : t ≤ 1) :
  BorceaVariance.beta a (BorceaVariance.mean (BorceaVariance.reciprocalFamily a ζ))
      (BorceaVariance.secondMoment (BorceaVariance.reciprocalFamily a ζ)) t ≤
    1 - BorceaVariance.largeDegreeGap a * t
BorceaVariance.largeDegreeGap_ge_one_five_hundred {a : ℝ} (ha : 1 / 10 ≤ a) (ha2 : a ≤ 2) :
  1 / 500 ≤ BorceaVariance.largeDegreeGap a
BorceaVariance.large_a_moment_bounds {a s : ℝ} (μ : ℂ) (ha : 2 ≤ a) (hs : 0 ≤ s) (hmean : ‖μ‖ ^ 2 ≤ s) (hr : ‖μ‖ ≤ 1)
  (hA : ‖μ - ↑a‖ ^ 2 ≤ a ^ 2 * (1 - s)) : s ≤ 3 / 4 ∧ a ^ 2 * s ≤ 4
BorceaVariance.no_normalized_counterexample_large_a_ge_two {n : ℕ} (hn : 100001 ≤ n)
  (Cex : BorceaVariance.NormalizedCounterexample n) (ha : 2 ≤ Cex.distinguished) : False
BorceaVariance.small_a_remainder_coefficient {x : ℝ} (hx : 100000 ≤ x) : 25 * x / (4 * (x - 1) ^ 2) ≤ 8 / x
BorceaVariance.small_a_remainder_algebra {a : ℝ} (ha : 0 < a) (m : ℕ) :
  4 * ↑m * a ^ 2 / (↑(m - 1) ^ 2 * (4 / 5 * a ^ 2) ^ 2) = 25 * ↑m / (4 * ↑(m - 1) ^ 2) / a ^ 2
BorceaVariance.no_normalized_counterexample_large_small_a {n : ℕ} (hn : 100001 ≤ n)
  (Cex : BorceaVariance.NormalizedCounterexample n) (ha1 : Cex.distinguished ≤ 1 / 10) : False
BorceaVariance.normalized_degree_log_bound {n : ℕ} (hn : 2 ≤ n) (Cex : BorceaVariance.NormalizedCounterexample n) :
  2 * Real.log ↑n - 1 < ↑(n - 1) * Cex.distinguished ^ 2
BorceaVariance.log_degree_gt_ten {n : ℕ} (hn : 100001 ≤ n) : 10 < Real.log ↑n
BorceaVariance.normalized_small_a_degree {n : ℕ} (hn : 100001 ≤ n) (Cex : BorceaVariance.NormalizedCounterexample n) :
  19 < ↑(n - 1) * Cex.distinguished ^ 2
BorceaVariance.small_a_real_part_lower {m : ℕ} (hm : 0 < m) {a : ℝ} (ha : 0 ≤ a) (ha1 : a ≤ 1 / 10) (ζ : Fin m → ℂ)
  (hcenter : ∑ j, ζ j = 0) (hfar : ∀ (j : Fin m), 1 < ‖↑a - ζ j‖) (hV : BorceaVariance.secondMoment ζ ≤ 1) :
  9 / 10 * a ≤ (BorceaVariance.mean (BorceaVariance.reciprocalFamily a ζ)).re
BorceaVariance.large_degree_exponential_comparisons :
  Real.exp (3 / 8) < 3 / 2 ∧
    Real.exp (7 / 32) < 19 / 15 ∧ 25 / 19 < Real.exp (9 / 32) ∧ 30 / 17 < Real.exp (5 / 8) ∧ Real.exp (99 / 200) < 5 / 3
BorceaVariance.psi_table_endpoints :
  BorceaVariance.Psi (1 / 2) < 3 / 4 ∧
    BorceaVariance.Psi (3 / 4) < 19 / 20 ∧
      BorceaVariance.Psi (5 / 4) < 19 / 20 ∧ BorceaVariance.Psi (3 / 2) < 17 / 20 ∧ BorceaVariance.Psi (1 / 10) < 1 / 6
BorceaVariance.psi_away_table {a : ℝ} :
  (1 / 10 ≤ a ∧ a ≤ 1 / 2 → BorceaVariance.Psi a < 3 / 4) ∧
    (1 / 2 ≤ a ∧ a ≤ 3 / 4 → BorceaVariance.Psi a < 19 / 20) ∧
      (5 / 4 ≤ a ∧ a ≤ 3 / 2 → BorceaVariance.Psi a < 19 / 20) ∧ (3 / 2 ≤ a ∧ a ≤ 2 → BorceaVariance.Psi a < 17 / 20)
BorceaVariance.exp_neg_hundred_lt : Real.exp (-100) < 1 / 1000
BorceaVariance.exp_neg_small_a_lt : Real.exp (-(38 / 5)) < 1 / 100
BorceaVariance.largeDegreeH_interval_bound {a lo hi K : ℝ} (ha0 : 0 < a) (hlo : 0 ≤ lo) (ha : a ^ 2 ∈ Set.Icc lo hi)
  (hl : 16 * (1 + lo) ^ 4 ≤ K * lo) (hr : 16 * (1 + hi) ^ 4 ≤ K * hi) : BorceaVariance.largeDegreeH a ≤ K
BorceaVariance.largeDegreeH_table {a : ℝ} :
  (1 / 10 ≤ a ∧ a ≤ 1 / 2 → BorceaVariance.largeDegreeH a ≤ 1665) ∧
    (1 / 2 ≤ a ∧ a ≤ 3 / 4 → BorceaVariance.largeDegreeH a ≤ 170) ∧
      (5 / 4 ≤ a ∧ a ≤ 3 / 2 → BorceaVariance.largeDegreeH a ≤ 794) ∧
        (3 / 2 ≤ a ∧ a ≤ 2 → BorceaVariance.largeDegreeH a ≤ 2500)
BorceaVariance.no_normalized_counterexample_large {n : ℕ} (hn : 100001 ≤ n)
  (Cex : BorceaVariance.NormalizedCounterexample n) : False
BorceaVariance.large_degree_main (p : Polynomial ℂ) (hn : 100001 ≤ p.natDegree) (a : ℂ) (ha : Polynomial.eval a p = 0) :
  ∃ z, Polynomial.eval z (Polynomial.derivative p) = 0 ∧ ‖a - z‖ ≤ BorceaVariance.sigma2 p
BorceaVariance.one_sub_le_exp_neg (u : ℝ) : 1 - u ≤ Real.exp (-u)
BorceaVariance.exp_ge_sixth {x : ℝ} (hx : 0 ≤ x) : x ^ 6 / 720 ≤ Real.exp x
BorceaVariance.small_a_final_margin : 1 / 100 + 1 / 6 + 8 / 19 < 1
BorceaVariance.away_table_margins :
  1 / 1000 + 3 / 4 + 5 * 1665 / 100000 < 1 ∧
    1 / 1000 + 19 / 20 + 5 * 170 / 100000 < 1 ∧
      1 / 1000 + 19 / 20 + 5 * 794 / 100000 = 9907 / 10000 ∧
        9907 / 10000 < 1 ∧ 1 / 1000 + 17 / 20 + 5 * 2500 / 100000 < 1
BorceaVariance.central_B_value : 1 - 36 / 625 = 589 / 625
BorceaVariance.near_final_rational_margin : 4 / 100000 + 128 / 300 + 20736 / 10 ^ 15 < 1 / 2
BorceaVariance.polynomial_det_derivative.{u_1} {ι : Type u_1} [Fintype ι] [DecidableEq ι]
  (M : Matrix ι ι (Polynomial ℂ)) :
  Polynomial.derivative M.det = ∑ k, (M.updateCol k fun i => Polynomial.derivative (M i k)).det
BorceaVariance.charpoly_derivative_columns.{u_1} {ι : Type u_1} [Fintype ι] [DecidableEq ι] (A : Matrix ι ι ℂ) :
  Polynomial.derivative A.charpoly = ∑ k, (A.charmatrix.updateCol k fun i => if i = k then 1 else 0).det
BorceaVariance.diagonal_cofactor_charpoly {n : ℕ} (A : Matrix (Fin (n + 1)) (Fin (n + 1)) ℂ) (k : Fin (n + 1)) :
  (A.charmatrix.updateCol k fun i => if i = k then 1 else 0).det = (A.submatrix k.succAbove k.succAbove).charpoly
BorceaVariance.circulant_charmatrix_shift {n : ℕ} (a : Fin (n + 1) → ℂ) (k i j : Fin (n + 1)) :
  (BorceaVariance.circulantMatrix a).charmatrix (k + i) (k + j) = (BorceaVariance.circulantMatrix a).charmatrix i j
BorceaVariance.circulant_diagonal_cofactor_eq {n : ℕ} (a : Fin (n + 1) → ℂ) (k : Fin (n + 1)) :
  ((BorceaVariance.circulantMatrix a).charmatrix.updateCol k fun i => if i = k then 1 else 0).det =
    ((BorceaVariance.circulantMatrix a).charmatrix.updateCol 0 fun i => if i = 0 then 1 else 0).det
BorceaVariance.circulant_charpoly_derivative {n : ℕ} (a : Fin (n + 1) → ℂ) :
  Polynomial.derivative (BorceaVariance.circulantMatrix a).charpoly =
    (↑n + 1) * (BorceaVariance.toeplitzMatrix a).charpoly
BorceaVariance.circulant_row_sum {n : ℕ} (a : Fin (n + 1) → ℂ) (i : Fin (n + 1)) :
  ∑ j, BorceaVariance.circulantMatrix a i j = ∑ j, a j
BorceaVariance.circulant_row_sum_isRoot {n : ℕ} (a : Fin (n + 1) → ℂ) :
  Polynomial.eval (∑ j, a j) (BorceaVariance.circulantMatrix a).charpoly = 0
BorceaVariance.circulant_trace {n : ℕ} (a : Fin (n + 1) → ℂ) : (BorceaVariance.circulantMatrix a).trace = (↑n + 1) * a 0
BorceaVariance.circulant_centroid {n : ℕ} (a : Fin (n + 1) → ℂ) :
  BorceaVariance.centroid (BorceaVariance.circulantMatrix a).charpoly = a 0
BorceaVariance.circulant_frobenius {n : ℕ} (a : Fin (n + 1) → ℂ) :
  BorceaVariance.frobeniusSquare (BorceaVariance.circulantMatrix a) = (↑n + 1) * ∑ j, ‖a j‖ ^ 2
BorceaVariance.circulant_variance_le {n : ℕ} (a : Fin (n + 1) → ℂ) :
  BorceaVariance.variance (BorceaVariance.circulantMatrix a).charpoly ≤ ∑ j, ‖a j.succ‖ ^ 2
BorceaVariance.complex_pair_conjugate_iff_real_line {n : ℕ} (z : Fin n → ℂ) :
  (∀ (i j : Fin n), z i * (starRingEnd ℂ) (z j) = (starRingEnd ℂ) (z i) * z j) ↔ ∃ v t, ∀ (j : Fin n), z j = ↑(t j) * v
BorceaVariance.centered_collinear_iff_real_line {n : ℕ} (hn : 0 < n) (z : Fin n → ℂ) (hcenter : ∑ j, z j = 0) :
  Collinear ℝ (Set.range z) ↔ ∃ v t, ∀ (j : Fin n), z j = ↑(t j) * v
BorceaVariance.centered_collinear_iff_pair_conjugate {n : ℕ} (hn : 0 < n) (z : Fin n → ℂ) (hcenter : ∑ j, z j = 0) :
  Collinear ℝ (Set.range z) ↔ ∀ (i j : Fin n), z i * (starRingEnd ℂ) (z j) = (starRingEnd ℂ) (z i) * z j
BorceaVariance.compression_entry_norm {n : ℕ} (z : Fin n → ℂ) (i j : Fin n) :
  ‖BorceaVariance.centeredCompression z i j‖ ^ 2 =
    (if i = j then ‖z i‖ ^ 2 - 4 * ‖z i‖ ^ 2 / ↑n else 0) + ‖z i + z j‖ ^ 2 / ↑n ^ 2
BorceaVariance.centered_pair_norm_sum {n : ℕ} (z : Fin n → ℂ) (hcenter : ∑ i, z i = 0) (i : Fin n) :
  ∑ j, ‖z i + z j‖ ^ 2 = ↑n * ‖z i‖ ^ 2 + ∑ j, ‖z j‖ ^ 2
BorceaVariance.centered_compression_frobenius {n : ℕ} (hn : 0 < n) (z : Fin n → ℂ) (hcenter : ∑ i, z i = 0) :
  BorceaVariance.frobeniusSquare (BorceaVariance.centeredCompression z) = (↑n - 2) / ↑n * ∑ i, ‖z i‖ ^ 2
BorceaVariance.uniformProjection_row_sum {n : ℕ} (hn : 0 < n) (i : Fin n) :
  ∑ j, BorceaVariance.uniformProjection n i j = 0
BorceaVariance.compression_row_sum {n : ℕ} (hn : 0 < n) (z : Fin n → ℂ) (hcenter : ∑ i, z i = 0) (i : Fin n) :
  ∑ j, BorceaVariance.centeredCompression z i j = 0
BorceaVariance.uniformProjection_idempotent {n : ℕ} (hn : 0 < n) :
  BorceaVariance.uniformProjection n * BorceaVariance.uniformProjection n = BorceaVariance.uniformProjection n
BorceaVariance.centeredCompression_eq_projection_diagonal {n : ℕ} (z : Fin n → ℂ) (hcenter : ∑ i, z i = 0) :
  BorceaVariance.centeredCompression z =
    BorceaVariance.uniformProjection n * Matrix.diagonal z * BorceaVariance.uniformProjection n
BorceaVariance.charpoly_eval_projection_diagonal {n : ℕ} (z : Fin n → ℂ) (x : ℂ) (hx : ∀ (i : Fin n), x - z i ≠ 0) :
  Polynomial.eval x (BorceaVariance.uniformProjection n * Matrix.diagonal z).charpoly =
    (∏ i, (x - z i)) * (1 + ∑ i, z i / ↑n / (x - z i))
BorceaVariance.root_product_derivative_eval {n : ℕ} (z : Fin n → ℂ) (x : ℂ) (hx : ∀ (i : Fin n), x - z i ≠ 0) :
  Polynomial.eval x (Polynomial.derivative (∏ i, (Polynomial.X - Polynomial.C (z i)))) =
    (∏ i, (x - z i)) * ∑ i, (x - z i)⁻¹
BorceaVariance.projection_diagonal_charpoly {n : ℕ} (hn : 0 < n) (z : Fin n → ℂ) :
  (BorceaVariance.uniformProjection n * Matrix.diagonal z).charpoly =
    Polynomial.C (↑n)⁻¹ * Polynomial.X * Polynomial.derivative (∏ i, (Polynomial.X - Polynomial.C (z i)))
BorceaVariance.centered_compression_charpoly {n : ℕ} (hn : 0 < n) (z : Fin n → ℂ) (hz : ∑ i, z i = 0) :
  (BorceaVariance.centeredCompression z).charpoly =
    Polynomial.C (↑n)⁻¹ * Polynomial.X * Polynomial.derivative (∏ i, (Polynomial.X - Polynomial.C (z i)))
BorceaVariance.centered_compression_conjTranspose {n : ℕ} (z : Fin n → ℂ) :
  (BorceaVariance.centeredCompression z).conjTranspose =
    BorceaVariance.centeredCompression fun j => (starRingEnd ℂ) (z j)
BorceaVariance.centered_compression_mul_entry {n : ℕ} (hn : 0 < n) (z w : Fin n → ℂ) (hz : ∑ j, z j = 0)
  (hw : ∑ j, w j = 0) (i j : Fin n) :
  ↑n ^ 2 * (BorceaVariance.centeredCompression z * BorceaVariance.centeredCompression w) i j =
    (if i = j then ↑n ^ 2 * z i * w i else 0) - ↑n * (z i * w i + z j * w j + z i * w j) + ∑ k, z k * w k
BorceaVariance.centered_compression_commutator {n : ℕ} (hn : 0 < n) (z : Fin n → ℂ) (hz : ∑ j, z j = 0) (i j : Fin n) :
  ↑n ^ 2 *
      ((BorceaVariance.centeredCompression z * (BorceaVariance.centeredCompression z).conjTranspose) i j -
        ((BorceaVariance.centeredCompression z).conjTranspose * BorceaVariance.centeredCompression z) i j) =
    -↑n * (z i * (starRingEnd ℂ) (z j) - (starRingEnd ℂ) (z i) * z j)
BorceaVariance.centered_compression_normal_iff_pair {n : ℕ} (hn : 0 < n) (z : Fin n → ℂ) (hz : ∑ j, z j = 0) :
  BorceaVariance.centeredCompression z * (BorceaVariance.centeredCompression z).conjTranspose =
      (BorceaVariance.centeredCompression z).conjTranspose * BorceaVariance.centeredCompression z ↔
    ∀ (i j : Fin n), z i * (starRingEnd ℂ) (z j) = (starRingEnd ℂ) (z i) * z j
BorceaVariance.det_diagonal_add_row {n : ℕ} (d v : Fin n → ℂ) (hd : ∀ (i : Fin n), d i ≠ 0) :
  (Matrix.diagonal d + Matrix.of fun x j => v j).det = (∏ i, d i) * (1 + ∑ i, v i / d i)
BorceaVariance.frobeniusSquare_eq_trace {n : ℕ} (A : Matrix (Fin n) (Fin n) ℂ) :
  BorceaVariance.frobeniusSquare A = (A * A.conjTranspose).trace.re
BorceaVariance.frobeniusSquare_nonneg {n : ℕ} (A : Matrix (Fin n) (Fin n) ℂ) : 0 ≤ BorceaVariance.frobeniusSquare A
BorceaVariance.frobeniusSquare_unitary_similarity {n : ℕ} (A U : Matrix (Fin n) (Fin n) ℂ)
  (hU : U * U.conjTranspose = 1) :
  BorceaVariance.frobeniusSquare (U.conjTranspose * A * U) = BorceaVariance.frobeniusSquare A
BorceaVariance.diagonal_energy_le_frobeniusSquare {n : ℕ} (A : Matrix (Fin n) (Fin n) ℂ) :
  ∑ i, ‖A i i‖ ^ 2 ≤ BorceaVariance.frobeniusSquare A
BorceaVariance.unitary_normal_similarity_iff {n : ℕ} (A U : Matrix (Fin n) (Fin n) ℂ) (hU : U * U.conjTranspose = 1) :
  U.conjTranspose * A * U * (U.conjTranspose * A * U).conjTranspose =
      (U.conjTranspose * A * U).conjTranspose * (U.conjTranspose * A * U) ↔
    A * A.conjTranspose = A.conjTranspose * A
BorceaVariance.first_block_normal_iff {n : ℕ} (A : Matrix (Fin (n + 1)) (Fin (n + 1)) ℂ) (μ : ℂ)
  (hcol : ∀ (i : Fin (n + 1)), A i 0 = if i = 0 then μ else 0)
  (hrow : ∀ (j : Fin (n + 1)), A 0 j = if j = 0 then μ else 0) :
  have B := A.submatrix Fin.succ Fin.succ;
  A * A.conjTranspose = A.conjTranspose * A ↔ B * B.conjTranspose = B.conjTranspose * B
BorceaVariance.first_column_row_of_frobenius_eq {n : ℕ} (A : Matrix (Fin (n + 1)) (Fin (n + 1)) ℂ) (μ : ℂ)
  (hcol : ∀ (i : Fin (n + 1)), A i 0 = if i = 0 then μ else 0)
  (hF : BorceaVariance.frobeniusSquare A = ‖μ‖ ^ 2 + BorceaVariance.frobeniusSquare (A.submatrix Fin.succ Fin.succ))
  (j : Fin (n + 1)) : A 0 j = if j = 0 then μ else 0
BorceaVariance.normal_row_energy_eq_column_energy {n : ℕ} (A : Matrix (Fin n) (Fin n) ℂ)
  (hA : A * A.conjTranspose = A.conjTranspose * A) (i : Fin n) : ∑ j, ‖A i j‖ ^ 2 = ∑ j, ‖A j i‖ ^ 2
BorceaVariance.first_column_normal_row {n : ℕ} (A : Matrix (Fin (n + 1)) (Fin (n + 1)) ℂ) (μ : ℂ)
  (hA : A * A.conjTranspose = A.conjTranspose * A) (hcol : ∀ (i : Fin (n + 1)), A i 0 = if i = 0 then μ else 0)
  (j : Fin (n + 1)) : A 0 j = if j = 0 then μ else 0
BorceaVariance.first_block_frobenius_eq {n : ℕ} (A : Matrix (Fin (n + 1)) (Fin (n + 1)) ℂ) (μ : ℂ)
  (hcol : ∀ (i : Fin (n + 1)), A i 0 = if i = 0 then μ else 0)
  (hrow : ∀ (j : Fin (n + 1)), A 0 j = if j = 0 then μ else 0) :
  BorceaVariance.frobeniusSquare A = ‖μ‖ ^ 2 + BorceaVariance.frobeniusSquare (A.submatrix Fin.succ Fin.succ)
BorceaVariance.first_block_normal {n : ℕ} (A : Matrix (Fin (n + 1)) (Fin (n + 1)) ℂ) (μ : ℂ)
  (hA : A * A.conjTranspose = A.conjTranspose * A) (hcol : ∀ (i : Fin (n + 1)), A i 0 = if i = 0 then μ else 0)
  (hrow : ∀ (j : Fin (n + 1)), A 0 j = if j = 0 then μ else 0) :
  have B := A.submatrix Fin.succ Fin.succ;
  B * B.conjTranspose = B.conjTranspose * B
BorceaVariance.schur_frobenius_bound {n : ℕ} (A : Matrix (Fin n) (Fin n) ℂ) :
  (Multiset.map (fun z => ‖z‖ ^ 2) A.charpoly.roots).sum ≤ BorceaVariance.frobeniusSquare A
BorceaVariance.schur_frobenius_eq_iff_normal {n : ℕ} (A : Matrix (Fin n) (Fin n) ℂ) :
  (Multiset.map (fun z => ‖z‖ ^ 2) A.charpoly.roots).sum = BorceaVariance.frobeniusSquare A ↔
    A * A.conjTranspose = A.conjTranspose * A
BorceaVariance.exists_orthonormal_eigenbasis_first.{u_1} {E : Type u_1} [NormedAddCommGroup E] [InnerProductSpace ℂ E]
  [FiniteDimensional ℂ E] {n : ℕ} (hdim : Module.finrank ℂ E = n + 1) (f : Module.End ℂ E) : ∃ μ b, f (b 0) = μ • b 0
BorceaVariance.eigenbasis_first_column.{u_1} {E : Type u_1} [NormedAddCommGroup E] [InnerProductSpace ℂ E] {n : ℕ}
  (f : Module.End ℂ E) (b : OrthonormalBasis (Fin (n + 1)) ℂ E) (μ : ℂ) (hμ : f (b 0) = μ • b 0) (i : Fin (n + 1)) :
  (LinearMap.toMatrix b.toBasis b.toBasis) f i 0 = if i = 0 then μ else 0
BorceaVariance.orthonormal_change_matrix.{u_1} {E : Type u_1} [NormedAddCommGroup E] [InnerProductSpace ℂ E] {n : ℕ}
  (a b : OrthonormalBasis (Fin n) ℂ E) (f : Module.End ℂ E) :
  (LinearMap.toMatrix b.toBasis b.toBasis) f =
    (a.toBasis.toMatrix ⇑b).conjTranspose * (LinearMap.toMatrix a.toBasis a.toBasis) f * a.toBasis.toMatrix ⇑b
BorceaVariance.first_column_charpoly {n : ℕ} (A : Matrix (Fin (n + 1)) (Fin (n + 1)) ℂ) (μ : ℂ)
  (hcol : ∀ (i : Fin (n + 1)), A i 0 = if i = 0 then μ else 0) :
  A.charpoly = (Polynomial.X - Polynomial.C μ) * (A.submatrix Fin.succ Fin.succ).charpoly
BorceaVariance.first_block_frobenius_le {n : ℕ} (A : Matrix (Fin (n + 1)) (Fin (n + 1)) ℂ) :
  ‖A 0 0‖ ^ 2 + BorceaVariance.frobeniusSquare (A.submatrix Fin.succ Fin.succ) ≤ BorceaVariance.frobeniusSquare A
BorceaVariance.circulant_critical_roots {n : ℕ} (a : Fin (n + 1) → ℂ) :
  (Polynomial.derivative (BorceaVariance.circulantMatrix a).charpoly).roots =
    (BorceaVariance.toeplitzMatrix a).charpoly.roots
BorceaVariance.circulant_critical_iff_toeplitz_root {n : ℕ} (a : Fin (n + 1) → ℂ) (μ : ℂ) :
  Polynomial.eval μ (Polynomial.derivative (BorceaVariance.circulantMatrix a).charpoly) = 0 ↔
    Polynomial.eval μ (BorceaVariance.toeplitzMatrix a).charpoly = 0
BorceaVariance.matrix_root_eigenvector {n : ℕ} (A : Matrix (Fin n) (Fin n) ℂ) (μ : ℂ)
  (hμ : Polynomial.eval μ A.charpoly = 0) : ∃ v, v ≠ 0 ∧ A.mulVec v = μ • v
BorceaVariance.circulant_critical_toeplitz_eigenvector {n : ℕ} (a : Fin (n + 1) → ℂ) (μ : ℂ)
  (hμ : Polynomial.eval μ (Polynomial.derivative (BorceaVariance.circulantMatrix a).charpoly) = 0) :
  ∃ v, v ≠ 0 ∧ (BorceaVariance.toeplitzMatrix a).mulVec v = μ • v
BorceaVariance.circulant_radius_to_squared_bound {n : ℕ} (a : Fin (n + 1) → ℂ) (μ : ℂ)
  (h : ‖∑ k, a k - μ‖ ≤ BorceaVariance.sigma2 (BorceaVariance.circulantMatrix a).charpoly) :
  ‖μ - ∑ k, a k‖ ^ 2 ≤ ∑ j, ‖a j.succ‖ ^ 2
BorceaVariance.main_theorem (p : Polynomial ℂ) (hn : 2 ≤ p.natDegree) (a : ℂ) (ha : Polynomial.eval a p = 0) :
  ∃ z, Polynomial.eval z (Polynomial.derivative p) = 0 ∧ ‖a - z‖ ≤ BorceaVariance.sigma2 p
BorceaVariance.main_statement : BorceaVariance.MainStatement
BorceaVariance.exists_normalizing_scale (w : ℂ) (s : ℝ) (hs : 0 < s) : ∃ b r, b ≠ 0 ∧ 0 ≤ r ∧ ‖b‖ = s ∧ b * ↑r = w
BorceaVariance.normalize_counterexample (p : Polynomial ℂ) (hn : 2 ≤ p.natDegree) (a : ℂ) (ha : Polynomial.eval a p = 0)
  (hfar : ∀ (z : ℂ), Polynomial.eval z (Polynomial.derivative p) = 0 → BorceaVariance.sigma2 p < ‖a - z‖) :
  Nonempty (BorceaVariance.NormalizedCounterexample p.natDegree)
BorceaVariance.normalized_root_factorization {n : ℕ} (Cex : BorceaVariance.NormalizedCounterexample n) :
  ∃ s,
    s.card = n - 1 ∧
      Cex.polynomial.roots = ↑Cex.distinguished ::ₘ s ∧
        Cex.polynomial =
            (Polynomial.X - Polynomial.C ↑Cex.distinguished) *
              (Multiset.map (fun z => Polynomial.X - Polynomial.C z) s).prod ∧
          ↑Cex.distinguished + s.sum = 0 ∧ Cex.distinguished ^ 2 + (Multiset.map (fun z => ‖z‖ ^ 2) s).sum = ↑n
BorceaVariance.phi_succ_mono {m : ℕ} (hm : 0 < m) {a : ℝ} (ha : 0 ≤ a) (hb : 0 ≤ 1 + (1 - a ^ 2) / ↑m) :
  BorceaVariance.Phi m a ≤ BorceaVariance.Phi (m + 1) a
BorceaVariance.phi_base_nonneg_of_degree {m : ℕ} (hm : 0 < m) {a : ℝ} (hdom : a ^ 2 ≤ ↑m) : 0 ≤ 1 + (1 - a ^ 2) / ↑m
BorceaVariance.phi_mono_degree {m k : ℕ} (hm : 0 < m) (hmk : m ≤ k) {a : ℝ} (ha : 0 ≤ a) (hdom : a ^ 2 ≤ ↑m) :
  BorceaVariance.Phi m a ≤ BorceaVariance.Phi k a
BorceaVariance.hasDerivAt_phiSquareKernel {m : ℕ} (hm : 0 < m) (x : ℝ) :
  HasDerivAt (BorceaVariance.phiSquareKernel m) (2 * x * (↑m + 1) / ↑m * (1 - x ^ 2) * (1 + (1 - x ^ 2) / ↑m) ^ (m - 1))
    x
BorceaVariance.phi_mono_before_one {m : ℕ} (hm : 0 < m) {a b : ℝ} (ha : 0 ≤ a) (hab : a ≤ b) (hb : b ≤ 1) :
  BorceaVariance.Phi m a ≤ BorceaVariance.Phi m b
BorceaVariance.phi_antitone_after_one {m : ℕ} (hm : 0 < m) {a b : ℝ} (ha : 1 ≤ a) (hab : a ≤ b) (hb : b ^ 2 ≤ ↑m) :
  BorceaVariance.Phi m b ≤ BorceaVariance.Phi m a
BorceaVariance.eval_affinePullback (p : Polynomial ℂ) (b c z : ℂ) :
  Polynomial.eval z (BorceaVariance.affinePullback p b c) = Polynomial.eval (b * z + c) p
BorceaVariance.natDegree_affinePullback (p : Polynomial ℂ) {b : ℂ} (hb : b ≠ 0) (c : ℂ) :
  (BorceaVariance.affinePullback p b c).natDegree = p.natDegree
BorceaVariance.derivative_affinePullback (p : Polynomial ℂ) (b c : ℂ) :
  Polynomial.derivative (BorceaVariance.affinePullback p b c) =
    Polynomial.C b * BorceaVariance.affinePullback (Polynomial.derivative p) b c
BorceaVariance.roots_affinePullback (p : Polynomial ℂ) {b : ℂ} (hb : b ≠ 0) (c : ℂ) :
  (BorceaVariance.affinePullback p b c).roots = Multiset.map (fun z => (z - c) / b) p.roots
BorceaVariance.critical_roots_affinePullback (p : Polynomial ℂ) {b : ℂ} (hb : b ≠ 0) (c : ℂ) :
  (Polynomial.derivative (BorceaVariance.affinePullback p b c)).roots =
    Multiset.map (fun z => (z - c) / b) (Polynomial.derivative p).roots
BorceaVariance.roots_card (p : Polynomial ℂ) : p.roots.card = p.natDegree
BorceaVariance.multiset_sum_affine (s : Multiset ℂ) (b c : ℂ) :
  (Multiset.map (fun z => (z - c) / b) s).sum = (s.sum - ↑s.card * c) / b
BorceaVariance.centroid_affinePullback (p : Polynomial ℂ) (hn : 0 < p.natDegree) {b : ℂ} (hb : b ≠ 0) (c : ℂ) :
  BorceaVariance.centroid (BorceaVariance.affinePullback p b c) = (BorceaVariance.centroid p - c) / b
BorceaVariance.centroid_C_mul (p : Polynomial ℂ) {c : ℂ} (hc : c ≠ 0) :
  BorceaVariance.centroid (Polynomial.C c * p) = BorceaVariance.centroid p
BorceaVariance.variance_C_mul (p : Polynomial ℂ) {c : ℂ} (hc : c ≠ 0) :
  BorceaVariance.variance (Polynomial.C c * p) = BorceaVariance.variance p
BorceaVariance.sigma2_C_mul (p : Polynomial ℂ) {c : ℂ} (hc : c ≠ 0) :
  BorceaVariance.sigma2 (Polynomial.C c * p) = BorceaVariance.sigma2 p
BorceaVariance.variance_affinePullback (p : Polynomial ℂ) (hn : 0 < p.natDegree) {b : ℂ} (hb : b ≠ 0) (c : ℂ) :
  BorceaVariance.variance (BorceaVariance.affinePullback p b c) = BorceaVariance.variance p / ‖b‖ ^ 2
BorceaVariance.sigma2_affinePullback (p : Polynomial ℂ) (hn : 0 < p.natDegree) {b : ℂ} (hb : b ≠ 0) (c : ℂ) :
  BorceaVariance.sigma2 (BorceaVariance.affinePullback p b c) = BorceaVariance.sigma2 p / ‖b‖
BorceaVariance.actual_critical_family_centered {n : ℕ} (hn : 2 ≤ n) (Cex : BorceaVariance.NormalizedCounterexample n)
  (ζ : Fin (n - 1) → ℂ) (hζ : ↑(List.ofFn ζ) = (Polynomial.derivative Cex.polynomial).roots) : ∑ j, ζ j = 0
BorceaVariance.actual_critical_family_far {n : ℕ} (Cex : BorceaVariance.NormalizedCounterexample n)
  (ζ : Fin (n - 1) → ℂ) (hζ : ↑(List.ofFn ζ) = (Polynomial.derivative Cex.polynomial).roots) (j : Fin (n - 1)) :
  1 < ‖↑Cex.distinguished - ζ j‖
BorceaVariance.normalized_reciprocal_moments {n : ℕ} (hn : 2 ≤ n) (Cex : BorceaVariance.NormalizedCounterexample n)
  (ζ : Fin (n - 1) → ℂ) (hζ : ↑(List.ofFn ζ) = (Polynomial.derivative Cex.polynomial).roots) :
  have a := Cex.distinguished;
  have q := BorceaVariance.reciprocalFamily a ζ;
  have μ := BorceaVariance.mean q;
  have s := BorceaVariance.secondMoment q;
  have v := BorceaVariance.centeredVariance q;
  have V := 1 - 1 / (↑n - 1);
  ‖μ‖ ^ 2 + (1 - V) * (1 - s) ≤ 2 * a * μ.re - a ^ 2 * s ∧
    ‖μ - ↑a‖ ^ 2 ≤ (a ^ 2 + V - 1) * (1 - s) ∧
      ‖1 - ↑a * μ‖ ^ 2 ≤ V * v ∧ 1 ≤ s * (a ^ 2 + V) ∧ BorceaVariance.beta a μ s 1 ≤ (a ^ 2 + V) * v
BorceaVariance.normalized_distinguished_pos {n : ℕ} (hn : 2 ≤ n) (Cex : BorceaVariance.NormalizedCounterexample n) :
  0 < Cex.distinguished
BorceaVariance.hasDerivAt_psi (a : ℝ) : HasDerivAt BorceaVariance.Psi (Real.exp ((1 - a ^ 2) / 2) * (1 - a ^ 2)) a
BorceaVariance.psi_mono_before_one {a b : ℝ} (ha : 0 ≤ a) (hab : a ≤ b) (hb : b ≤ 1) :
  BorceaVariance.Psi a ≤ BorceaVariance.Psi b
BorceaVariance.psi_antitone_after_one {a b : ℝ} (ha : 1 ≤ a) (hab : a ≤ b) : BorceaVariance.Psi b ≤ BorceaVariance.Psi a
BorceaVariance.psi_two_lt : BorceaVariance.Psi 2 < 9 / 20
BorceaVariance.reciprocal_mul {m : ℕ} (a : ℝ) (ζ : Fin m → ℂ) (hne : ∀ (j : Fin m), ↑a - ζ j ≠ 0) (j : Fin m) :
  (↑a - ζ j) * BorceaVariance.reciprocalFamily a ζ j = 1
BorceaVariance.reciprocal_norm_lt_one {m : ℕ} (a : ℝ) (ζ : Fin m → ℂ) (hfar : ∀ (j : Fin m), 1 < ‖↑a - ζ j‖)
  (j : Fin m) : ‖BorceaVariance.reciprocalFamily a ζ j‖ < 1
BorceaVariance.reciprocal_ne_zero {m : ℕ} (a : ℝ) (ζ : Fin m → ℂ) (hne : ∀ (j : Fin m), ↑a - ζ j ≠ 0) (j : Fin m) :
  BorceaVariance.reciprocalFamily a ζ j ≠ 0
BorceaVariance.reciprocal_conjugate_formula {m : ℕ} (a : ℝ) (ζ : Fin m → ℂ) (hne : ∀ (j : Fin m), ↑a - ζ j ≠ 0)
  (j : Fin m) :
  BorceaVariance.reciprocalFamily a ζ j = (↑a - (starRingEnd ℂ) (ζ j)) * ↑(‖BorceaVariance.reciprocalFamily a ζ j‖ ^ 2)
BorceaVariance.reciprocal_product_identity {m : ℕ} (a : ℝ) (ζ : Fin m → ℂ) (hne : ∀ (j : Fin m), ↑a - ζ j ≠ 0)
  (j : Fin m) : ζ j * BorceaVariance.reciprocalFamily a ζ j = ↑a * BorceaVariance.reciprocalFamily a ζ j - 1
BorceaVariance.sum_beta {m : ℕ} (hm : 0 < m) (q : Fin m → ℂ) (a t : ℝ) :
  ∑ j, ‖1 - ↑a * ↑t * q j‖ ^ 2 = ↑m * BorceaVariance.beta a (BorceaVariance.mean q) (BorceaVariance.secondMoment q) t
BorceaVariance.beta_decomposition {m : ℕ} (q : Fin m → ℂ) (a t : ℝ) :
  BorceaVariance.beta a (BorceaVariance.mean q) (BorceaVariance.secondMoment q) t =
    ‖1 - ↑a * ↑t * BorceaVariance.mean q‖ ^ 2 + a ^ 2 * t ^ 2 * BorceaVariance.centeredVariance q
BorceaVariance.beta_nonneg {m : ℕ} (hm : 0 < m) (q : Fin m → ℂ) (a t : ℝ) :
  0 ≤ BorceaVariance.beta a (BorceaVariance.mean q) (BorceaVariance.secondMoment q) t
BorceaVariance.secondMoment_reciprocal_lt_one {m : ℕ} (hm : 0 < m) (a : ℝ) (ζ : Fin m → ℂ)
  (hfar : ∀ (j : Fin m), 1 < ‖↑a - ζ j‖) : BorceaVariance.secondMoment (BorceaVariance.reciprocalFamily a ζ) < 1
BorceaVariance.secondMoment_reciprocal_pos {m : ℕ} (hm : 0 < m) (a : ℝ) (ζ : Fin m → ℂ)
  (hne : ∀ (j : Fin m), ↑a - ζ j ≠ 0) : 0 < BorceaVariance.secondMoment (BorceaVariance.reciprocalFamily a ζ)
BorceaVariance.centered_shift_energy {m : ℕ} (hm : 0 < m) (ζ : Fin m → ℂ) (hcenter : ∑ j, ζ j = 0) (a : ℝ) :
  ∑ j, ‖↑a - ζ j‖ ^ 2 = ↑m * (a ^ 2 + BorceaVariance.secondMoment ζ)
BorceaVariance.reciprocal_weight_sum {m : ℕ} (hm : 0 < m) (a : ℝ) (ζ : Fin m → ℂ) :
  ∑ j, (1 - ‖BorceaVariance.reciprocalFamily a ζ j‖ ^ 2) =
    ↑m * (1 - BorceaVariance.secondMoment (BorceaVariance.reciprocalFamily a ζ))
BorceaVariance.reciprocal_weighted_energy {m : ℕ} (hm : 0 < m) (a : ℝ) (ζ : Fin m → ℂ)
  (hne : ∀ (j : Fin m), ↑a - ζ j ≠ 0) :
  ∑ j, (1 - ‖BorceaVariance.reciprocalFamily a ζ j‖ ^ 2) * ‖(starRingEnd ℂ) (ζ j)‖ ^ 2 =
    ↑m *
      (BorceaVariance.secondMoment ζ -
        BorceaVariance.beta a (BorceaVariance.mean (BorceaVariance.reciprocalFamily a ζ))
          (BorceaVariance.secondMoment (BorceaVariance.reciprocalFamily a ζ)) 1)
BorceaVariance.reciprocal_weighted_identity {m : ℕ} (hm : 0 < m) (a : ℝ) (ζ : Fin m → ℂ) (hcenter : ∑ j, ζ j = 0)
  (hne : ∀ (j : Fin m), ↑a - ζ j ≠ 0) :
  ∑ j, ↑(1 - ‖BorceaVariance.reciprocalFamily a ζ j‖ ^ 2) * (starRingEnd ℂ) (ζ j) =
    ↑m *
      (BorceaVariance.mean (BorceaVariance.reciprocalFamily a ζ) -
        ↑(a * BorceaVariance.secondMoment (BorceaVariance.reciprocalFamily a ζ)))
BorceaVariance.reciprocal_centered_identity {m : ℕ} (hm : 0 < m) (a : ℝ) (ζ : Fin m → ℂ) (hcenter : ∑ j, ζ j = 0)
  (hne : ∀ (j : Fin m), ↑a - ζ j ≠ 0) :
  ∑ j, ζ j * (BorceaVariance.reciprocalFamily a ζ j - BorceaVariance.mean (BorceaVariance.reciprocalFamily a ζ)) =
    ↑m * (↑a * BorceaVariance.mean (BorceaVariance.reciprocalFamily a ζ) - 1)
BorceaVariance.norm_sub_real_sq (z : ℂ) (r : ℝ) : ‖z - ↑r‖ ^ 2 = ‖z‖ ^ 2 - 2 * r * z.re + r ^ 2
BorceaVariance.norm_one_sub_real_mul_sq (a : ℝ) (z : ℂ) : ‖1 - ↑a * z‖ ^ 2 = 1 - 2 * a * z.re + a ^ 2 * ‖z‖ ^ 2
BorceaVariance.reciprocal_weighted_cauchy {m : ℕ} (hm : 0 < m) (a : ℝ) (ζ : Fin m → ℂ) (hcenter : ∑ j, ζ j = 0)
  (hfar : ∀ (j : Fin m), 1 < ‖↑a - ζ j‖) :
  ‖BorceaVariance.mean (BorceaVariance.reciprocalFamily a ζ) -
          ↑(a * BorceaVariance.secondMoment (BorceaVariance.reciprocalFamily a ζ))‖ ^
      2 ≤
    (BorceaVariance.secondMoment ζ -
        BorceaVariance.beta a (BorceaVariance.mean (BorceaVariance.reciprocalFamily a ζ))
          (BorceaVariance.secondMoment (BorceaVariance.reciprocalFamily a ζ)) 1) *
      (1 - BorceaVariance.secondMoment (BorceaVariance.reciprocalFamily a ζ))
BorceaVariance.reciprocal_moment_A {m : ℕ} (hm : 0 < m) (a : ℝ) (ζ : Fin m → ℂ) (hcenter : ∑ j, ζ j = 0)
  (hfar : ∀ (j : Fin m), 1 < ‖↑a - ζ j‖) {V : ℝ} (hV : BorceaVariance.secondMoment ζ ≤ V) :
  2 * a * (BorceaVariance.mean (BorceaVariance.reciprocalFamily a ζ)).re -
      a ^ 2 * BorceaVariance.secondMoment (BorceaVariance.reciprocalFamily a ζ) ≥
    ‖BorceaVariance.mean (BorceaVariance.reciprocalFamily a ζ)‖ ^ 2 +
      (1 - V) * (1 - BorceaVariance.secondMoment (BorceaVariance.reciprocalFamily a ζ))
BorceaVariance.reciprocal_moment_A_distance {m : ℕ} (hm : 0 < m) (a : ℝ) (ζ : Fin m → ℂ) (hcenter : ∑ j, ζ j = 0)
  (hfar : ∀ (j : Fin m), 1 < ‖↑a - ζ j‖) {V : ℝ} (hV : BorceaVariance.secondMoment ζ ≤ V) :
  ‖BorceaVariance.mean (BorceaVariance.reciprocalFamily a ζ) - ↑a‖ ^ 2 ≤
    (a ^ 2 + V - 1) * (1 - BorceaVariance.secondMoment (BorceaVariance.reciprocalFamily a ζ))
BorceaVariance.reciprocal_moment_B {m : ℕ} (hm : 0 < m) (a : ℝ) (ζ : Fin m → ℂ) (hcenter : ∑ j, ζ j = 0)
  (hne : ∀ (j : Fin m), ↑a - ζ j ≠ 0) {V : ℝ} (hV : BorceaVariance.secondMoment ζ ≤ V) :
  ‖1 - ↑a * BorceaVariance.mean (BorceaVariance.reciprocalFamily a ζ)‖ ^ 2 ≤
    V * BorceaVariance.centeredVariance (BorceaVariance.reciprocalFamily a ζ)
BorceaVariance.reciprocal_inverse_moment {m : ℕ} (hm : 0 < m) (a : ℝ) (ζ : Fin m → ℂ) (hcenter : ∑ j, ζ j = 0)
  (hne : ∀ (j : Fin m), ↑a - ζ j ≠ 0) {V : ℝ} (hV : BorceaVariance.secondMoment ζ ≤ V) :
  1 ≤ BorceaVariance.secondMoment (BorceaVariance.reciprocalFamily a ζ) * (a ^ 2 + V)
BorceaVariance.reciprocal_moment_endpoint {m : ℕ} (hm : 0 < m) (a : ℝ) (ζ : Fin m → ℂ) (hcenter : ∑ j, ζ j = 0)
  (hne : ∀ (j : Fin m), ↑a - ζ j ≠ 0) {V : ℝ} (hV : BorceaVariance.secondMoment ζ ≤ V) :
  BorceaVariance.beta a (BorceaVariance.mean (BorceaVariance.reciprocalFamily a ζ))
      (BorceaVariance.secondMoment (BorceaVariance.reciprocalFamily a ζ)) 1 ≤
    (a ^ 2 + V) * BorceaVariance.centeredVariance (BorceaVariance.reciprocalFamily a ζ)
BorceaVariance.reciprocal_moments {m : ℕ} (hm : 0 < m) (a : ℝ) (ζ : Fin m → ℂ) (hcenter : ∑ j, ζ j = 0)
  (hfar : ∀ (j : Fin m), 1 < ‖↑a - ζ j‖) {V : ℝ} (hV : BorceaVariance.secondMoment ζ ≤ V) :
  have q := BorceaVariance.reciprocalFamily a ζ;
  have μ := BorceaVariance.mean q;
  have s := BorceaVariance.secondMoment q;
  have v := BorceaVariance.centeredVariance q;
  ‖μ‖ ^ 2 + (1 - V) * (1 - s) ≤ 2 * a * μ.re - a ^ 2 * s ∧
    ‖μ - ↑a‖ ^ 2 ≤ (a ^ 2 + V - 1) * (1 - s) ∧
      ‖1 - ↑a * μ‖ ^ 2 ≤ V * v ∧ 1 ≤ s * (a ^ 2 + V) ∧ BorceaVariance.beta a μ s 1 ≤ (a ^ 2 + V) * v
BorceaVariance.normalized_degree_bound {n : ℕ} (hn : 2 ≤ n) (Cex : BorceaVariance.NormalizedCounterexample n) :
  Cex.distinguished ^ 2 ≤ ↑n - 1
BorceaVariance.schoenberg_centered_monic (p : Polynomial ℂ) (hp : p.Monic) (hn : 2 ≤ p.natDegree)
  (hcenter : p.roots.sum = 0) :
  (Multiset.map (fun z => ‖z‖ ^ 2) (Polynomial.derivative p).roots).sum ≤
    (↑p.natDegree - 2) / ↑p.natDegree * (Multiset.map (fun z => ‖z‖ ^ 2) p.roots).sum
BorceaVariance.schoenberg_centered (p : Polynomial ℂ) (hn : 2 ≤ p.natDegree) (hcenter : p.roots.sum = 0) :
  (Multiset.map (fun z => ‖z‖ ^ 2) (Polynomial.derivative p).roots).sum ≤
    (↑p.natDegree - 2) / ↑p.natDegree * (Multiset.map (fun z => ‖z‖ ^ 2) p.roots).sum
BorceaVariance.normalized_critical_energy_bound {n : ℕ} (hn : 2 ≤ n) (Cex : BorceaVariance.NormalizedCounterexample n) :
  (Multiset.map (fun z => ‖z‖ ^ 2) (Polynomial.derivative Cex.polynomial).roots).sum ≤ ↑n - 2
BorceaVariance.normalized_critical_secondMoment_bound {n : ℕ} (hn : 2 ≤ n)
  (Cex : BorceaVariance.NormalizedCounterexample n) (ζ : Fin (n - 1) → ℂ)
  (hζ : ↑(List.ofFn ζ) = (Polynomial.derivative Cex.polynomial).roots) :
  BorceaVariance.secondMoment ζ ≤ 1 - 1 / (↑n - 1)
BorceaVariance.schoenberg_centered_monic_equality (p : Polynomial ℂ) (hp : p.Monic) (hn : 2 ≤ p.natDegree)
  (hcenter : p.roots.sum = 0) :
  (Multiset.map (fun z => ‖z‖ ^ 2) (Polynomial.derivative p).roots).sum =
      (↑p.natDegree - 2) / ↑p.natDegree * (Multiset.map (fun z => ‖z‖ ^ 2) p.roots).sum ↔
    Collinear ℝ {z | Polynomial.eval z p = 0}
BorceaVariance.schoenberg_centered_equality (p : Polynomial ℂ) (hn : 2 ≤ p.natDegree) (hcenter : p.roots.sum = 0) :
  (Multiset.map (fun z => ‖z‖ ^ 2) (Polynomial.derivative p).roots).sum =
      (↑p.natDegree - 2) / ↑p.natDegree * (Multiset.map (fun z => ‖z‖ ^ 2) p.roots).sum ↔
    Collinear ℝ {z | Polynomial.eval z p = 0}
BorceaVariance.sharpPolynomial_degree {n : ℕ} (hn : 0 < n) : (BorceaVariance.sharpPolynomial n).natDegree = n
BorceaVariance.sharpPolynomial_root_norm {n : ℕ} (hn : 0 < n) {z : ℂ}
  (hz : Polynomial.eval z (BorceaVariance.sharpPolynomial n) = 0) : ‖z‖ = 1
BorceaVariance.sharpPolynomial_centroid {n : ℕ} (hn : 2 ≤ n) :
  BorceaVariance.centroid (BorceaVariance.sharpPolynomial n) = 0
BorceaVariance.sharpPolynomial_sigma2 {n : ℕ} (hn : 2 ≤ n) :
  BorceaVariance.sigma2 (BorceaVariance.sharpPolynomial n) = 1
BorceaVariance.sharpPolynomial_critical_iff {n : ℕ} (hn : 2 ≤ n) (z : ℂ) :
  Polynomial.eval z (Polynomial.derivative (BorceaVariance.sharpPolynomial n)) = 0 ↔ z = 0
BorceaVariance.sharpness_family {n : ℕ} (hn : 2 ≤ n) :
  (BorceaVariance.sharpPolynomial n).natDegree = n ∧
    BorceaVariance.centroid (BorceaVariance.sharpPolynomial n) = 0 ∧
      BorceaVariance.sigma2 (BorceaVariance.sharpPolynomial n) = 1 ∧
        (∀ (z : ℂ), Polynomial.eval z (Polynomial.derivative (BorceaVariance.sharpPolynomial n)) = 0 ↔ z = 0) ∧
          ∀ (a : ℂ), Polynomial.eval a (BorceaVariance.sharpPolynomial n) = 0 → ‖a - 0‖ = 1
BorceaVariance.constant_one_sharp {c : ℝ} (hc : c < 1) :
  ∃ p,
    2 ≤ p.natDegree ∧
      Polynomial.eval 1 p = 0 ∧
        ∀ (z : ℂ), Polynomial.eval z (Polynomial.derivative p) = 0 → c * BorceaVariance.sigma2 p < ‖1 - z‖
BorceaVariance.iterated_derivative_leadingCoeff (p : Polynomial ℂ) (hp : p.Monic) {k : ℕ} (hk : k ≤ p.natDegree) :
  ((⇑Polynomial.derivative)^[p.natDegree - k] p).leadingCoeff = ↑(p.natDegree.descFactorial (p.natDegree - k))
BorceaVariance.iterated_derivative_root_product (p : Polynomial ℂ) (hp : p.Monic) {k : ℕ} (hk : k ≤ p.natDegree) :
  ‖p.roots.esymm k‖ = ↑(p.natDegree.choose k) * ‖((⇑Polynomial.derivative)^[p.natDegree - k] p).roots.prod‖
BorceaVariance.polynomial_root_energy_nonneg (p : Polynomial ℂ) : 0 ≤ (Multiset.map (fun z => ‖z‖ ^ 2) p.roots).sum
BorceaVariance.centered_polynomial_esymm_bound (p : Polynomial ℂ) (hp : p.Monic) (hcenter : p.roots.sum = 0) {k : ℕ}
  (hk : 2 ≤ k) (hkd : k ≤ p.natDegree) :
  ‖p.roots.esymm k‖ ≤
    ↑(p.natDegree.choose k) *
      ((↑k - 1) / (↑p.natDegree * (↑p.natDegree - 1)) * (Multiset.map (fun z => ‖z‖ ^ 2) p.roots).sum) ^ (↑k / 2)
BorceaVariance.centered_family_esymm_bound {m : ℕ} (w : Fin m → ℂ) (hcenter : ∑ j, w j = 0) {k : ℕ} (hk : 2 ≤ k)
  (hkm : k ≤ m) :
  ‖BorceaVariance.elementarySymmetric w k‖ ≤
    ↑(m.choose k) * ((↑k - 1) / (↑m - 1) * BorceaVariance.secondMoment w) ^ (↑k / 2)
BorceaVariance.centered_coefficients {m : ℕ} (q : Fin m → ℂ) {k : ℕ} (hk : 2 ≤ k) (hkm : k ≤ m) :
  ‖BorceaVariance.elementarySymmetric (fun j => q j - BorceaVariance.mean q) k‖ ≤
    ↑(m.choose k) * ((↑k - 1) / (↑m - 1) * BorceaVariance.centeredVariance q) ^ (↑k / 2)
BorceaVariance.centered_error_coefficient_bound {m : ℕ} (hm : 0 < m) (q : Fin m → ℂ) {a d t : ℝ} (ha : 0 ≤ a)
  (hd : ‖1 - ↑a * BorceaVariance.mean q‖ ≤ d) (ht : 0 ≤ t) (ht1 : t ≤ 1) :
  ‖BorceaVariance.centeredError q a t‖ ≤
    ∑ k ∈ Finset.Ico 2 (m + 1),
      a ^ k * ‖BorceaVariance.elementarySymmetric (fun j => q j - BorceaVariance.mean q) k‖ *
        (t ^ k * (1 - t + d * t) ^ (m - k))
BorceaVariance.centered_error_integral_coefficient_bound {m : ℕ} (hm : 0 < m) (q : Fin m → ℂ) {a d : ℝ} (ha : 0 ≤ a)
  (hd : ‖1 - ↑a * BorceaVariance.mean q‖ ≤ d) :
  ‖∫ (t : ℝ) in 0..1, BorceaVariance.centeredError q a t‖ ≤
    ∑ k ∈ Finset.Ico 2 (m + 1),
      a ^ k * ‖BorceaVariance.elementarySymmetric (fun j => q j - BorceaVariance.mean q) k‖ *
        BorceaVariance.integralPolynomial k (m - k) d
BorceaVariance.pow_mul_half_rpow {a b : ℝ} (ha : 0 ≤ a) (hb : 0 ≤ b) (k : ℕ) :
  a ^ k * b ^ (↑k / 2) = (a ^ 2 * b) ^ (↑k / 2)
BorceaVariance.coefficient_error_integral_bound {m : ℕ} (hm : 0 < m) (q : Fin m → ℂ) {a d : ℝ} (ha : 0 ≤ a)
  (hd : ‖1 - ↑a * BorceaVariance.mean q‖ ≤ d) :
  (↑m + 1) * ‖∫ (t : ℝ) in 0..1, BorceaVariance.centeredError q a t‖ ≤
    ∑ k ∈ Finset.Ico 2 (m + 1),
      (a ^ 2 * BorceaVariance.centeredVariance q * (↑k - 1) / (↑m - 1)) ^ (↑k / 2) *
        BorceaVariance.integralPowerSum k (m - k) d
BorceaVariance.tail_coefficient_bound {m : ℕ} (K : ℕ) (q : Fin m → ℂ) {a d t : ℝ} (ha : 0 ≤ a)
  (hd : ‖1 - ↑a * BorceaVariance.mean q‖ ≤ d) (ht : 0 ≤ t) (ht1 : t ≤ 1) :
  ‖BorceaVariance.centeredTail q a K t‖ ≤
    ∑ k ∈ Finset.Ico K (m + 1),
      a ^ k * ‖BorceaVariance.elementarySymmetric (fun j => q j - BorceaVariance.mean q) k‖ *
        (t ^ k * (1 - t + d * t) ^ (m - k))
BorceaVariance.tail_integral_coefficient_bound {m : ℕ} (K : ℕ) (q : Fin m → ℂ) {a d : ℝ} (ha : 0 ≤ a)
  (hd : ‖1 - ↑a * BorceaVariance.mean q‖ ≤ d) :
  ‖∫ (t : ℝ) in 0..1, BorceaVariance.centeredTail q a K t‖ ≤
    ∑ k ∈ Finset.Ico K (m + 1),
      a ^ k * ‖BorceaVariance.elementarySymmetric (fun j => q j - BorceaVariance.mean q) k‖ *
        BorceaVariance.integralPolynomial k (m - k) d
BorceaVariance.coefficient_tail_integral_bound {m : ℕ} (hm : 0 < m) {K : ℕ} (hK : 2 ≤ K) (q : Fin m → ℂ) {a d : ℝ}
  (ha : 0 ≤ a) (hd : ‖1 - ↑a * BorceaVariance.mean q‖ ≤ d) :
  (↑m + 1) * ‖∫ (t : ℝ) in 0..1, BorceaVariance.centeredTail q a K t‖ ≤
    ∑ k ∈ Finset.Ico K (m + 1),
      (a ^ 2 * BorceaVariance.centeredVariance q * (↑k - 1) / (↑m - 1)) ^ (↑k / 2) *
        BorceaVariance.integralPowerSum k (m - k) d
BorceaVariance.center_integral_norm_test {m : ℕ} (q : Fin m → ℂ) {a : ℝ} (ha : 0 ≤ a) (J : ℂ)
  (horigin : ↑(m + 1) * ∫ (t : ℝ) in 0..1, BorceaVariance.originProduct q a t = (-1) ^ m * J) {Cbound d : ℝ}
  (hC : ‖↑a * BorceaVariance.mean q * J‖ ≤ Cbound) (hd : ‖1 - ↑a * BorceaVariance.mean q‖ ≤ d) :
  1 ≤
    Cbound + d ^ (m + 1) +
      (↑m + 1) * a * ‖BorceaVariance.mean q‖ * ‖∫ (t : ℝ) in 0..1, BorceaVariance.centeredError q a t‖
BorceaVariance.coefficient_integral_test {m : ℕ} (hm : 0 < m) (q : Fin m → ℂ) {a : ℝ} (ha : 0 ≤ a) (J : ℂ)
  (horigin : ↑(m + 1) * ∫ (t : ℝ) in 0..1, BorceaVariance.originProduct q a t = (-1) ^ m * J) {Cbound d : ℝ}
  (hC : ‖↑a * BorceaVariance.mean q * J‖ ≤ Cbound) (hd : ‖1 - ↑a * BorceaVariance.mean q‖ ≤ d) :
  1 ≤
    Cbound + d ^ (m + 1) +
      a * ‖BorceaVariance.mean q‖ *
        ∑ k ∈ Finset.Ico 2 (m + 1),
          (a ^ 2 * BorceaVariance.centeredVariance q * (↑k - 1) / (↑m - 1)) ^ (↑k / 2) *
            BorceaVariance.integralPowerSum k (m - k) d
BorceaVariance.normalized_coefficient_integral_test {n : ℕ} (hn : 2 ≤ n)
  (Cex : BorceaVariance.NormalizedCounterexample n) (z ζ : Fin (n - 1) → ℂ)
  (hz : Cex.polynomial = (Polynomial.X - Polynomial.C ↑Cex.distinguished) * ∏ j, (Polynomial.X - Polynomial.C (z j)))
  (hζ : ↑(List.ofFn ζ) = (Polynomial.derivative Cex.polynomial).roots) {Cbound d : ℝ}
  (hC :
    ‖↑Cex.distinguished * BorceaVariance.mean (BorceaVariance.reciprocalFamily Cex.distinguished ζ) *
          BorceaVariance.jointProduct z (BorceaVariance.reciprocalFamily Cex.distinguished ζ)‖ ≤
      Cbound)
  (hd : ‖1 - ↑Cex.distinguished * BorceaVariance.mean (BorceaVariance.reciprocalFamily Cex.distinguished ζ)‖ ≤ d) :
  have q := BorceaVariance.reciprocalFamily Cex.distinguished ζ;
  1 ≤
    Cbound + d ^ n +
      Cex.distinguished * ‖BorceaVariance.mean q‖ *
        ∑ k ∈ Finset.Ico 2 n,
          (Cex.distinguished ^ 2 * BorceaVariance.centeredVariance q * (↑k - 1) / (↑n - 2)) ^ (↑k / 2) *
            BorceaVariance.integralPowerSum k (n - 1 - k) d
BorceaVariance.convex_pair_sum_upper {ell a b x y : ℝ} {f : ℝ → ℝ} (hf : ConvexOn ℝ (Set.Icc 0 ell) f)
  (ha : a ∈ Set.Icc 0 ell) (hb : b ∈ Set.Icc 0 ell) (hax : a ≤ x) (hxb : x ≤ b) (hsum : x + y = a + b) :
  f x + f y ≤ f a + f b
BorceaVariance.convex_packing_exists {ell : ℝ} (hell : 0 < ell) {f : ℝ → ℝ} (hf : ConvexOn ℝ (Set.Icc 0 ell) f)
  (hf0 : f 0 = 0) (s : Multiset ℝ) (hs : ∀ x ∈ s, x ∈ Set.Icc 0 ell) :
  ∃ k, ∃ r ∈ Set.Icc 0 ell, s.sum = ↑k * ell + r ∧ (Multiset.map f s).sum ≤ ↑k * f ell + f r
BorceaVariance.convex_packing_zero {ell r : ℝ} (hell : 0 < ell) {f : ℝ → ℝ} (hf : ConvexOn ℝ (Set.Icc 0 ell) f)
  (hf0 : f 0 = 0) (hmono : MonotoneOn f (Set.Icc 0 ell)) (s : Multiset ℝ) (hs : ∀ x ∈ s, x ∈ Set.Icc 0 ell) (k : ℕ)
  (hr : r ∈ Set.Icc 0 ell) (hsum : s.sum ≤ ↑k * ell + r) : (Multiset.map f s).sum ≤ ↑k * f ell + f r
BorceaVariance.convex_packing {ell r : ℝ} (hell : 0 < ell) {f : ℝ → ℝ} (hf : ConvexOn ℝ (Set.Icc 0 ell) f)
  (hmono : MonotoneOn f (Set.Icc 0 ell)) (s : Multiset ℝ) (hs : ∀ x ∈ s, x ∈ Set.Icc 0 ell) (k : ℕ)
  (hr : r ∈ Set.Icc 0 ell) (hsum : s.sum ≤ ↑k * ell + r) :
  (Multiset.map f s).sum ≤ ↑k * f ell + f r + (↑s.card - ↑k - 1) * f 0
BorceaVariance.no_normalized_counterexample_cubic (Cex : BorceaVariance.NormalizedCounterexample 3) : False
BorceaVariance.cubic_main (p : Polynomial ℂ) (hn : p.natDegree = 3) (a : ℂ) (ha : Polynomial.eval a p = 0) :
  ∃ z, Polynomial.eval z (Polynomial.derivative p) = 0 ∧ ‖a - z‖ ≤ BorceaVariance.sigma2 p
BorceaVariance.complex_quadratic_norm_identity (a w : ℂ) :
  ‖4 * w ^ 2 - a ^ 2‖ ^ 2 = (‖a‖ ^ 2 + 4 * ‖w‖ ^ 2) ^ 2 - 16 * (a * (starRingEnd ℂ) w).re ^ 2
BorceaVariance.choose_signed_critical_point (a w : ℂ) :
  ∃ z, (z = w ∨ z = -w) ∧ ‖a - z‖ ^ 2 = ‖a‖ ^ 2 + ‖w‖ ^ 2 - 2 * |(a * (starRingEnd ℂ) w).re|
BorceaVariance.cubic_two_point_bound (a w : ℂ) :
  ∃ z, (z = w ∨ z = -w) ∧ ‖a - z‖ ^ 2 ≤ (‖a‖ ^ 2 + ‖4 * w ^ 2 - a ^ 2‖) / 2
BorceaVariance.normalized_root_distances_ne_zero {n : ℕ} (Cex : BorceaVariance.NormalizedCounterexample n)
  (z : Fin (n - 1) → ℂ)
  (hz : Cex.polynomial = (Polynomial.X - Polynomial.C ↑Cex.distinguished) * ∏ j, (Polynomial.X - Polynomial.C (z j)))
  (j : Fin (n - 1)) : ↑Cex.distinguished - z j ≠ 0
BorceaVariance.normalized_critical_logderivative {n : ℕ} (Cex : BorceaVariance.NormalizedCounterexample n)
  (ζ : Fin (n - 1) → ℂ) (hζ : ↑(List.ofFn ζ) = (Polynomial.derivative Cex.polynomial).roots) :
  Polynomial.eval (↑Cex.distinguished) (Polynomial.derivative (Polynomial.derivative Cex.polynomial)) =
    Polynomial.eval (↑Cex.distinguished) (Polynomial.derivative Cex.polynomial) *
      ∑ j, BorceaVariance.reciprocalFamily Cex.distinguished ζ j
BorceaVariance.normalized_inverse_root_sum {n : ℕ} (Cex : BorceaVariance.NormalizedCounterexample n)
  (z ζ : Fin (n - 1) → ℂ)
  (hz : Cex.polynomial = (Polynomial.X - Polynomial.C ↑Cex.distinguished) * ∏ j, (Polynomial.X - Polynomial.C (z j)))
  (hζ : ↑(List.ofFn ζ) = (Polynomial.derivative Cex.polynomial).roots) :
  2 * ∑ j, (↑Cex.distinguished - z j)⁻¹ = ∑ j, BorceaVariance.reciprocalFamily Cex.distinguished ζ j
BorceaVariance.normalized_inverse_root_mean {n : ℕ} (hn : 2 ≤ n) (Cex : BorceaVariance.NormalizedCounterexample n)
  (z ζ : Fin (n - 1) → ℂ)
  (hz : Cex.polynomial = (Polynomial.X - Polynomial.C ↑Cex.distinguished) * ∏ j, (Polynomial.X - Polynomial.C (z j)))
  (hζ : ↑(List.ofFn ζ) = (Polynomial.derivative Cex.polynomial).roots) :
  (BorceaVariance.mean fun j => (↑Cex.distinguished - z j)⁻¹) =
    BorceaVariance.mean (BorceaVariance.reciprocalFamily Cex.distinguished ζ) / 2
BorceaVariance.complex_natDegree_iterate_derivative (p : Polynomial ℂ) (k : ℕ) :
  ((⇑Polynomial.derivative)^[k] p).natDegree = p.natDegree - k
BorceaVariance.iterated_critical_root_sum_zero (p : Polynomial ℂ) (k : ℕ) (hdegree : k + 1 ≤ p.natDegree)
  (hcenter : p.roots.sum = 0) : ((⇑Polynomial.derivative)^[k] p).roots.sum = 0
BorceaVariance.iterated_schoenberg (p : Polynomial ℂ) (k : ℕ) (hdegree : k + 2 ≤ p.natDegree)
  (hcenter : p.roots.sum = 0) :
  (Multiset.map (fun z => ‖z‖ ^ 2) ((⇑Polynomial.derivative)^[k] p).roots).sum ≤
    (↑p.natDegree - ↑k) * (↑p.natDegree - ↑k - 1) / (↑p.natDegree * (↑p.natDegree - 1)) *
      (Multiset.map (fun z => ‖z‖ ^ 2) p.roots).sum
BorceaVariance.packing_power_interval_exists {m : ℕ} (hm : 2 ≤ m) {η s L : ℝ} (hη : 0 < η) (hηs : η < s) (hL1 : L ≤ 1)
  (hkernel : BorceaVariance.packingKernel m s η < L) : ∃ k < m, η ^ (k + 1) ≤ L ∧ L ≤ η ^ k
BorceaVariance.packing_residual_bounds {η L : ℝ} (hη : 0 < η) (k : ℕ) (hlow : η ^ (k + 1) ≤ L) (hhigh : L ≤ η ^ k) :
  η ≤ L / η ^ k ∧ L / η ^ k ≤ 1
BorceaVariance.logarithmic_convex_packing {m : ℕ} (u : Fin m → ℝ) {η L : ℝ} (hη : 0 < η) (hη1 : η < 1)
  (hu : ∀ (j : Fin m), η ≤ u j ∧ u j ≤ 1) (hL : 0 < L) (hprod : L ≤ ∏ j, u j) (k : ℕ) (hlow : η ^ (k + 1) ≤ L)
  (hhigh : L ≤ η ^ k) {f : ℝ → ℝ} (hf : ConvexOn ℝ (Set.Icc 0 (-Real.log η)) f)
  (hmono : MonotoneOn f (Set.Icc 0 (-Real.log η))) :
  ∑ j, f (-Real.log (u j)) ≤ ↑k * f (-Real.log η) + f (-Real.log (L / η ^ k)) + (↑m - ↑k - 1) * f 0
BorceaVariance.hasDerivAt_logLossKernel {s u : ℝ} (hs : 0 < s) (hu : 0 < u) :
  HasDerivAt (BorceaVariance.logLossKernel s) ((u - 1) * (u - s) / (s * u)) u
BorceaVariance.log_loss {s u : ℝ} (hs : 0 < s) (hs1 : s ≤ 1) (hu : 0 < u) (hu1 : u ≤ 1) :
  Real.log u ≤ Real.log s + (u - s) / s - (u - s) ^ 2 / (2 * s)
BorceaVariance.finite_log_loss {m : ℕ} (u : Fin m → ℝ) {s : ℝ} (hpos : ∀ (j : Fin m), 0 < u j)
  (hle : ∀ (j : Fin m), u j ≤ 1) (hs : 0 < s) (hs1 : s ≤ 1) (hsum : ∑ j, u j = ↑m * s) :
  Real.log (∏ j, u j) ≤ ↑m * Real.log s - (∑ j, (u j - s) ^ 2) / (2 * s)
BorceaVariance.finite_product_radial_loss {m : ℕ} (u : Fin m → ℝ) {s : ℝ} (hpos : ∀ (j : Fin m), 0 < u j)
  (hle : ∀ (j : Fin m), u j ≤ 1) (hs : 0 < s) (hs1 : s ≤ 1) (hsum : ∑ j, u j = ↑m * s) :
  ∏ j, u j ≤ s ^ m * Real.exp ((-∑ j, (u j - s) ^ 2) / (2 * s))
BorceaVariance.near_final_impossible {δ : ℝ} (hδ : 0 < δ) (hδmax : δ ≤ 1 / 100000)
  (h : 1 ≤ 1 - δ + 4 * δ ^ 2 + 128 * δ * √δ + (12 * δ) ^ 4) : False
BorceaVariance.no_normalized_counterexample_near_uniform {n : ℕ} (hn : 4 ≤ n) (hn13 : n ≤ 13)
  (Cex : BorceaVariance.NormalizedCounterexample n) (ζ : Fin (n - 1) → ℂ)
  (hζ : ↑(List.ofFn ζ) = (Polynomial.derivative Cex.polynomial).roots)
  (hr : 99999 / 100000 ≤ ‖BorceaVariance.mean (BorceaVariance.reciprocalFamily Cex.distinguished ζ)‖) : False
BorceaVariance.near_mean_variance_bounds {m : ℕ} (hm : 0 < m) (q : Fin m → ℂ) (hs : BorceaVariance.secondMoment q < 1)
  (hr : 99999 / 100000 ≤ ‖BorceaVariance.mean q‖) :
  0 < 1 - ‖BorceaVariance.mean q‖ ∧
    1 - ‖BorceaVariance.mean q‖ ≤ 1 / 100000 ∧
      0 ≤ 1 - BorceaVariance.secondMoment q ∧
        1 - BorceaVariance.secondMoment q ≤ 2 * (1 - ‖BorceaVariance.mean q‖) ∧
          BorceaVariance.centeredVariance q ≤ 2 * (1 - ‖BorceaVariance.mean q‖)
BorceaVariance.near_radial_distance {m : ℕ} (hm : 0 < m) (hm12 : m ≤ 12) (a : ℝ) (ζ : Fin m → ℂ)
  (hcenter : ∑ j, ζ j = 0) (hfar : ∀ (j : Fin m), 1 < ‖↑a - ζ j‖)
  (hr : 99999 / 100000 ≤ ‖BorceaVariance.mean (BorceaVariance.reciprocalFamily a ζ)‖) :
  ‖↑a - BorceaVariance.mean (BorceaVariance.reciprocalFamily a ζ)‖ ≤
    21 / 10 * (1 - ‖BorceaVariance.mean (BorceaVariance.reciprocalFamily a ζ)‖)
BorceaVariance.near_complex_controls {a : ℝ} (ha : 0 ≤ a) {μ : ℂ} (hr : 99999 / 100000 ≤ ‖μ‖) (hr1 : ‖μ‖ < 1)
  (hnear : ‖↑a - μ‖ ≤ 21 / 10 * (1 - ‖μ‖)) :
  (1 - 4 * (1 - ‖μ‖) ≤ a ∧ a ≤ 1 + 2 * (1 - ‖μ‖)) ∧
    a ^ 2 < 2 ∧ ‖μ / ↑‖μ‖ - 1‖ ≤ 5 * (1 - ‖μ‖) ∧ ‖1 - ↑a * μ‖ ≤ 12 * (1 - ‖μ‖)
BorceaVariance.integralPowerSum_zero (k p : ℕ) : BorceaVariance.integralPowerSum k p 0 = 1
BorceaVariance.quadraticKernel_one {m : ℕ} (hm : 2 ≤ m) : BorceaVariance.quadraticKernel m 1 = ↑(2 / (↑m * (↑m - 1)))
BorceaVariance.near_kernel_integrand {z : ℂ} {d t : ℝ} (hd : ‖1 - z‖ ≤ d) (hd1 : d ≤ 1) (ht : 0 ≤ t) (ht1 : t ≤ 1)
  (p : ℕ) : ‖z * (1 - z * ↑t) ^ p - (1 - ↑t) ^ p‖ ≤ d * (1 + ↑p * t)
BorceaVariance.quadraticKernel_near_one (m : ℕ) {z : ℂ} {d : ℝ} (hd : ‖1 - z‖ ≤ d) (hd1 : d ≤ 1) :
  ‖BorceaVariance.quadraticKernel m z - BorceaVariance.quadraticKernel m 1‖ ≤ (↑m + 1) * d * (1 / 3 + ↑(m - 2) / 4)
BorceaVariance.integralPowerSum_mono (k p : ℕ) {d e : ℝ} (hd : 0 ≤ d) (hde : d ≤ e) :
  BorceaVariance.integralPowerSum k p d ≤ BorceaVariance.integralPowerSum k p e
BorceaVariance.integralPowerSum_nonneg (k p : ℕ) {d : ℝ} (hd : 0 ≤ d) : 0 ≤ BorceaVariance.integralPowerSum k p d
BorceaVariance.near_integralPowerSum {m k : ℕ} (hm : 3 ≤ m) (hm12 : m ≤ 12) (hk : 3 ≤ k) (hkm : k ≤ m) {δ : ℝ}
  (hδ : 0 ≤ δ) (hδmax : δ ≤ 1 / 100000) : BorceaVariance.integralPowerSum k (m - k) (12 * δ) < 2
BorceaVariance.near_kernel_one_bounds {m : ℕ} (hm : 3 ≤ m) (hm12 : m ≤ 12) :
  1 / 66 ≤ 2 / (↑m * (↑m - 1)) ∧ 2 / (↑m * (↑m - 1)) ≤ 1 / 3
BorceaVariance.near_kernel_phase_bound {m : ℕ} (hm : 3 ≤ m) (hm12 : m ≤ 12) {δ : ℝ} (hδ : 0 ≤ δ)
  (hδmax : δ ≤ 1 / 100000) {u z : ℂ} (hu : ‖u‖ = 1) (hphase : ‖u - 1‖ ≤ 5 * δ) (hz : ‖1 - z‖ ≤ 12 * δ) :
  ‖u ^ 2 * BorceaVariance.quadraticKernel m z - ↑(2 / (↑m * (↑m - 1)))‖ ≤ 450 * δ
BorceaVariance.near_quadratic_lower {m : ℕ} (hm : 3 ≤ m) (hm12 : m ≤ 12) (q : Fin m → ℂ)
  (hμ : BorceaVariance.mean q ≠ 0) (hunit : ∀ (j : Fin m), ‖q j‖ ≤ 1) {a δ : ℝ} (hδ : 0 ≤ δ) (hδmax : δ ≤ 1 / 100000)
  (hδeq : δ = 1 - ‖BorceaVariance.mean q‖) (hphase : ‖BorceaVariance.meanPhase q - 1‖ ≤ 5 * δ)
  (hz : ‖1 - ↑a * BorceaVariance.mean q‖ ≤ 12 * δ) :
  -2 * δ ^ 2 ≤
    (BorceaVariance.elementarySymmetric (fun j => q j - BorceaVariance.mean q) 2 *
        BorceaVariance.quadraticKernel m (↑a * BorceaVariance.mean q)).re
BorceaVariance.rpow_half_le_of_sq {b τ : ℝ} (hb : 0 ≤ b) (hτ : 0 ≤ τ) (hbound : b ≤ τ ^ 2) (k : ℕ) :
  b ^ (↑k / 2) ≤ τ ^ k
BorceaVariance.near_tau_bounds {a v δ : ℝ} (ha : 0 ≤ a) (ha2 : a ^ 2 ≤ 2) (hv : 0 ≤ v) (hvδ : v ≤ 2 * δ) (hδ : 0 ≤ δ)
  (hδmax : δ ≤ 1 / 100000) : 0 ≤ a * √v ∧ a * √v ≤ 1 / 100 ∧ (a * √v) ^ 3 ≤ 8 * δ * √δ
BorceaVariance.near_geometric_tail {m : ℕ} (hm : 3 ≤ m) (hm12 : m ≤ 12) {τ : ℝ} (hτ : 0 ≤ τ) (hτmax : τ ≤ 1 / 100) :
  4 * ∑ k ∈ Finset.Ico 3 (m + 1), τ ^ k ≤ 5 * τ ^ 3
BorceaVariance.near_coefficient_sum {m : ℕ} (hm : 3 ≤ m) (hm12 : m ≤ 12) {a r v δ : ℝ} (ha : 0 ≤ a) (har : a * r ≤ 2)
  (har0 : 0 ≤ a * r) (ha2 : a ^ 2 ≤ 2) (hv : 0 ≤ v) (hvδ : v ≤ 2 * δ) (hδ : 0 ≤ δ) (hδmax : δ ≤ 1 / 100000) :
  a * r *
      ∑ k ∈ Finset.Ico 3 (m + 1),
        (a ^ 2 * v * (↑k - 1) / (↑m - 1)) ^ (↑k / 2) * BorceaVariance.integralPowerSum k (m - k) (12 * δ) ≤
    40 * δ * √δ
BorceaVariance.near_tail_integral {m : ℕ} (hm : 3 ≤ m) (hm12 : m ≤ 12) (q : Fin m → ℂ) {a δ : ℝ} (ha : 0 ≤ a)
  (ha2 : a ^ 2 ≤ 2) (har : a * ‖BorceaVariance.mean q‖ ≤ 2) (hvδ : BorceaVariance.centeredVariance q ≤ 2 * δ)
  (hδ : 0 ≤ δ) (hδmax : δ ≤ 1 / 100000) (hd : ‖1 - ↑a * BorceaVariance.mean q‖ ≤ 12 * δ) :
  (↑m + 1) * a * ‖BorceaVariance.mean q‖ * ‖∫ (t : ℝ) in 0..1, BorceaVariance.centeredTail q a 3 t‖ ≤ 40 * δ * √δ
BorceaVariance.reciprocal_packing_pointwise {m : ℕ} (hm : 2 ≤ m) (a : ℝ) (ζ : Fin m → ℂ) {s η L : ℝ} (hη : 0 < η)
  (hηs : η < s) (hs : BorceaVariance.secondMoment (BorceaVariance.reciprocalFamily a ζ) ≤ s)
  (hprod : L ≤ ∏ j, ‖BorceaVariance.reciprocalFamily a ζ j‖ ^ 2) (hkernel : BorceaVariance.packingKernel m s η < L)
  (j : Fin m) : η < ‖BorceaVariance.reciprocalFamily a ζ j‖ ^ 2
BorceaVariance.finite_packing_distance_sum {m : ℕ} (q : Fin m → ℂ) {η L : ℝ} (hη : 0 < η) (hη1 : η < 1)
  (hunit : ∀ (j : Fin m), ‖q j‖ ≤ 1) (hlower : ∀ (j : Fin m), η ≤ ‖q j‖ ^ 2) (hL : 0 < L) (hprod : L ≤ ∏ j, ‖q j‖ ^ 2)
  (k : ℕ) (hlow : η ^ (k + 1) ≤ L) (hhigh : L ≤ η ^ k) :
  ∑ j, ‖(q j)⁻¹ - (starRingEnd ℂ) (q j)‖ ≤ ↑k * (1 - η) / √η + (1 - L / η ^ k) / √(L / η ^ k)
BorceaVariance.finite_packing_inverse_sum {m : ℕ} (q : Fin m → ℂ) {η L : ℝ} (hη : 0 < η) (hη1 : η < 1)
  (hunit : ∀ (j : Fin m), ‖q j‖ ≤ 1) (hlower : ∀ (j : Fin m), η ≤ ‖q j‖ ^ 2) (hL : 0 < L) (hprod : L ≤ ∏ j, ‖q j‖ ^ 2)
  (k : ℕ) (hlow : η ^ (k + 1) ≤ L) (hhigh : L ≤ η ^ k) : ∑ j, ‖(q j)⁻¹‖ ^ 2 ≤ ↑k / η + 1 / (L / η ^ k) + ↑m - ↑k - 1
BorceaVariance.reciprocal_packing_distance {m : ℕ} (hm : 0 < m) (a : ℝ) (ζ : Fin m → ℂ) (hcenter : ∑ j, ζ j = 0)
  (hfar : ∀ (j : Fin m), 1 < ‖↑a - ζ j‖) {η L : ℝ} (hη : 0 < η) (hη1 : η < 1)
  (hlower : ∀ (j : Fin m), η ≤ ‖BorceaVariance.reciprocalFamily a ζ j‖ ^ 2) (hL : 0 < L)
  (hprod : L ≤ ∏ j, ‖BorceaVariance.reciprocalFamily a ζ j‖ ^ 2) (k : ℕ) (hlow : η ^ (k + 1) ≤ L) (hhigh : L ≤ η ^ k) :
  ↑m * ‖↑a - BorceaVariance.mean (BorceaVariance.reciprocalFamily a ζ)‖ ≤
    ↑k * (1 - η) / √η + (1 - L / η ^ k) / √(L / η ^ k)
BorceaVariance.reciprocal_packing_variance {m : ℕ} (hm : 0 < m) (a : ℝ) (ζ : Fin m → ℂ) (hcenter : ∑ j, ζ j = 0)
  (hfar : ∀ (j : Fin m), 1 < ‖↑a - ζ j‖) {η L : ℝ} (hη : 0 < η) (hη1 : η < 1)
  (hlower : ∀ (j : Fin m), η ≤ ‖BorceaVariance.reciprocalFamily a ζ j‖ ^ 2) (hL : 0 < L)
  (hprod : L ≤ ∏ j, ‖BorceaVariance.reciprocalFamily a ζ j‖ ^ 2) (k : ℕ) (hlow : η ^ (k + 1) ≤ L) (hhigh : L ≤ η ^ k) :
  BorceaVariance.secondMoment ζ ≤ (↑k / η + 1 / (L / η ^ k) + ↑m - ↑k - 1) / ↑m - a ^ 2
BorceaVariance.reciprocal_packing {m : ℕ} (hm : 2 ≤ m) (a : ℝ) (ζ : Fin m → ℂ) (hcenter : ∑ j, ζ j = 0)
  (hfar : ∀ (j : Fin m), 1 < ‖↑a - ζ j‖) {s η L : ℝ} (hη : 0 < η) (hηs : η < s) (hs1 : s ≤ 1)
  (hs : BorceaVariance.secondMoment (BorceaVariance.reciprocalFamily a ζ) ≤ s) (hL : 0 < L)
  (hprod : L ≤ ∏ j, ‖BorceaVariance.reciprocalFamily a ζ j‖ ^ 2) (hkernel : BorceaVariance.packingKernel m s η < L)
  (k : ℕ) (hlow : η ^ (k + 1) ≤ L) (hhigh : L ≤ η ^ k) :
  (∀ (j : Fin m), η < ‖BorceaVariance.reciprocalFamily a ζ j‖ ^ 2) ∧
    ↑m * ‖↑a - BorceaVariance.mean (BorceaVariance.reciprocalFamily a ζ)‖ ≤
        ↑k * (1 - η) / √η + (1 - L / η ^ k) / √(L / η ^ k) ∧
      BorceaVariance.secondMoment ζ ≤ (↑k / η + 1 / (L / η ^ k) + ↑m - ↑k - 1) / ↑m - a ^ 2
BorceaVariance.hasDerivAt_packingDefect (t : ℝ) : HasDerivAt BorceaVariance.packingDefect (Real.cosh (t / 2)) t
BorceaVariance.hasDerivAt_packingDefect_deriv (t : ℝ) :
  HasDerivAt (fun x => Real.cosh (x / 2)) (Real.sinh (t / 2) / 2) t
BorceaVariance.packingDefect_convex (ell : ℝ) : ConvexOn ℝ (Set.Icc 0 ell) BorceaVariance.packingDefect
BorceaVariance.packingDefect_monotone : Monotone BorceaVariance.packingDefect
BorceaVariance.packingDefect_neg_log {u : ℝ} (hu : 0 < u) : BorceaVariance.packingDefect (-Real.log u) = (1 - u) / √u
BorceaVariance.packing_exp_neg_log {u : ℝ} (hu : 0 < u) : Real.exp (-Real.log u) = u⁻¹
BorceaVariance.hasDerivAt_packingKernel {m : ℕ} (hm : 2 ≤ m) (s x : ℝ) :
  HasDerivAt (BorceaVariance.packingKernel m s) (↑m * (s - x) / (↑m - 1) * ((↑m * s - x) / (↑m - 1)) ^ (m - 2)) x
BorceaVariance.packingKernel_monotone {m : ℕ} (hm : 2 ≤ m) {s : ℝ} (hs : 0 ≤ s) :
  MonotoneOn (BorceaVariance.packingKernel m s) (Set.Icc 0 s)
BorceaVariance.packing_product_upper {m : ℕ} (hm : 2 ≤ m) (u : Fin m → ℝ) (hu : ∀ (j : Fin m), 0 ≤ u j) {s : ℝ}
  (hsum : ∑ j, u j ≤ ↑m * s) (j : Fin m) : ∏ i, u i ≤ BorceaVariance.packingKernel m s (u j)
BorceaVariance.packing_pointwise_lower {m : ℕ} (hm : 2 ≤ m) (u : Fin m → ℝ) (hu : ∀ (j : Fin m), 0 ≤ u j) {s η L : ℝ}
  (hη : 0 < η) (hηs : η < s) (hsum : ∑ j, u j ≤ ↑m * s) (hprod : L ≤ ∏ j, u j)
  (hkernel : BorceaVariance.packingKernel m s η < L) (j : Fin m) : η < u j
BorceaVariance.meanPhase_scale {m : ℕ} (q : Fin m → ℂ) (hμ : BorceaVariance.mean q ≠ 0) (a : ℝ) :
  ↑(a * ‖BorceaVariance.mean q‖) * BorceaVariance.meanPhase q = ↑a * BorceaVariance.mean q
BorceaVariance.mean_phase_integral_bound {m : ℕ} (q : Fin m → ℂ) (hμ : BorceaVariance.mean q ≠ 0) {a d ε : ℝ}
  (ha : 0 ≤ a) (hh1 : a * ‖BorceaVariance.mean q‖ ≤ 1) (hd : ‖1 - ↑a * BorceaVariance.mean q‖ ≤ d)
  (hε : ‖BorceaVariance.meanPhase q - 1‖ ≤ ε) :
  ‖BorceaVariance.meanPhase q ^ 2 * BorceaVariance.quadraticKernel m (↑a * BorceaVariance.mean q) -
        ↑(BorceaVariance.realQuadraticKernel m (a * ‖BorceaVariance.mean q‖))‖ ≤
    BorceaVariance.phaseError m (a * ‖BorceaVariance.mean q‖) d ε
BorceaVariance.quadratic_phase_signed_lower {m : ℕ} (hm : 0 < m) (q : Fin m → ℂ) (hμ : BorceaVariance.mean q ≠ 0)
  {a d ε Kmin L : ℝ} (ha : 0 ≤ a) (hh1 : a * ‖BorceaVariance.mean q‖ ≤ 1) (hd : ‖1 - ↑a * BorceaVariance.mean q‖ ≤ d)
  (hε : ‖BorceaVariance.meanPhase q - 1‖ ≤ ε)
  (hK : Kmin ≤ BorceaVariance.realQuadraticKernel m (a * ‖BorceaVariance.mean q‖)) (hK0 : 0 ≤ Kmin)
  (hL :
    L ≤ (BorceaVariance.elementarySymmetric (fun j => BorceaVariance.rotateToMean q j - ↑‖BorceaVariance.mean q‖) 2).re)
  (hL0 : 0 ≤ L) :
  Kmin * L -
      ↑m / 2 * BorceaVariance.centeredVariance q * BorceaVariance.phaseError m (a * ‖BorceaVariance.mean q‖) d ε ≤
    (BorceaVariance.elementarySymmetric (fun j => q j - BorceaVariance.mean q) 2 *
        BorceaVariance.quadraticKernel m (↑a * BorceaVariance.mean q)).re
BorceaVariance.signed_coefficient_integral_test {m : ℕ} (hm : 2 ≤ m) (q : Fin m → ℂ) (hμ : BorceaVariance.mean q ≠ 0)
  {a d ε Kmin L Cbound : ℝ} (ha : 0 ≤ a) (hh1 : a * ‖BorceaVariance.mean q‖ ≤ 1)
  (hd : ‖1 - ↑a * BorceaVariance.mean q‖ ≤ d) (hε : ‖BorceaVariance.meanPhase q - 1‖ ≤ ε)
  (hK : Kmin ≤ BorceaVariance.realQuadraticKernel m (a * ‖BorceaVariance.mean q‖)) (hK0 : 0 ≤ Kmin)
  (hL :
    L ≤ (BorceaVariance.elementarySymmetric (fun j => BorceaVariance.rotateToMean q j - ↑‖BorceaVariance.mean q‖) 2).re)
  (hL0 : 0 ≤ L) (J : ℂ) (horigin : ↑(m + 1) * ∫ (t : ℝ) in 0..1, BorceaVariance.originProduct q a t = (-1) ^ m * J)
  (hC : ‖↑a * BorceaVariance.mean q * J‖ ≤ Cbound) :
  1 ≤
    Cbound + d ^ (m + 1) - a ^ 2 * Kmin * L +
        ↑m * a ^ 2 * BorceaVariance.centeredVariance q / 2 *
          BorceaVariance.phaseError m (a * ‖BorceaVariance.mean q‖) d ε +
      a * ‖BorceaVariance.mean q‖ *
        ∑ k ∈ Finset.Ico 3 (m + 1),
          (a ^ 2 * BorceaVariance.centeredVariance q * (↑k - 1) / (↑m - 1)) ^ (↑k / 2) *
            BorceaVariance.integralPowerSum k (m - k) d
BorceaVariance.normalized_signed_coefficient_test {n : ℕ} (hn : 4 ≤ n) (Cex : BorceaVariance.NormalizedCounterexample n)
  (z ζ : Fin (n - 1) → ℂ)
  (hz : Cex.polynomial = (Polynomial.X - Polynomial.C ↑Cex.distinguished) * ∏ j, (Polynomial.X - Polynomial.C (z j)))
  (hζ : ↑(List.ofFn ζ) = (Polynomial.derivative Cex.polynomial).roots) {d ε Kmin L Cbound : ℝ}
  (hh : 0 < Cex.distinguished * ‖BorceaVariance.mean (BorceaVariance.reciprocalFamily Cex.distinguished ζ)‖)
  (hh1 : Cex.distinguished * ‖BorceaVariance.mean (BorceaVariance.reciprocalFamily Cex.distinguished ζ)‖ ≤ 1)
  (hd : ‖1 - ↑Cex.distinguished * BorceaVariance.mean (BorceaVariance.reciprocalFamily Cex.distinguished ζ)‖ ≤ d)
  (hε : ‖BorceaVariance.meanPhase (BorceaVariance.reciprocalFamily Cex.distinguished ζ) - 1‖ ≤ ε)
  (hK :
    Kmin ≤
      BorceaVariance.realQuadraticKernel (n - 1)
        (Cex.distinguished * ‖BorceaVariance.mean (BorceaVariance.reciprocalFamily Cex.distinguished ζ)‖))
  (hK0 : 0 ≤ Kmin)
  (hL :
    L ≤
      (BorceaVariance.elementarySymmetric
          (fun j =>
            BorceaVariance.rotateToMean (BorceaVariance.reciprocalFamily Cex.distinguished ζ) j -
              ↑‖BorceaVariance.mean (BorceaVariance.reciprocalFamily Cex.distinguished ζ)‖)
          2).re)
  (hL0 : 0 < L)
  (hC :
    ‖↑Cex.distinguished * BorceaVariance.mean (BorceaVariance.reciprocalFamily Cex.distinguished ζ) *
          BorceaVariance.jointProduct z (BorceaVariance.reciprocalFamily Cex.distinguished ζ)‖ ≤
      Cbound) :
  have q := BorceaVariance.reciprocalFamily Cex.distinguished ζ;
  1 ≤
    Cbound + d ^ n - Cex.distinguished ^ 2 * Kmin * L +
        (↑n - 1) * Cex.distinguished ^ 2 * BorceaVariance.centeredVariance q / 2 *
          BorceaVariance.phaseError (n - 1) (Cex.distinguished * ‖BorceaVariance.mean q‖) d ε +
      Cex.distinguished * ‖BorceaVariance.mean q‖ *
        ∑ k ∈ Finset.Ico 3 n,
          (Cex.distinguished ^ 2 * BorceaVariance.centeredVariance q * (↑k - 1) / (↑n - 2)) ^ (↑k / 2) *
            BorceaVariance.integralPowerSum k (n - 1 - k) d
BorceaVariance.complex_pow_difference_bound (A B : ℂ) {R : ℝ} (hA : ‖A‖ ≤ R) (hB : ‖B‖ ≤ R) (p : ℕ) :
  ‖A ^ p - B ^ p‖ ≤ ↑p * ‖A - B‖ * R ^ (p - 1)
BorceaVariance.unit_cube_difference_bound {u : ℂ} (hu : ‖u‖ = 1) : ‖u ^ 3 - 1‖ ≤ 3 * ‖u - 1‖
BorceaVariance.phase_integrand_bound {u : ℂ} (hu : ‖u‖ = 1) {h d ε t : ℝ} (hh : 0 ≤ h) (hh1 : h ≤ 1)
  (hd : ‖1 - ↑h * u‖ ≤ d) (hε : ‖u - 1‖ ≤ ε) (ht : 0 ≤ t) (ht1 : t ≤ 1) (p : ℕ) :
  ‖u ^ 3 * (1 - ↑h * u * ↑t) ^ p - (1 - ↑h * ↑t) ^ p‖ ≤
    ε * (3 * (1 - t + d * t) ^ p + ↑p * h * t * (1 - t + d * t) ^ (p - 1))
BorceaVariance.quadraticKernel_real (m : ℕ) (h : ℝ) :
  BorceaVariance.quadraticKernel m ↑h = ↑(BorceaVariance.realQuadraticKernel m h)
BorceaVariance.realQuadraticKernel_nonneg (m : ℕ) {h : ℝ} (hh : 0 ≤ h) (hh1 : h ≤ 1) :
  0 ≤ BorceaVariance.realQuadraticKernel m h
BorceaVariance.phase_integral_bound (m : ℕ) {u : ℂ} (hu : ‖u‖ = 1) {h d ε : ℝ} (hh : 0 ≤ h) (hh1 : h ≤ 1)
  (hd : ‖1 - ↑h * u‖ ≤ d) (hε : ‖u - 1‖ ≤ ε) :
  ‖u ^ 2 * BorceaVariance.quadraticKernel m (↑h * u) - BorceaVariance.quadraticKernel m ↑h‖ ≤
    (↑m + 1) * h * ε *
      (3 * BorceaVariance.integralPolynomial 2 (m - 2) d + ↑(m - 2) * h * BorceaVariance.integralPolynomial 3 (m - 3) d)
BorceaVariance.elementarySymmetric_zero {m : ℕ} (w : Fin m → ℂ) : BorceaVariance.elementarySymmetric w 0 = 1
BorceaVariance.elementarySymmetric_one {m : ℕ} (w : Fin m → ℂ) : BorceaVariance.elementarySymmetric w 1 = ∑ j, w j
BorceaVariance.elementarySymmetric_mul {m : ℕ} (w : Fin m → ℂ) (c : ℂ) (k : ℕ) :
  BorceaVariance.elementarySymmetric (fun j => c * w j) k = c ^ k * BorceaVariance.elementarySymmetric w k
BorceaVariance.finite_product_expansion {m : ℕ} (w : Fin m → ℂ) (D c : ℂ) :
  ∏ j, (D + c * w j) = ∑ k ∈ Finset.range (m + 1), c ^ k * BorceaVariance.elementarySymmetric w k * D ^ (m - k)
BorceaVariance.centered_product_expansion {m : ℕ} (hm : 0 < m) (w : Fin m → ℂ) (hcenter : ∑ j, w j = 0) (D c : ℂ) :
  ∏ j, (D + c * w j) = D ^ m + ∑ k ∈ Finset.Ico 2 (m + 1), c ^ k * BorceaVariance.elementarySymmetric w k * D ^ (m - k)
BorceaVariance.origin_centered_product_expansion {m : ℕ} (hm : 0 < m) (q : Fin m → ℂ) (a t : ℝ) :
  BorceaVariance.centeredError q a t =
    ∑ k ∈ Finset.Ico 2 (m + 1),
      (-↑a * ↑t) ^ k * BorceaVariance.elementarySymmetric (fun j => q j - BorceaVariance.mean q) k *
        (1 - ↑a * BorceaVariance.mean q * ↑t) ^ (m - k)
BorceaVariance.center_linear_factor_bound {z : ℂ} {d t : ℝ} (hd : ‖1 - z‖ ≤ d) (ht : 0 ≤ t) (ht1 : t ≤ 1) :
  ‖1 - z * ↑t‖ ≤ 1 - t + d * t
BorceaVariance.quadratic_main (p : Polynomial ℂ) (hn : p.natDegree = 2) (a : ℂ) (ha : Polynomial.eval a p = 0) :
  ∃ z, Polynomial.eval z (Polynomial.derivative p) = 0 ∧ ‖a - z‖ ≤ BorceaVariance.sigma2 p
BorceaVariance.elementarySymmetric_two_identity {m : ℕ} (w : Fin m → ℂ) :
  2 * BorceaVariance.elementarySymmetric w 2 = (∑ j, w j) ^ 2 - ∑ j, w j ^ 2
BorceaVariance.centered_elementarySymmetric_two {m : ℕ} (w : Fin m → ℂ) (hcenter : ∑ j, w j = 0) :
  BorceaVariance.elementarySymmetric w 2 = (-∑ j, w j ^ 2) / 2
BorceaVariance.centered_elementarySymmetric_two_real {m : ℕ} (w : Fin m → ℂ) (hcenter : ∑ j, w j = 0) :
  (BorceaVariance.elementarySymmetric w 2).re = (∑ j, ‖w j‖ ^ 2) / 2 - ∑ j, (w j).re ^ 2
BorceaVariance.rotateToMean_centered {m : ℕ} (q : Fin m → ℂ) (hμ : BorceaVariance.mean q ≠ 0) (j : Fin m) :
  BorceaVariance.rotateToMean q j - ↑‖BorceaVariance.mean q‖ =
    ↑‖BorceaVariance.mean q‖ / BorceaVariance.mean q * (q j - BorceaVariance.mean q)
BorceaVariance.rotated_centered_energy {m : ℕ} (hm : 0 < m) (q : Fin m → ℂ) (hμ : BorceaVariance.mean q ≠ 0) :
  ∑ j, ‖BorceaVariance.rotateToMean q j - ↑‖BorceaVariance.mean q‖‖ ^ 2 = ↑m * BorceaVariance.centeredVariance q
BorceaVariance.rotated_quadratic_real {m : ℕ} (hm : 0 < m) (q : Fin m → ℂ) (hμ : BorceaVariance.mean q ≠ 0) :
  (BorceaVariance.elementarySymmetric (fun j => BorceaVariance.rotateToMean q j - ↑‖BorceaVariance.mean q‖) 2).re =
    ↑m / 2 * BorceaVariance.centeredVariance q -
      ↑m * BorceaVariance.realCoordinateVariance (BorceaVariance.rotateToMean q) ‖BorceaVariance.mean q‖
BorceaVariance.meanPhase_norm {m : ℕ} (q : Fin m → ℂ) (hμ : BorceaVariance.mean q ≠ 0) :
  ‖BorceaVariance.meanPhase q‖ = 1
BorceaVariance.meanPhase_centered {m : ℕ} (q : Fin m → ℂ) (hμ : BorceaVariance.mean q ≠ 0) (j : Fin m) :
  q j - BorceaVariance.mean q =
    BorceaVariance.meanPhase q * (BorceaVariance.rotateToMean q j - ↑‖BorceaVariance.mean q‖)
BorceaVariance.elementarySymmetric_meanPhase {m : ℕ} (q : Fin m → ℂ) (hμ : BorceaVariance.mean q ≠ 0) (k : ℕ) :
  BorceaVariance.elementarySymmetric (fun j => q j - BorceaVariance.mean q) k =
    BorceaVariance.meanPhase q ^ k *
      BorceaVariance.elementarySymmetric (fun j => BorceaVariance.rotateToMean q j - ↑‖BorceaVariance.mean q‖) k
BorceaVariance.centered_quadratic_norm {m : ℕ} (w : Fin m → ℂ) (hcenter : ∑ j, w j = 0) :
  ‖BorceaVariance.elementarySymmetric w 2‖ ≤ (∑ j, ‖w j‖ ^ 2) / 2
BorceaVariance.rotated_quadratic_norm {m : ℕ} (hm : 0 < m) (q : Fin m → ℂ) (hμ : BorceaVariance.mean q ≠ 0) :
  ‖BorceaVariance.elementarySymmetric (fun j => BorceaVariance.rotateToMean q j - ↑‖BorceaVariance.mean q‖) 2‖ ≤
    ↑m / 2 * BorceaVariance.centeredVariance q
BorceaVariance.real_product_perturbation_lower (e z : ℂ) {r E : ℝ} (hE : ‖z - ↑r‖ ≤ E) : r * e.re - ‖e‖ * E ≤ (e * z).re
BorceaVariance.quadratic_signed_lower (e u K : ℂ) {Kreal Kmin L E R : ℝ} (hphase : ‖u ^ 2 * K - ↑Kreal‖ ≤ E)
  (hK : Kmin ≤ Kreal) (hK0 : 0 ≤ Kmin) (hL : L ≤ e.re) (hL0 : 0 ≤ L) (hnorm : ‖e‖ ≤ R) :
  Kmin * L - R * E ≤ (u ^ 2 * e * K).re
BorceaVariance.centered_error_quadratic_split {m : ℕ} (hm : 2 ≤ m) (q : Fin m → ℂ) (a t : ℝ) :
  BorceaVariance.centeredError q a t =
    ↑a ^ 2 * BorceaVariance.elementarySymmetric (fun j => q j - BorceaVariance.mean q) 2 *
        (↑t ^ 2 * (1 - ↑a * BorceaVariance.mean q * ↑t) ^ (m - 2)) +
      BorceaVariance.centeredTail q a 3 t
BorceaVariance.centered_error_quadratic_integral {m : ℕ} (hm : 2 ≤ m) (q : Fin m → ℂ) (a : ℝ) :
  ↑(m + 1) * ↑a * BorceaVariance.mean q * ∫ (t : ℝ) in 0..1, BorceaVariance.centeredError q a t =
    ↑a ^ 2 * BorceaVariance.elementarySymmetric (fun j => q j - BorceaVariance.mean q) 2 *
        BorceaVariance.quadraticKernel m (↑a * BorceaVariance.mean q) +
      ↑(m + 1) * ↑a * BorceaVariance.mean q * ∫ (t : ℝ) in 0..1, BorceaVariance.centeredTail q a 3 t
BorceaVariance.signed_center_identity {m : ℕ} (hm : 2 ≤ m) (q : Fin m → ℂ) (a : ℝ) (J : ℂ)
  (horigin : ↑(m + 1) * ∫ (t : ℝ) in 0..1, BorceaVariance.originProduct q a t = (-1) ^ m * J) :
  (-1) ^ m * ↑a * BorceaVariance.mean q * J + (1 - ↑a * BorceaVariance.mean q) ^ (m + 1) -
        ↑a ^ 2 * BorceaVariance.elementarySymmetric (fun j => q j - BorceaVariance.mean q) 2 *
          BorceaVariance.quadraticKernel m (↑a * BorceaVariance.mean q) -
      ↑(m + 1) * ↑a * BorceaVariance.mean q * ∫ (t : ℝ) in 0..1, BorceaVariance.centeredTail q a 3 t =
    1
BorceaVariance.signed_integral_norm_test {m : ℕ} (hm : 2 ≤ m) (q : Fin m → ℂ) {a : ℝ} (ha : 0 ≤ a) (J : ℂ)
  (horigin : ↑(m + 1) * ∫ (t : ℝ) in 0..1, BorceaVariance.originProduct q a t = (-1) ^ m * J) {Cbound d Qlower : ℝ}
  (hC : ‖↑a * BorceaVariance.mean q * J‖ ≤ Cbound) (hd : ‖1 - ↑a * BorceaVariance.mean q‖ ≤ d)
  (hQ :
    Qlower ≤
      (BorceaVariance.elementarySymmetric (fun j => q j - BorceaVariance.mean q) 2 *
          BorceaVariance.quadraticKernel m (↑a * BorceaVariance.mean q)).re) :
  1 ≤
    Cbound + d ^ (m + 1) - a ^ 2 * Qlower +
      (↑m + 1) * a * ‖BorceaVariance.mean q‖ * ‖∫ (t : ℝ) in 0..1, BorceaVariance.centeredTail q a 3 t‖
BorceaVariance.no_normalized_counterexample_four (Cex : BorceaVariance.NormalizedCounterexample 4) : False
BorceaVariance.quartic_main (p : Polynomial ℂ) (hn : p.natDegree = 4) (a : ℂ) (ha : Polynomial.eval a p = 0) :
  ∃ z, Polynomial.eval z (Polynomial.derivative p) = 0 ∧ ‖a - z‖ ≤ BorceaVariance.sigma2 p
BorceaVariance.inverse_conjugate_eq_defect_mul_inv {z : ℂ} (hz : z ≠ 0) : z⁻¹ - (starRingEnd ℂ) z = ↑(1 - ‖z‖ ^ 2) * z⁻¹
BorceaVariance.reciprocal_inverse_error_norm {m : ℕ} (hm : 0 < m) (a : ℝ) (ζ : Fin m → ℂ) (hcenter : ∑ j, ζ j = 0) :
  ‖∑ j, ((BorceaVariance.reciprocalFamily a ζ j)⁻¹ - (starRingEnd ℂ) (BorceaVariance.reciprocalFamily a ζ j))‖ =
    ↑m * ‖↑a - BorceaVariance.mean (BorceaVariance.reciprocalFamily a ζ)‖
BorceaVariance.reciprocal_sq_lower {m : ℕ} (hm : 0 < m) (a : ℝ) (ζ : Fin m → ℂ) (hfar : ∀ (j : Fin m), 1 < ‖↑a - ζ j‖)
  (j : Fin m) :
  1 - ↑m * (1 - BorceaVariance.secondMoment (BorceaVariance.reciprocalFamily a ζ)) ≤
    ‖BorceaVariance.reciprocalFamily a ζ j‖ ^ 2
BorceaVariance.finite_radial_mean_bound {m : ℕ} (hm : 0 < m) (a : ℝ) (ζ : Fin m → ℂ) (hcenter : ∑ j, ζ j = 0)
  (hfar : ∀ (j : Fin m), 1 < ‖↑a - ζ j‖)
  (hsmall : ↑m * (1 - BorceaVariance.secondMoment (BorceaVariance.reciprocalFamily a ζ)) < 1) :
  ‖↑a - BorceaVariance.mean (BorceaVariance.reciprocalFamily a ζ)‖ ^ 2 ≤
    (1 - BorceaVariance.secondMoment (BorceaVariance.reciprocalFamily a ζ)) ^ 2 /
      (1 - ↑m * (1 - BorceaVariance.secondMoment (BorceaVariance.reciprocalFamily a ζ)))
BorceaVariance.finite_radial_variance_bound {m : ℕ} (hm : 0 < m) (a : ℝ) (ζ : Fin m → ℂ) (hcenter : ∑ j, ζ j = 0)
  (hfar : ∀ (j : Fin m), 1 < ‖↑a - ζ j‖)
  (hsmall : ↑m * (1 - BorceaVariance.secondMoment (BorceaVariance.reciprocalFamily a ζ)) < 1) :
  BorceaVariance.secondMoment ζ ≤
    1 +
        (1 - BorceaVariance.secondMoment (BorceaVariance.reciprocalFamily a ζ)) /
          (1 - ↑m * (1 - BorceaVariance.secondMoment (BorceaVariance.reciprocalFamily a ζ))) -
      a ^ 2
BorceaVariance.product_radial_bound {m : ℕ} (hm : 0 < m) (a : ℝ) (ζ : Fin m → ℂ) (hcenter : ∑ j, ζ j = 0)
  (hfar : ∀ (j : Fin m), 1 < ‖↑a - ζ j‖) :
  ↑m * ‖↑a - BorceaVariance.mean (BorceaVariance.reciprocalFamily a ζ)‖ ≤
    (∏ j, ‖BorceaVariance.reciprocalFamily a ζ j‖)⁻¹ - ∏ j, ‖BorceaVariance.reciprocalFamily a ζ j‖
BorceaVariance.product_radial_sqrt_bound {m : ℕ} (hm : 0 < m) (a : ℝ) (ζ : Fin m → ℂ) (hcenter : ∑ j, ζ j = 0)
  (hfar : ∀ (j : Fin m), 1 < ‖↑a - ζ j‖) :
  ↑m * ‖↑a - BorceaVariance.mean (BorceaVariance.reciprocalFamily a ζ)‖ ≤
    (√(∏ j, ‖BorceaVariance.reciprocalFamily a ζ j‖ ^ 2))⁻¹ - √(∏ j, ‖BorceaVariance.reciprocalFamily a ζ j‖ ^ 2)
BorceaVariance.product_radial_square_bound {m : ℕ} (hm : 0 < m) (a : ℝ) (ζ : Fin m → ℂ) (hcenter : ∑ j, ζ j = 0)
  (hfar : ∀ (j : Fin m), 1 < ‖↑a - ζ j‖) :
  ↑m ^ 2 * ‖↑a - BorceaVariance.mean (BorceaVariance.reciprocalFamily a ζ)‖ ^ 2 *
      ∏ j, ‖BorceaVariance.reciprocalFamily a ζ j‖ ^ 2 ≤
    (1 - ∏ j, ‖BorceaVariance.reciprocalFamily a ζ j‖ ^ 2) ^ 2
BorceaVariance.reciprocal_radial_covariance {m : ℕ} (hm : 0 < m) (a : ℝ) (ζ : Fin m → ℂ) (hcenter : ∑ j, ζ j = 0)
  (hne : ∀ (j : Fin m), ↑a - ζ j ≠ 0) :
  ∑ j,
      (starRingEnd ℂ) (ζ j) *
        ↑(‖BorceaVariance.reciprocalFamily a ζ j‖ ^ 2 -
            BorceaVariance.secondMoment (BorceaVariance.reciprocalFamily a ζ)) =
    -↑m *
      (BorceaVariance.mean (BorceaVariance.reciprocalFamily a ζ) -
        ↑(a * BorceaVariance.secondMoment (BorceaVariance.reciprocalFamily a ζ)))
BorceaVariance.reciprocal_radial_variance_lower {m : ℕ} (hm : 0 < m) (a : ℝ) (ζ : Fin m → ℂ) (hcenter : ∑ j, ζ j = 0)
  (hne : ∀ (j : Fin m), ↑a - ζ j ≠ 0) {V : ℝ} (hVpos : 0 < V) (hV : BorceaVariance.secondMoment ζ ≤ V) :
  ↑m *
        ‖BorceaVariance.mean (BorceaVariance.reciprocalFamily a ζ) -
              ↑(a * BorceaVariance.secondMoment (BorceaVariance.reciprocalFamily a ζ))‖ ^
          2 /
      V ≤
    ∑ j,
      (‖BorceaVariance.reciprocalFamily a ζ j‖ ^ 2 -
          BorceaVariance.secondMoment (BorceaVariance.reciprocalFamily a ζ)) ^
        2
BorceaVariance.reciprocal_radial_loss {m : ℕ} (hm : 0 < m) (a : ℝ) (ζ : Fin m → ℂ) (hcenter : ∑ j, ζ j = 0)
  (hfar : ∀ (j : Fin m), 1 < ‖↑a - ζ j‖) {V : ℝ} (hVpos : 0 < V) (hV : BorceaVariance.secondMoment ζ ≤ V) :
  ∏ j, ‖BorceaVariance.reciprocalFamily a ζ j‖ ^ 2 ≤
    BorceaVariance.secondMoment (BorceaVariance.reciprocalFamily a ζ) ^ m *
      Real.exp
        (-(↑m *
              ‖BorceaVariance.mean (BorceaVariance.reciprocalFamily a ζ) -
                    ↑(a * BorceaVariance.secondMoment (BorceaVariance.reciprocalFamily a ζ))‖ ^
                2) /
          (2 * BorceaVariance.secondMoment (BorceaVariance.reciprocalFamily a ζ) * V))
BorceaVariance.reciprocal_product_amgm {m : ℕ} (hm : 0 < m) (a : ℝ) (ζ : Fin m → ℂ) :
  ∏ j, ‖BorceaVariance.reciprocalFamily a ζ j‖ ^ 2 ≤
    BorceaVariance.secondMoment (BorceaVariance.reciprocalFamily a ζ) ^ m
BorceaVariance.rotateToMean_norm {m : ℕ} (q : Fin m → ℂ) (hμ : BorceaVariance.mean q ≠ 0) (j : Fin m) :
  ‖BorceaVariance.rotateToMean q j‖ = ‖q j‖
BorceaVariance.rotateToMean_sum {m : ℕ} (hm : 0 < m) (q : Fin m → ℂ) (hμ : BorceaVariance.mean q ≠ 0) :
  ∑ j, BorceaVariance.rotateToMean q j = ↑m * ↑‖BorceaVariance.mean q‖
BorceaVariance.finite_real_coordinate_lower {m : ℕ} (hm : 0 < m) (q : Fin m → ℂ) {r t₀ : ℝ} (hr : 0 < r)
  (hsum : ∑ j, q j = ↑m * ↑r) (hunit : ∀ (j : Fin m), ‖q j‖ ≤ 1) (ht : ∀ (j : Fin m), t₀ ≤ ‖q j‖ ^ 2) (j : Fin m) :
  BorceaVariance.realCoordinateLower m r t₀ ≤ (q j).re
BorceaVariance.finite_real_variance_of_bounds {m : ℕ} (hm : 0 < m) (q : Fin m → ℂ) {r L : ℝ} (hsum : ∑ j, q j = ↑m * ↑r)
  (hunit : ∀ (j : Fin m), ‖q j‖ ≤ 1) (hlower : ∀ (j : Fin m), L ≤ (q j).re) :
  BorceaVariance.realCoordinateVariance q r ≤ (1 - r) * (r - L)
BorceaVariance.finite_real_variance_bound {m : ℕ} (hm : 0 < m) (q : Fin m → ℂ) {r t₀ : ℝ} (hr : 0 < r)
  (hsum : ∑ j, q j = ↑m * ↑r) (hunit : ∀ (j : Fin m), ‖q j‖ ≤ 1) (ht : ∀ (j : Fin m), t₀ ≤ ‖q j‖ ^ 2) :
  BorceaVariance.realCoordinateVariance q r ≤
    min ((↑m - 1) * (1 - r) ^ 2) ((1 - r) * (r - BorceaVariance.realCoordinateLower m r t₀))
BorceaVariance.rotated_real_variance_bound {m : ℕ} (hm : 0 < m) (q : Fin m → ℂ) (hμ : BorceaVariance.mean q ≠ 0)
  {t₀ : ℝ} (hunit : ∀ (j : Fin m), ‖q j‖ ≤ 1) (ht : ∀ (j : Fin m), t₀ ≤ ‖q j‖ ^ 2) :
  (∀ (j : Fin m),
      BorceaVariance.realCoordinateLower m ‖BorceaVariance.mean q‖ t₀ ≤ (BorceaVariance.rotateToMean q j).re) ∧
    BorceaVariance.realCoordinateVariance (BorceaVariance.rotateToMean q) ‖BorceaVariance.mean q‖ ≤
      min ((↑m - 1) * (1 - ‖BorceaVariance.mean q‖) ^ 2)
        ((1 - ‖BorceaVariance.mean q‖) *
          (‖BorceaVariance.mean q‖ - BorceaVariance.realCoordinateLower m ‖BorceaVariance.mean q‖ t₀))
BorceaVariance.bhatia_davis.{u_1} {ι : Type u_1} (s : Finset ι) (w x : ι → ℝ) {L U b : ℝ} (hw : ∀ i ∈ s, 0 ≤ w i)
  (hx : ∀ i ∈ s, L ≤ x i ∧ x i ≤ U) (hs : ∑ i ∈ s, w i = 1) (hb : ∑ i ∈ s, w i * x i = b) :
  ∑ i ∈ s, w i * (x i - b) ^ 2 ≤ (U - b) * (b - L)
BorceaVariance.inverse_root_centered_sum {m : ℕ} (hm : 0 < m) (d : Fin m → ℂ) (hne : ∀ (j : Fin m), d j ≠ 0) :
  ∑ j, (d j - BorceaVariance.mean d) * ((d j)⁻¹ - BorceaVariance.mean fun i => (d i)⁻¹) =
    ↑m * (1 - BorceaVariance.mean d * BorceaVariance.mean fun i => (d i)⁻¹)
BorceaVariance.inverse_root_cauchy {m : ℕ} (hm : 0 < m) (d : Fin m → ℂ) (hne : ∀ (j : Fin m), d j ≠ 0) :
  ‖1 - BorceaVariance.mean d * BorceaVariance.mean fun i => (d i)⁻¹‖ ^ 2 ≤
    BorceaVariance.centeredVariance d * BorceaVariance.centeredVariance fun i => (d i)⁻¹
BorceaVariance.real_sub_mul_norm_identity (A B : ℝ) (M : ℂ) :
  B - A ^ 2 + ‖↑A - ↑B * M‖ ^ 2 = B * (1 - 2 * A * M.re + B * ‖M‖ ^ 2)
BorceaVariance.inverse_root_covariance {m : ℕ} (hm : 0 < m) (d : Fin m → ℂ) (hne : ∀ (j : Fin m), d j ≠ 0) {A B : ℝ}
  (hA : BorceaVariance.mean d = ↑A) (hB : BorceaVariance.secondMoment d = B) (hC : 0 < B - A ^ 2) :
  1 + ‖↑A - ↑B * BorceaVariance.mean fun i => (d i)⁻¹‖ ^ 2 / (B - A ^ 2) ≤
    B * BorceaVariance.secondMoment fun i => (d i)⁻¹
BorceaVariance.inverse_root_covariance_zero {m : ℕ} (hm : 0 < m) (d : Fin m → ℂ) (hne : ∀ (j : Fin m), d j ≠ 0)
  {A B : ℝ} (hA : BorceaVariance.mean d = ↑A) (hB : BorceaVariance.secondMoment d = B) (hC : B - A ^ 2 = 0) :
  (↑A - ↑B * BorceaVariance.mean fun i => (d i)⁻¹) = 0
BorceaVariance.constant_of_centeredVariance_zero {m : ℕ} (hm : 0 < m) (d : Fin m → ℂ)
  (hv : BorceaVariance.centeredVariance d = 0) (j : Fin m) : d j = BorceaVariance.mean d
BorceaVariance.rootVariance_identity {n : ℕ} (hn : 2 ≤ n) (a : ℝ) :
  BorceaVariance.rootVariance n a = BorceaVariance.rootSecondMoment n a - BorceaVariance.rootMean n a ^ 2
BorceaVariance.rootSecondMoment_pos {n : ℕ} (hn : 2 ≤ n) (a : ℝ) : 0 < BorceaVariance.rootSecondMoment n a
BorceaVariance.normalized_root_mean {n : ℕ} (hn : 2 ≤ n) (a : ℝ) (z : Fin (n - 1) → ℂ) (hcenter : ↑a + ∑ j, z j = 0) :
  (BorceaVariance.mean fun j => ↑a - z j) = ↑(BorceaVariance.rootMean n a)
BorceaVariance.normalized_root_secondMoment {n : ℕ} (hn : 2 ≤ n) (a : ℝ) (z : Fin (n - 1) → ℂ)
  (hcenter : ↑a + ∑ j, z j = 0) (henergy : a ^ 2 + ∑ j, ‖z j‖ ^ 2 = ↑n) :
  (BorceaVariance.secondMoment fun j => ↑a - z j) = BorceaVariance.rootSecondMoment n a
BorceaVariance.normalized_root_variance {n : ℕ} (hn : 2 ≤ n) (a : ℝ) (z : Fin (n - 1) → ℂ) (hcenter : ↑a + ∑ j, z j = 0)
  (henergy : a ^ 2 + ∑ j, ‖z j‖ ^ 2 = ↑n) :
  (BorceaVariance.centeredVariance fun j => ↑a - z j) = BorceaVariance.rootVariance n a
BorceaVariance.normalized_root_product_identity {n : ℕ} (Cex : BorceaVariance.NormalizedCounterexample n)
  (z ζ : Fin (n - 1) → ℂ)
  (hz : Cex.polynomial = (Polynomial.X - Polynomial.C ↑Cex.distinguished) * ∏ j, (Polynomial.X - Polynomial.C (z j)))
  (hζ : ↑(List.ofFn ζ) = (Polynomial.derivative Cex.polynomial).roots) :
  (∏ j, ‖↑Cex.distinguished - z j‖ ^ 2) * ∏ j, ‖BorceaVariance.reciprocalFamily Cex.distinguished ζ j‖ ^ 2 = ↑n ^ 2
BorceaVariance.normalized_root_product {n : ℕ} (hn : 4 ≤ n) (Cex : BorceaVariance.NormalizedCounterexample n)
  (ζ : Fin (n - 1) → ℂ) (hζ : ↑(List.ofFn ζ) = (Polynomial.derivative Cex.polynomial).roots)
  (hC : 0 < BorceaVariance.rootVariance n Cex.distinguished) :
  ↑n ^ 2 / BorceaVariance.rootSecondMoment n Cex.distinguished ^ (n - 1) *
      (1 +
        BorceaVariance.rootGamma n Cex.distinguished
          (BorceaVariance.mean (BorceaVariance.reciprocalFamily Cex.distinguished ζ))) ≤
    ∏ j, ‖BorceaVariance.reciprocalFamily Cex.distinguished ζ j‖ ^ 2
BorceaVariance.normalized_root_product_zero {n : ℕ} (hn : 2 ≤ n) (Cex : BorceaVariance.NormalizedCounterexample n)
  (ζ : Fin (n - 1) → ℂ) (hζ : ↑(List.ofFn ζ) = (Polynomial.derivative Cex.polynomial).roots)
  (hC : BorceaVariance.rootVariance n Cex.distinguished = 0) :
  ↑(BorceaVariance.rootMean n Cex.distinguished) -
        ↑(BorceaVariance.rootSecondMoment n Cex.distinguished) *
          (BorceaVariance.mean (BorceaVariance.reciprocalFamily Cex.distinguished ζ) / 2) =
      0 ∧
    ∏ j, ‖BorceaVariance.reciprocalFamily Cex.distinguished ζ j‖ ^ 2 =
      ↑n ^ 2 / BorceaVariance.rootSecondMoment n Cex.distinguished ^ (n - 1)
BorceaVariance.normalized_root_product_basic {n : ℕ} (hn : 2 ≤ n) (Cex : BorceaVariance.NormalizedCounterexample n)
  (ζ : Fin (n - 1) → ℂ) (hζ : ↑(List.ofFn ζ) = (Polynomial.derivative Cex.polynomial).roots) :
  ↑n ^ 2 ≤
    BorceaVariance.rootSecondMoment n Cex.distinguished ^ (n - 1) *
      ∏ j, ‖BorceaVariance.reciprocalFamily Cex.distinguished ζ j‖ ^ 2
BorceaVariance.normalized_root_product_variance_upper {n : ℕ} (hn : 4 ≤ n)
  (Cex : BorceaVariance.NormalizedCounterexample n) (ζ : Fin (n - 1) → ℂ)
  (hζ : ↑(List.ofFn ζ) = (Polynomial.derivative Cex.polynomial).roots) {C : ℝ} (hCpos : 0 < C)
  (hC : BorceaVariance.rootVariance n Cex.distinguished ≤ C) :
  ↑n ^ 2 *
      (1 +
        (↑n - 1) / 3 *
          (‖↑(BorceaVariance.rootMean n Cex.distinguished) -
                  ↑(BorceaVariance.rootSecondMoment n Cex.distinguished) *
                    (BorceaVariance.mean (BorceaVariance.reciprocalFamily Cex.distinguished ζ) / 2)‖ ^
              2 /
            C)) ≤
    BorceaVariance.rootSecondMoment n Cex.distinguished ^ (n - 1) *
      ∏ j, ‖BorceaVariance.reciprocalFamily Cex.distinguished ζ j‖ ^ 2
BorceaVariance.radialLoss_nonneg {m : ℕ} (a : ℝ) (q : Fin m → ℂ) {V : ℝ} (hV : 0 ≤ V) :
  0 ≤ BorceaVariance.radialLoss a q V
BorceaVariance.reciprocal_norm_product_radial_loss {m : ℕ} (hm : 0 < m) (a : ℝ) (ζ : Fin m → ℂ) (hcenter : ∑ j, ζ j = 0)
  (hfar : ∀ (j : Fin m), 1 < ‖↑a - ζ j‖) {V : ℝ} (hVpos : 0 < V) (hV : BorceaVariance.secondMoment ζ ≤ V) :
  ∏ j, ‖BorceaVariance.reciprocalFamily a ζ j‖ ≤
    BorceaVariance.secondMoment (BorceaVariance.reciprocalFamily a ζ) ^ (↑m / 2) *
      Real.exp (-BorceaVariance.radialLoss a (BorceaVariance.reciprocalFamily a ζ) V / 2)
BorceaVariance.normalized_stable_product {n : ℕ} (hn : 2 ≤ n) (Cex : BorceaVariance.NormalizedCounterexample n)
  (ζ : Fin (n - 1) → ℂ) (hζ : ↑(List.ofFn ζ) = (Polynomial.derivative Cex.polynomial).roots) {V : ℝ} (hVpos : 0 < V)
  (hV : BorceaVariance.secondMoment ζ ≤ V) :
  ↑n ^ 2 *
      Real.exp (BorceaVariance.radialLoss Cex.distinguished (BorceaVariance.reciprocalFamily Cex.distinguished ζ) V) ≤
    (↑n / (↑n - 1) * (1 + Cex.distinguished ^ 2) *
        BorceaVariance.secondMoment (BorceaVariance.reciprocalFamily Cex.distinguished ζ)) ^
      (n - 1)
BorceaVariance.cofactorSum_zero : BorceaVariance.cofactorSum 0 = 0
BorceaVariance.constantCoeff_linear_product (s : Multiset ℝ) :
  (Multiset.map (fun x => Polynomial.X + Polynomial.C x) s).prod.coeff 0 = s.prod
BorceaVariance.cofactorSum_cons (x : ℝ) (s : Multiset ℝ) :
  BorceaVariance.cofactorSum (x ::ₘ s) = s.prod + x * BorceaVariance.cofactorSum s
BorceaVariance.cofactorSum_eq_esymm (s : Multiset ℝ) (hs : 0 < s.card) :
  BorceaVariance.cofactorSum s = s.esymm (s.card - 1)
BorceaVariance.cofactorSum_tangent_lower (s : Multiset ℝ) (h : ∀ x ∈ s, 0 ≤ x) :
  (2 * ↑s.card - s.sum) * s.prod ≤ BorceaVariance.cofactorSum s
BorceaVariance.cofactorSum_smoothing (s : Multiset ℝ) {x y : ℝ} (hs : ∀ z ∈ s, 0 ≤ z) (hx : x ≤ 1) (hy : 1 ≤ y)
  (hsum : s.sum ≤ ↑s.card + 1) :
  BorceaVariance.cofactorSum (x ::ₘ y ::ₘ s) - (↑s.card - 1) * (x * y * s.prod) ≤
    BorceaVariance.cofactorSum ((x + y - 1) ::ₘ s) - (↑s.card - 2) * ((x + y - 1) * s.prod)
BorceaVariance.cofactorSum_le_normalized (s : Multiset ℝ) (hs : ∀ x ∈ s, 0 ≤ x) (hsum : s.sum = ↑s.card) :
  BorceaVariance.cofactorSum s ≤ 3 + (↑s.card - 3) * s.prod
BorceaVariance.symmetric_inequality (s : Multiset ℝ) (hs : 3 ≤ s.card) (hnonneg : ∀ x ∈ s, 0 ≤ x)
  (hsum : s.sum = ↑s.card) : s.esymm (s.card - 1) ≤ 3 + (↑s.card - 3) * s.prod
BorceaVariance.cofactorSum_eq_product_inverse_sum (s : Multiset ℝ) (hne : ∀ x ∈ s, x ≠ 0) :
  BorceaVariance.cofactorSum s = s.prod * (Multiset.map (fun x => x⁻¹) s).sum
BorceaVariance.symmetric_inverse_product {m : ℕ} (hm : 3 ≤ m) (ξ : Fin m → ℝ) (hpos : ∀ (j : Fin m), 0 < ξ j)
  (hsum : ∑ j, ξ j = ↑m) {δ : ℝ} (hδ : ↑m * (1 + δ) ≤ ∑ j, (ξ j)⁻¹) : (∏ j, ξ j) * (1 + ↑m / 3 * δ) ≤ 1
BorceaVariance.normalized_norm_product_improvement {m : ℕ} (hm : 3 ≤ m) (d : Fin m → ℂ) (hne : ∀ (j : Fin m), d j ≠ 0)
  {B δ : ℝ} (hB : 0 < B) (henergy : ∑ j, ‖d j‖ ^ 2 = ↑m * B)
  (hδ : 1 + δ ≤ B * BorceaVariance.secondMoment fun j => (d j)⁻¹) : (∏ j, ‖d j‖ ^ 2) * (1 + ↑m / 3 * δ) ≤ B ^ m
BorceaVariance.real_tao_product.{u_1} {ι : Type u_1} (S : Finset ι) (f : ι → ℝ) (hpos : ∀ j ∈ S, 0 < f j)
  (hle : ∀ j ∈ S, f j ≤ 1) : (∏ j ∈ S, f j) * ∑ j ∈ S, ((f j)⁻¹ - f j) ≤ 1 - (∏ j ∈ S, f j) ^ 2
BorceaVariance.inverse_conjugate_norm {z : ℂ} (hz : z ≠ 0) (hz1 : ‖z‖ ≤ 1) : ‖z⁻¹ - (starRingEnd ℂ) z‖ = ‖z‖⁻¹ - ‖z‖
BorceaVariance.tao_product {m : ℕ} (ξ : Fin m → ℂ) (hpos : ∀ (j : Fin m), 0 < ‖ξ j‖) (hle : ∀ (j : Fin m), ‖ξ j‖ ≤ 1) :
  (∏ j, ‖ξ j‖) * ∑ j, ‖(ξ j)⁻¹ - (starRingEnd ℂ) (ξ j)‖ ≤ 1 - ∏ j, ‖ξ j‖ ^ 2
BorceaVariance.toeplitz_corollary {n : ℕ} (hn : 2 ≤ n) (a : Fin (n + 1) → ℂ) :
  ∃ μ, (∃ v, v ≠ 0 ∧ (BorceaVariance.toeplitzMatrix a).mulVec v = μ • v) ∧ ‖μ - ∑ k, a k‖ ^ 2 ≤ ∑ j, ‖a j.succ‖ ^ 2
BorceaVariance.variance_shift_identity (p : Polynomial ℂ) (hn : 0 < p.natDegree) (c : ℂ) :
  (Multiset.map (fun z => ‖z - c‖ ^ 2) p.roots).sum / ↑p.natDegree =
    BorceaVariance.variance p + ‖c - BorceaVariance.centroid p‖ ^ 2
BorceaVariance.centroid_minimizes_variance (p : Polynomial ℂ) (hn : 0 < p.natDegree) (c : ℂ) :
  BorceaVariance.variance p ≤ (Multiset.map (fun z => ‖z - c‖ ^ 2) p.roots).sum / ↑p.natDegree
BorceaVariance.centroid_unique_minimizer (p : Polynomial ℂ) (hn : 0 < p.natDegree) (c : ℂ) :
  (Multiset.map (fun z => ‖z - c‖ ^ 2) p.roots).sum / ↑p.natDegree = BorceaVariance.variance p ↔
    c = BorceaVariance.centroid p
BorceaVariance.sigma2_eq_infimum (p : Polynomial ℂ) (hn : 0 < p.natDegree) :
  BorceaVariance.sigma2 p =
    sInf (Set.range fun c => √((Multiset.map (fun z => ‖z - c‖ ^ 2) p.roots).sum / ↑p.natDegree))
BorceaVariance.variance_raw_moment (p : Polynomial ℂ) (hn : 0 < p.natDegree) :
  BorceaVariance.variance p =
    (Multiset.map (fun z => ‖z‖ ^ 2) p.roots).sum / ↑p.natDegree - ‖BorceaVariance.centroid p‖ ^ 2
BorceaVariance.main_theorem (p : Polynomial ℂ) (hn : 2 ≤ p.natDegree) (a : ℂ) (ha : Polynomial.eval a p = 0) :
  ∃ z, Polynomial.eval z (Polynomial.derivative p) = 0 ∧ ‖a - z‖ ≤ BorceaVariance.sigma2 p
BorceaVariance.main_statement : BorceaVariance.MainStatement
BorceaVariance.toeplitz_corollary {n : ℕ} (hn : 2 ≤ n) (a : Fin (n + 1) → ℂ) :
  ∃ μ, (∃ v, v ≠ 0 ∧ (BorceaVariance.toeplitzMatrix a).mulVec v = μ • v) ∧ ‖μ - ∑ k, a k‖ ^ 2 ≤ ∑ j, ‖a j.succ‖ ^ 2
BorceaVariance.normalized_reciprocal_moments {n : ℕ} (hn : 2 ≤ n) (Cex : BorceaVariance.NormalizedCounterexample n)
  (ζ : Fin (n - 1) → ℂ) (hζ : ↑(List.ofFn ζ) = (Polynomial.derivative Cex.polynomial).roots) :
  have a := Cex.distinguished;
  have q := BorceaVariance.reciprocalFamily a ζ;
  have μ := BorceaVariance.mean q;
  have s := BorceaVariance.secondMoment q;
  have v := BorceaVariance.centeredVariance q;
  have V := 1 - 1 / (↑n - 1);
  ‖μ‖ ^ 2 + (1 - V) * (1 - s) ≤ 2 * a * μ.re - a ^ 2 * s ∧
    ‖μ - ↑a‖ ^ 2 ≤ (a ^ 2 + V - 1) * (1 - s) ∧
      ‖1 - ↑a * μ‖ ^ 2 ≤ V * v ∧ 1 ≤ s * (a ^ 2 + V) ∧ BorceaVariance.beta a μ s 1 ≤ (a ^ 2 + V) * v
BorceaVariance.normalized_origin_identity_fin {n : ℕ} (Cex : BorceaVariance.NormalizedCounterexample n)
  (z ζ : Fin (n - 1) → ℂ)
  (hz : Cex.polynomial = (Polynomial.X - Polynomial.C ↑Cex.distinguished) * ∏ j, (Polynomial.X - Polynomial.C (z j)))
  (hζ : ↑(List.ofFn ζ) = (Polynomial.derivative Cex.polynomial).roots) :
  ↑n *
      ∫ (t : ℝ) in 0..1,
        BorceaVariance.originProduct (BorceaVariance.reciprocalFamily Cex.distinguished ζ) Cex.distinguished t =
    (-1) ^ (n - 1) * BorceaVariance.jointProduct z (BorceaVariance.reciprocalFamily Cex.distinguished ζ)
BorceaVariance.differential_identity {m : ℕ} (hm : 0 < m) (q : Fin m → ℂ) (a : ℝ) :
  (BorceaVariance.originProduct q a 1 +
        ↑m * ↑a * BorceaVariance.mean q * ∫ (t : ℝ) in 0..1, BorceaVariance.originProduct q a t) +
      BorceaVariance.originRemainder q a =
    1
BorceaVariance.normalized_center_identity_fin {n : ℕ} (hn : 2 ≤ n) (Cex : BorceaVariance.NormalizedCounterexample n)
  (z ζ : Fin (n - 1) → ℂ)
  (hz : Cex.polynomial = (Polynomial.X - Polynomial.C ↑Cex.distinguished) * ∏ j, (Polynomial.X - Polynomial.C (z j)))
  (hζ : ↑(List.ofFn ζ) = (Polynomial.derivative Cex.polynomial).roots) :
  have a := Cex.distinguished;
  have q := BorceaVariance.reciprocalFamily a ζ;
  have μ := BorceaVariance.mean q;
  have J := BorceaVariance.jointProduct z q;
  (-1) ^ (n - 1) * ↑a * μ * J + (1 - ↑a * μ) ^ n -
      ↑n * ↑a * μ * ∫ (t : ℝ) in 0..1, BorceaVariance.originProduct q a t - (1 - ↑a * μ * ↑t) ^ (n - 1) =
    1
BorceaVariance.normalized_core_product {n : ℕ} (hn : 2 ≤ n) (Cex : BorceaVariance.NormalizedCounterexample n)
  (z q : Fin (n - 1) → ℂ) (henergy : Cex.distinguished ^ 2 + ∑ j, ‖z j‖ ^ 2 = ↑n) :
  ‖↑Cex.distinguished * BorceaVariance.mean q * BorceaVariance.jointProduct z q‖ ≤
    BorceaVariance.Phi (n - 1) Cex.distinguished * ‖BorceaVariance.mean q‖ * ∏ j, ‖q j‖
BorceaVariance.normalized_basic_product {n : ℕ} (hn : 2 ≤ n) (Cex : BorceaVariance.NormalizedCounterexample n)
  (ζ : Fin (n - 1) → ℂ) (hζ : ↑(List.ofFn ζ) = (Polynomial.derivative Cex.polynomial).roots) :
  ↑n ^ 2 ≤
    (↑n / (↑n - 1) * (1 + Cex.distinguished ^ 2) *
        BorceaVariance.secondMoment (BorceaVariance.reciprocalFamily Cex.distinguished ζ)) ^
      (n - 1)
BorceaVariance.phi_mono_degree {m k : ℕ} (hm : 0 < m) (hmk : m ≤ k) {a : ℝ} (ha : 0 ≤ a) (hdom : a ^ 2 ≤ ↑m) :
  BorceaVariance.Phi m a ≤ BorceaVariance.Phi k a
BorceaVariance.phi_mono_before_one {m : ℕ} (hm : 0 < m) {a b : ℝ} (ha : 0 ≤ a) (hab : a ≤ b) (hb : b ≤ 1) :
  BorceaVariance.Phi m a ≤ BorceaVariance.Phi m b
BorceaVariance.phi_antitone_after_one {m : ℕ} (hm : 0 < m) {a b : ℝ} (ha : 1 ≤ a) (hab : a ≤ b) (hb : b ^ 2 ≤ ↑m) :
  BorceaVariance.Phi m b ≤ BorceaVariance.Phi m a
BorceaVariance.direct_bound {m : ℕ} (hm : 2 ≤ m) (q : Fin m → ℂ) (hq : ∀ (j : Fin m), ‖q j‖ ≤ 1) {a t B L : ℝ}
  (hB : BorceaVariance.beta a (BorceaVariance.mean q) (BorceaVariance.secondMoment q) t ≤ B)
  (hL : BorceaVariance.factorMean q a t ≤ L) :
  BorceaVariance.directMajorant q a t ≤
    ↑m *
      min (min 1 (BorceaVariance.omissionConstant m 1 * BorceaVariance.secondMoment q) * B ^ (↑(m - 1) / 2))
        (min 1 (BorceaVariance.omissionConstant m 1 ^ 2 * BorceaVariance.secondMoment q) * L ^ (m - 1))
BorceaVariance.direct_retained_bound {m : ℕ} (hm : 2 ≤ m) (q : Fin m → ℂ) (hq : ∀ (j : Fin m), ‖q j‖ ≤ 1)
  {a aUpper t u B L : ℝ} (ha : 0 ≤ a) (haUpper : a ≤ aUpper) (ht : 0 ≤ t) (htu : t ≤ u)
  (hB : BorceaVariance.beta a (BorceaVariance.mean q) (BorceaVariance.secondMoment q) t ≤ B)
  (hL : BorceaVariance.factorMean q a t ≤ L) :
  have δ := max 0 (1 - aUpper * u);
  BorceaVariance.directMajorant q a t ≤
    ↑m * BorceaVariance.secondMoment q *
      min (max 0 ((↑m * B - δ ^ 2) / ↑(m - 1)) ^ (↑(m - 1) / 2)) (max 0 ((↑m * L - δ) / ↑(m - 1)) ^ (m - 1))
BorceaVariance.centered_interpolation_first {m : ℕ} (hm : 2 ≤ m) (q : Fin m → ℂ) {a t B L : ℝ}
  (hD : 1 - ↑a * ↑t * BorceaVariance.mean q ≠ 0)
  (hB : BorceaVariance.beta a (BorceaVariance.mean q) (BorceaVariance.secondMoment q) t ≤ B)
  (hL : BorceaVariance.factorMean q a t ≤ L) :
  ‖BorceaVariance.originProduct q a t - (1 - ↑a * ↑t * BorceaVariance.mean q) ^ m‖ ≤
    ↑m * a ^ 2 * t ^ 2 * BorceaVariance.centeredVariance q / (2 * ‖1 - ↑a * ↑t * BorceaVariance.mean q‖) *
      min (BorceaVariance.omissionConstant m 1 * B ^ (↑(m - 1) / 2))
        (BorceaVariance.omissionConstant m 1 ^ 2 * L ^ (m - 1))
BorceaVariance.centered_interpolation_second {m : ℕ} (hm : 3 ≤ m) (q : Fin m → ℂ) {a t B L : ℝ}
  (hB : BorceaVariance.beta a (BorceaVariance.mean q) (BorceaVariance.secondMoment q) t ≤ B)
  (hL : BorceaVariance.factorMean q a t ≤ L) :
  ‖BorceaVariance.originProduct q a t - (1 - ↑a * ↑t * BorceaVariance.mean q) ^ m‖ ≤
    ↑m * ↑(m - 1) * a ^ 2 * t ^ 2 * BorceaVariance.centeredVariance q / 2 *
      min (BorceaVariance.omissionConstant m 2 * B ^ (↑(m - 2) / 2))
        (BorceaVariance.omissionConstant m 2 ^ 2 * L ^ (m - 2))
BorceaVariance.normalized_direct_integral_test {n : ℕ} (hn : 2 ≤ n) (Cex : BorceaVariance.NormalizedCounterexample n)
  (z ζ : Fin (n - 1) → ℂ)
  (hz : Cex.polynomial = (Polynomial.X - Polynomial.C ↑Cex.distinguished) * ∏ j, (Polynomial.X - Polynomial.C (z j)))
  (hζ : ↑(List.ofFn ζ) = (Polynomial.derivative Cex.polynomial).roots) {κ Cbound : ℝ}
  (hκ : BorceaVariance.factorMean (BorceaVariance.reciprocalFamily Cex.distinguished ζ) Cex.distinguished 1 ≤ κ)
  (hC :
    ‖↑Cex.distinguished * BorceaVariance.mean (BorceaVariance.reciprocalFamily Cex.distinguished ζ) *
          BorceaVariance.jointProduct z (BorceaVariance.reciprocalFamily Cex.distinguished ζ)‖ ≤
      Cbound) :
  1 ≤
    κ ^ (n - 1) + ↑(n - 1) / ↑n * Cbound +
      Cex.distinguished ^ 2 *
        ∫ (t : ℝ) in 0..1,
          t * BorceaVariance.directMajorant (BorceaVariance.reciprocalFamily Cex.distinguished ζ) Cex.distinguished t
BorceaVariance.normalized_absolute_integral_test {n : ℕ} (hn : 2 ≤ n) (Cex : BorceaVariance.NormalizedCounterexample n)
  (z ζ : Fin (n - 1) → ℂ)
  (hz : Cex.polynomial = (Polynomial.X - Polynomial.C ↑Cex.distinguished) * ∏ j, (Polynomial.X - Polynomial.C (z j)))
  (hζ : ↑(List.ofFn ζ) = (Polynomial.derivative Cex.polynomial).roots) {Cbound : ℝ}
  (hC :
    ‖↑Cex.distinguished * BorceaVariance.mean (BorceaVariance.reciprocalFamily Cex.distinguished ζ) *
          BorceaVariance.jointProduct z (BorceaVariance.reciprocalFamily Cex.distinguished ζ)‖ ≤
      Cbound)
  (U : ℝ → ℝ) (hi : IntervalIntegrable (fun t => t ^ 2 * U t) MeasureTheory.volume 0 1)
  (hU :
    ∀ t ∈ Set.Icc 0 1,
      ‖BorceaVariance.centeredError (BorceaVariance.reciprocalFamily Cex.distinguished ζ) Cex.distinguished t‖ ≤
        Cex.distinguished ^ 2 * t ^ 2 *
            BorceaVariance.centeredVariance (BorceaVariance.reciprocalFamily Cex.distinguished ζ) *
          U t) :
  have q := BorceaVariance.reciprocalFamily Cex.distinguished ζ;
  1 ≤
    Cbound + ((1 - 1 / (↑n - 1)) * BorceaVariance.centeredVariance q) ^ (↑n / 2) +
      BorceaVariance.centerIntegralCoefficient (n - 1) Cex.distinguished ‖BorceaVariance.mean q‖ U *
        BorceaVariance.centeredVariance q
BorceaVariance.normalized_ratio_integral_test {n : ℕ} (hn : 2 ≤ n) (Cex : BorceaVariance.NormalizedCounterexample n)
  (z ζ : Fin (n - 1) → ℂ)
  (hz : Cex.polynomial = (Polynomial.X - Polynomial.C ↑Cex.distinguished) * ∏ j, (Polynomial.X - Polynomial.C (z j)))
  (henergy : Cex.distinguished ^ 2 + ∑ j, ‖z j‖ ^ 2 = ↑n)
  (hζ : ↑(List.ofFn ζ) = (Polynomial.derivative Cex.polynomial).roots) (U : ℝ → ℝ)
  (hi : IntervalIntegrable (fun t => t ^ 2 * U t) MeasureTheory.volume 0 1) (hU0 : ∀ t ∈ Set.Icc 0 1, 0 ≤ U t)
  (hU :
    ∀ t ∈ Set.Icc 0 1,
      ‖BorceaVariance.centeredError (BorceaVariance.reciprocalFamily Cex.distinguished ζ) Cex.distinguished t‖ ≤
        Cex.distinguished ^ 2 * t ^ 2 *
            BorceaVariance.centeredVariance (BorceaVariance.reciprocalFamily Cex.distinguished ζ) *
          U t) :
  have q := BorceaVariance.reciprocalFamily Cex.distinguished ζ;
  1 ≤
    (1 + ‖BorceaVariance.mean q‖) *
      ((1 - 1 / (↑n - 1)) ^ (↑n / 2) * (1 - ‖BorceaVariance.mean q‖ ^ 2) ^ (↑(n - 2) / 2) +
        BorceaVariance.centerIntegralCoefficient (n - 1) Cex.distinguished ‖BorceaVariance.mean q‖ U)
BorceaVariance.no_normalized_counterexample_large {n : ℕ} (hn : 100001 ≤ n)
  (Cex : BorceaVariance.NormalizedCounterexample n) : False
BorceaVariance.large_degree_main (p : Polynomial ℂ) (hn : 100001 ≤ p.natDegree) (a : ℂ) (ha : Polynomial.eval a p = 0) :
  ∃ z, Polynomial.eval z (Polynomial.derivative p) = 0 ∧ ‖a - z‖ ≤ BorceaVariance.sigma2 p
BorceaVariance.symmetric_inequality (s : Multiset ℝ) (hs : 3 ≤ s.card) (hnonneg : ∀ x ∈ s, 0 ≤ x)
  (hsum : s.sum = ↑s.card) : s.esymm (s.card - 1) ≤ 3 + (↑s.card - 3) * s.prod
BorceaVariance.normalized_inverse_root_mean {n : ℕ} (hn : 2 ≤ n) (Cex : BorceaVariance.NormalizedCounterexample n)
  (z ζ : Fin (n - 1) → ℂ)
  (hz : Cex.polynomial = (Polynomial.X - Polynomial.C ↑Cex.distinguished) * ∏ j, (Polynomial.X - Polynomial.C (z j)))
  (hζ : ↑(List.ofFn ζ) = (Polynomial.derivative Cex.polynomial).roots) :
  (BorceaVariance.mean fun j => (↑Cex.distinguished - z j)⁻¹) =
    BorceaVariance.mean (BorceaVariance.reciprocalFamily Cex.distinguished ζ) / 2
BorceaVariance.normalized_root_product {n : ℕ} (hn : 4 ≤ n) (Cex : BorceaVariance.NormalizedCounterexample n)
  (ζ : Fin (n - 1) → ℂ) (hζ : ↑(List.ofFn ζ) = (Polynomial.derivative Cex.polynomial).roots)
  (hC : 0 < BorceaVariance.rootVariance n Cex.distinguished) :
  ↑n ^ 2 / BorceaVariance.rootSecondMoment n Cex.distinguished ^ (n - 1) *
      (1 +
        BorceaVariance.rootGamma n Cex.distinguished
          (BorceaVariance.mean (BorceaVariance.reciprocalFamily Cex.distinguished ζ))) ≤
    ∏ j, ‖BorceaVariance.reciprocalFamily Cex.distinguished ζ j‖ ^ 2
BorceaVariance.normalized_root_product_zero {n : ℕ} (hn : 2 ≤ n) (Cex : BorceaVariance.NormalizedCounterexample n)
  (ζ : Fin (n - 1) → ℂ) (hζ : ↑(List.ofFn ζ) = (Polynomial.derivative Cex.polynomial).roots)
  (hC : BorceaVariance.rootVariance n Cex.distinguished = 0) :
  ↑(BorceaVariance.rootMean n Cex.distinguished) -
        ↑(BorceaVariance.rootSecondMoment n Cex.distinguished) *
          (BorceaVariance.mean (BorceaVariance.reciprocalFamily Cex.distinguished ζ) / 2) =
      0 ∧
    ∏ j, ‖BorceaVariance.reciprocalFamily Cex.distinguished ζ j‖ ^ 2 =
      ↑n ^ 2 / BorceaVariance.rootSecondMoment n Cex.distinguished ^ (n - 1)
BorceaVariance.reciprocal_radial_loss {m : ℕ} (hm : 0 < m) (a : ℝ) (ζ : Fin m → ℂ) (hcenter : ∑ j, ζ j = 0)
  (hfar : ∀ (j : Fin m), 1 < ‖↑a - ζ j‖) {V : ℝ} (hVpos : 0 < V) (hV : BorceaVariance.secondMoment ζ ≤ V) :
  ∏ j, ‖BorceaVariance.reciprocalFamily a ζ j‖ ^ 2 ≤
    BorceaVariance.secondMoment (BorceaVariance.reciprocalFamily a ζ) ^ m *
      Real.exp
        (-(↑m *
              ‖BorceaVariance.mean (BorceaVariance.reciprocalFamily a ζ) -
                    ↑(a * BorceaVariance.secondMoment (BorceaVariance.reciprocalFamily a ζ))‖ ^
                2) /
          (2 * BorceaVariance.secondMoment (BorceaVariance.reciprocalFamily a ζ) * V))
BorceaVariance.reciprocal_product_amgm {m : ℕ} (hm : 0 < m) (a : ℝ) (ζ : Fin m → ℂ) :
  ∏ j, ‖BorceaVariance.reciprocalFamily a ζ j‖ ^ 2 ≤
    BorceaVariance.secondMoment (BorceaVariance.reciprocalFamily a ζ) ^ m
BorceaVariance.tao_product {m : ℕ} (ξ : Fin m → ℂ) (hpos : ∀ (j : Fin m), 0 < ‖ξ j‖) (hle : ∀ (j : Fin m), ‖ξ j‖ ≤ 1) :
  (∏ j, ‖ξ j‖) * ∑ j, ‖(ξ j)⁻¹ - (starRingEnd ℂ) (ξ j)‖ ≤ 1 - ∏ j, ‖ξ j‖ ^ 2
BorceaVariance.finite_radial_mean_bound {m : ℕ} (hm : 0 < m) (a : ℝ) (ζ : Fin m → ℂ) (hcenter : ∑ j, ζ j = 0)
  (hfar : ∀ (j : Fin m), 1 < ‖↑a - ζ j‖)
  (hsmall : ↑m * (1 - BorceaVariance.secondMoment (BorceaVariance.reciprocalFamily a ζ)) < 1) :
  ‖↑a - BorceaVariance.mean (BorceaVariance.reciprocalFamily a ζ)‖ ^ 2 ≤
    (1 - BorceaVariance.secondMoment (BorceaVariance.reciprocalFamily a ζ)) ^ 2 /
      (1 - ↑m * (1 - BorceaVariance.secondMoment (BorceaVariance.reciprocalFamily a ζ)))
BorceaVariance.finite_radial_variance_bound {m : ℕ} (hm : 0 < m) (a : ℝ) (ζ : Fin m → ℂ) (hcenter : ∑ j, ζ j = 0)
  (hfar : ∀ (j : Fin m), 1 < ‖↑a - ζ j‖)
  (hsmall : ↑m * (1 - BorceaVariance.secondMoment (BorceaVariance.reciprocalFamily a ζ)) < 1) :
  BorceaVariance.secondMoment ζ ≤
    1 +
        (1 - BorceaVariance.secondMoment (BorceaVariance.reciprocalFamily a ζ)) /
          (1 - ↑m * (1 - BorceaVariance.secondMoment (BorceaVariance.reciprocalFamily a ζ))) -
      a ^ 2
BorceaVariance.product_radial_sqrt_bound {m : ℕ} (hm : 0 < m) (a : ℝ) (ζ : Fin m → ℂ) (hcenter : ∑ j, ζ j = 0)
  (hfar : ∀ (j : Fin m), 1 < ‖↑a - ζ j‖) :
  ↑m * ‖↑a - BorceaVariance.mean (BorceaVariance.reciprocalFamily a ζ)‖ ≤
    (√(∏ j, ‖BorceaVariance.reciprocalFamily a ζ j‖ ^ 2))⁻¹ - √(∏ j, ‖BorceaVariance.reciprocalFamily a ζ j‖ ^ 2)
BorceaVariance.reciprocal_packing {m : ℕ} (hm : 2 ≤ m) (a : ℝ) (ζ : Fin m → ℂ) (hcenter : ∑ j, ζ j = 0)
  (hfar : ∀ (j : Fin m), 1 < ‖↑a - ζ j‖) {s η L : ℝ} (hη : 0 < η) (hηs : η < s) (hs1 : s ≤ 1)
  (hs : BorceaVariance.secondMoment (BorceaVariance.reciprocalFamily a ζ) ≤ s) (hL : 0 < L)
  (hprod : L ≤ ∏ j, ‖BorceaVariance.reciprocalFamily a ζ j‖ ^ 2) (hkernel : BorceaVariance.packingKernel m s η < L)
  (k : ℕ) (hlow : η ^ (k + 1) ≤ L) (hhigh : L ≤ η ^ k) :
  (∀ (j : Fin m), η < ‖BorceaVariance.reciprocalFamily a ζ j‖ ^ 2) ∧
    ↑m * ‖↑a - BorceaVariance.mean (BorceaVariance.reciprocalFamily a ζ)‖ ≤
        ↑k * (1 - η) / √η + (1 - L / η ^ k) / √(L / η ^ k) ∧
      BorceaVariance.secondMoment ζ ≤ (↑k / η + 1 / (L / η ^ k) + ↑m - ↑k - 1) / ↑m - a ^ 2
BorceaVariance.packing_power_interval_exists {m : ℕ} (hm : 2 ≤ m) {η s L : ℝ} (hη : 0 < η) (hηs : η < s) (hL1 : L ≤ 1)
  (hkernel : BorceaVariance.packingKernel m s η < L) : ∃ k < m, η ^ (k + 1) ≤ L ∧ L ≤ η ^ k
BorceaVariance.centered_coefficients {m : ℕ} (q : Fin m → ℂ) {k : ℕ} (hk : 2 ≤ k) (hkm : k ≤ m) :
  ‖BorceaVariance.elementarySymmetric (fun j => q j - BorceaVariance.mean q) k‖ ≤
    ↑(m.choose k) * ((↑k - 1) / (↑m - 1) * BorceaVariance.centeredVariance q) ^ (↑k / 2)
BorceaVariance.normalized_coefficient_integral_test {n : ℕ} (hn : 2 ≤ n)
  (Cex : BorceaVariance.NormalizedCounterexample n) (z ζ : Fin (n - 1) → ℂ)
  (hz : Cex.polynomial = (Polynomial.X - Polynomial.C ↑Cex.distinguished) * ∏ j, (Polynomial.X - Polynomial.C (z j)))
  (hζ : ↑(List.ofFn ζ) = (Polynomial.derivative Cex.polynomial).roots) {Cbound d : ℝ}
  (hC :
    ‖↑Cex.distinguished * BorceaVariance.mean (BorceaVariance.reciprocalFamily Cex.distinguished ζ) *
          BorceaVariance.jointProduct z (BorceaVariance.reciprocalFamily Cex.distinguished ζ)‖ ≤
      Cbound)
  (hd : ‖1 - ↑Cex.distinguished * BorceaVariance.mean (BorceaVariance.reciprocalFamily Cex.distinguished ζ)‖ ≤ d) :
  have q := BorceaVariance.reciprocalFamily Cex.distinguished ζ;
  1 ≤
    Cbound + d ^ n +
      Cex.distinguished * ‖BorceaVariance.mean q‖ *
        ∑ k ∈ Finset.Ico 2 n,
          (Cex.distinguished ^ 2 * BorceaVariance.centeredVariance q * (↑k - 1) / (↑n - 2)) ^ (↑k / 2) *
            BorceaVariance.integralPowerSum k (n - 1 - k) d
BorceaVariance.bhatia_davis.{u_1} {ι : Type u_1} (s : Finset ι) (w x : ι → ℝ) {L U b : ℝ} (hw : ∀ i ∈ s, 0 ≤ w i)
  (hx : ∀ i ∈ s, L ≤ x i ∧ x i ≤ U) (hs : ∑ i ∈ s, w i = 1) (hb : ∑ i ∈ s, w i * x i = b) :
  ∑ i ∈ s, w i * (x i - b) ^ 2 ≤ (U - b) * (b - L)
BorceaVariance.rotated_real_variance_bound {m : ℕ} (hm : 0 < m) (q : Fin m → ℂ) (hμ : BorceaVariance.mean q ≠ 0)
  {t₀ : ℝ} (hunit : ∀ (j : Fin m), ‖q j‖ ≤ 1) (ht : ∀ (j : Fin m), t₀ ≤ ‖q j‖ ^ 2) :
  (∀ (j : Fin m),
      BorceaVariance.realCoordinateLower m ‖BorceaVariance.mean q‖ t₀ ≤ (BorceaVariance.rotateToMean q j).re) ∧
    BorceaVariance.realCoordinateVariance (BorceaVariance.rotateToMean q) ‖BorceaVariance.mean q‖ ≤
      min ((↑m - 1) * (1 - ‖BorceaVariance.mean q‖) ^ 2)
        ((1 - ‖BorceaVariance.mean q‖) *
          (‖BorceaVariance.mean q‖ - BorceaVariance.realCoordinateLower m ‖BorceaVariance.mean q‖ t₀))
BorceaVariance.normalized_signed_coefficient_test {n : ℕ} (hn : 4 ≤ n) (Cex : BorceaVariance.NormalizedCounterexample n)
  (z ζ : Fin (n - 1) → ℂ)
  (hz : Cex.polynomial = (Polynomial.X - Polynomial.C ↑Cex.distinguished) * ∏ j, (Polynomial.X - Polynomial.C (z j)))
  (hζ : ↑(List.ofFn ζ) = (Polynomial.derivative Cex.polynomial).roots) {d ε Kmin L Cbound : ℝ}
  (hh : 0 < Cex.distinguished * ‖BorceaVariance.mean (BorceaVariance.reciprocalFamily Cex.distinguished ζ)‖)
  (hh1 : Cex.distinguished * ‖BorceaVariance.mean (BorceaVariance.reciprocalFamily Cex.distinguished ζ)‖ ≤ 1)
  (hd : ‖1 - ↑Cex.distinguished * BorceaVariance.mean (BorceaVariance.reciprocalFamily Cex.distinguished ζ)‖ ≤ d)
  (hε : ‖BorceaVariance.meanPhase (BorceaVariance.reciprocalFamily Cex.distinguished ζ) - 1‖ ≤ ε)
  (hK :
    Kmin ≤
      BorceaVariance.realQuadraticKernel (n - 1)
        (Cex.distinguished * ‖BorceaVariance.mean (BorceaVariance.reciprocalFamily Cex.distinguished ζ)‖))
  (hK0 : 0 ≤ Kmin)
  (hL :
    L ≤
      (BorceaVariance.elementarySymmetric
          (fun j =>
            BorceaVariance.rotateToMean (BorceaVariance.reciprocalFamily Cex.distinguished ζ) j -
              ↑‖BorceaVariance.mean (BorceaVariance.reciprocalFamily Cex.distinguished ζ)‖)
          2).re)
  (hL0 : 0 < L)
  (hC :
    ‖↑Cex.distinguished * BorceaVariance.mean (BorceaVariance.reciprocalFamily Cex.distinguished ζ) *
          BorceaVariance.jointProduct z (BorceaVariance.reciprocalFamily Cex.distinguished ζ)‖ ≤
      Cbound) :
  have q := BorceaVariance.reciprocalFamily Cex.distinguished ζ;
  1 ≤
    Cbound + d ^ n - Cex.distinguished ^ 2 * Kmin * L +
        (↑n - 1) * Cex.distinguished ^ 2 * BorceaVariance.centeredVariance q / 2 *
          BorceaVariance.phaseError (n - 1) (Cex.distinguished * ‖BorceaVariance.mean q‖) d ε +
      Cex.distinguished * ‖BorceaVariance.mean q‖ *
        ∑ k ∈ Finset.Ico 3 n,
          (Cex.distinguished ^ 2 * BorceaVariance.centeredVariance q * (↑k - 1) / (↑n - 2)) ^ (↑k / 2) *
            BorceaVariance.integralPowerSum k (n - 1 - k) d
BorceaVariance.mean_phase_integral_bound {m : ℕ} (q : Fin m → ℂ) (hμ : BorceaVariance.mean q ≠ 0) {a d ε : ℝ}
  (ha : 0 ≤ a) (hh1 : a * ‖BorceaVariance.mean q‖ ≤ 1) (hd : ‖1 - ↑a * BorceaVariance.mean q‖ ≤ d)
  (hε : ‖BorceaVariance.meanPhase q - 1‖ ≤ ε) :
  ‖BorceaVariance.meanPhase q ^ 2 * BorceaVariance.quadraticKernel m (↑a * BorceaVariance.mean q) -
        ↑(BorceaVariance.realQuadraticKernel m (a * ‖BorceaVariance.mean q‖))‖ ≤
    BorceaVariance.phaseError m (a * ‖BorceaVariance.mean q‖) d ε
BorceaVariance.no_normalized_counterexample_near_uniform {n : ℕ} (hn : 4 ≤ n) (hn13 : n ≤ 13)
  (Cex : BorceaVariance.NormalizedCounterexample n) (ζ : Fin (n - 1) → ℂ)
  (hζ : ↑(List.ofFn ζ) = (Polynomial.derivative Cex.polynomial).roots)
  (hr : 99999 / 100000 ≤ ‖BorceaVariance.mean (BorceaVariance.reciprocalFamily Cex.distinguished ζ)‖) : False
BorceaVariance.normalized_compact {n : ℕ} (hn : 2 ≤ n) (Cex : BorceaVariance.NormalizedCounterexample n) :
  0 < Cex.distinguished ∧ Cex.distinguished < 5
BorceaVariance.no_normalized_counterexample_finite {n : ℕ} (hlo : 4 ≤ n) (hhi : n ≤ 100000)
  (Cex : BorceaVariance.NormalizedCounterexample n) : False
BorceaVariance.finite_degree_main (p : Polynomial ℂ) (hlo : 4 ≤ p.natDegree) (hhi : p.natDegree ≤ 100000) (a : ℂ)
  (ha : Polynomial.eval a p = 0) :
  ∃ z, Polynomial.eval z (Polynomial.derivative p) = 0 ∧ ‖a - z‖ ≤ BorceaVariance.sigma2 p
