kind	latex_label	manuscript_line	name	lean_theorem	lean_file	status	dependencies	notes
display	display:L79	79	display:L79	BorceaVariance.sigma2_eq_infimum	BorceaVariance/VarianceMinimum.lean:55	p2-definition-proved; general-p-background		The project concerns p=2. The introductory definitions for other p are background.
display	display:L87	87	display:L87			background-conjecture-context		The monotonicity and conjectures for general p are introductory context, not inputs to the p=2 proof.
display	display:L96	96	display:L96	BorceaVariance.sigma2_sq; BorceaVariance.sigma2_eq_infimum; BorceaVariance.centroid_unique_minimizer	BorceaVariance/Definitions.lean:30; BorceaVariance/VarianceMinimum.lean:55; BorceaVariance/VarianceMinimum.lean:43	proved-in-listed-declaration		
conjecture	conj:borcea	111	Borcea \(p\)-variance conjectures			background-conjecture-not-target		
display	display:L113	113	display:L113			background-conjecture-context		The monotonicity and conjectures for general p are introductory context, not inputs to the p=2 proof.
thm	thm:main	135	thm:main	BorceaVariance.main_theorem; BorceaVariance.main_statement	BorceaVariance/Main.lean	proved	finite_degree_main; large_degree_main; quadratic_main; cubic_main	Exact polynomial theorem for every degree at least two, assembled from the quadratic, cubic, finite-certificate and large-degree proofs.
display	eq:main	137	eq:main	BorceaVariance.main_theorem	BorceaVariance/Main.lean:10	proved		Exact polynomial theorem for every degree at least two, assembled from the quadratic, cubic, finite-certificate and large-degree proofs.
cor	cor:toeplitz-general	153	cor:toeplitz-general	BorceaVariance.toeplitz_corollary	BorceaVariance/ToeplitzCorollary.lean	proved	main_theorem; circulant_critical_toeplitz_eigenvector; circulant_radius_to_squared_bound	The circulant derivative identity and variance estimate are combined with main_theorem; the conclusion supplies a nonzero Toeplitz eigenvector.
display	display:L156	156	display:L156	BorceaVariance.toeplitzMatrix	BorceaVariance/LinearAlgebra/CirculantDerivative.lean:14	definition		Matrix order in Lean is n+1; the leading submatrix has order n.
display	display:L166	166	display:L166	BorceaVariance.toeplitz_corollary	BorceaVariance/ToeplitzCorollary.lean:11	proved		The circulant derivative identity and variance estimate are combined with main_theorem; the conclusion supplies a nonzero Toeplitz eigenvector.
display	display:L180	180	display:L180	BorceaVariance.reciprocalFamily; BorceaVariance.mean; BorceaVariance.secondMoment	BorceaVariance/ReciprocalAlgebra.lean:6; BorceaVariance/FiniteMoments.lean:6; BorceaVariance/FiniteMoments.lean:7	definition		
display	eq:normalization	253	eq:normalization	BorceaVariance.normalize_counterexample; BorceaVariance.normalized_root_factorization	BorceaVariance/Normalization.lean:40; BorceaVariance/Normalization.lean:95	proved-in-listed-declaration	BorceaVariance.sigma2_pos_of_counterexample; affine transformations	
display	eq:schoenberg	267	eq:schoenberg	BorceaVariance.schoenberg_centered; BorceaVariance.schoenberg_centered_equality	BorceaVariance/Schoenberg.lean:45; BorceaVariance/SchoenbergEquality.lean:53	proved-including-collinearity-equality	schur_frobenius_bound; centered_compression_charpoly; centered_compression_frobenius	
display	eq:critical-moments	276	eq:critical-moments	BorceaVariance.critical_root_sum_zero; BorceaVariance.normalized_critical_secondMoment_bound	BorceaVariance/CriticalPoints.lean:9; BorceaVariance/Schoenberg.lean:71	proved-in-listed-declaration	schoenberg_centered	
lem	lem:moments	332	lem:moments	BorceaVariance.normalized_reciprocal_moments	BorceaVariance/PolynomialMoments.lean	proved-for-actual-polynomial-critical-roots	reciprocal_moments; normalized_critical_secondMoment_bound	
display	eq:moment-a	334	eq:moment-a	BorceaVariance.reciprocal_moment_A; BorceaVariance.reciprocal_moment_A_distance	BorceaVariance/ReciprocalMoments.lean	proved-for-specified-V	reciprocal_weighted_cauchy	
display	eq:moment-b	334	eq:moment-b	BorceaVariance.reciprocal_moment_B; BorceaVariance.reciprocal_inverse_moment	BorceaVariance/ReciprocalMoments.lean	proved-for-specified-V	complex_cauchy	
display	eq:moment-end	334	eq:moment-end	BorceaVariance.reciprocal_moment_endpoint	BorceaVariance/ReciprocalMoments.lean	proved-for-specified-V	reciprocal_moment_B; beta_decomposition	
display	display:L346	346	display:L346	BorceaVariance.reciprocal_weighted_cauchy; BorceaVariance.reciprocal_weighted_energy; BorceaVariance.reciprocal_weight_sum	BorceaVariance/ReciprocalMoments.lean:19; BorceaVariance/ReciprocalAlgebra.lean:108; BorceaVariance/ReciprocalAlgebra.lean:101	proved-scaled-finite-sum-form		The finite sum formulation multiplies both sides by m or m², with m=n-1>0.
display	display:L370	370	display:L370	BorceaVariance.reciprocal_moment_A_distance	BorceaVariance/ReciprocalMoments.lean:59	proved-in-listed-declaration		
display	display:L379	379	display:L379	BorceaVariance.reciprocal_centered_identity	BorceaVariance/ReciprocalAlgebra.lean:150	proved-scaled-finite-sum-form		
display	display:L385	385	display:L385	BorceaVariance.reciprocal_moment_B	BorceaVariance/ReciprocalMoments.lean:68	proved-in-listed-declaration		
display	display:L401	401	display:L401	BorceaVariance.reciprocal_inverse_moment; BorceaVariance.centered_shift_energy	BorceaVariance/ReciprocalMoments.lean:85; BorceaVariance/ReciprocalAlgebra.lean:92	proved-in-listed-declaration		
display	display:L424	424	display:L424	BorceaVariance.reciprocal_moment_endpoint; BorceaVariance.beta_decomposition	BorceaVariance/ReciprocalMoments.lean:105; BorceaVariance/ReciprocalAlgebra.lean:53	proved-in-listed-declaration		
lem	lem:identities	438	lem:identities	BorceaVariance.normalized_origin_identity_fin; BorceaVariance.differential_identity; BorceaVariance.normalized_center_identity_fin	BorceaVariance/FiniteIdentities.lean; BorceaVariance/Identities.lean	proved-with-actual-polynomial-finite-coordinates	normalized_derivative_factorization; normalized_origin_identity	
display	display:L440	440	display:L440	BorceaVariance.originRemainder	BorceaVariance/Identities.lean:13	definition		
display	eq:origin	448	eq:origin	BorceaVariance.normalized_origin_identity_fin	BorceaVariance/FiniteIdentities.lean:11	proved-in-listed-declaration	origin_identity_multiset	
display	eq:differential	453	eq:differential	BorceaVariance.differential_identity	BorceaVariance/Identities.lean:53	proved-in-listed-declaration	QuadraticTangZhang.differential_origin_identity	
display	eq:center-identity	459	eq:center-identity	BorceaVariance.normalized_center_identity_fin; BorceaVariance.center_identity	BorceaVariance/FiniteIdentities.lean:28; BorceaVariance/Identities.lean:64	proved-in-listed-declaration	center_power_integral; origin identity	
display	display:L475	475	display:L475	BorceaVariance.center_power_integral	BorceaVariance/Identities.lean:59	proved-in-listed-declaration		
display	display:L481	481	display:L481	BorceaVariance.normalized_center_identity_fin; BorceaVariance.center_identity	BorceaVariance/FiniteIdentities.lean:28; BorceaVariance/Identities.lean:64	proved-in-listed-declaration		
lem	lem:basic-product	497	lem:basic-product	BorceaVariance.normalized_core_product; BorceaVariance.normalized_basic_product; BorceaVariance.phi_mono_degree; BorceaVariance.phi_mono_before_one; BorceaVariance.phi_antitone_after_one	BorceaVariance/CoreProduct.lean; BorceaVariance/BasicProduct.lean; BorceaVariance/PhiMonotonicity.lean; BorceaVariance/PhiShape.lean	proved; degree-monotonicity-for-integer-degrees	normalized_product_identity; AM-GM	
display	display:L499	499	display:L499	BorceaVariance.Phi; BorceaVariance.Psi	BorceaVariance/BasicProduct.lean:7; BorceaVariance/BasicProduct.lean:10	definition		
display	eq:core	504	eq:core	BorceaVariance.normalized_core_product	BorceaVariance/CoreProduct.lean:47	proved-in-listed-declaration	root_product_upper; phi_le_one; phi_le_psi	
display	eq:product-basic	512	eq:product-basic	BorceaVariance.normalized_basic_product	BorceaVariance/BasicProduct.lean:76	proved-in-listed-declaration	normalized_product_identity; AM-GM	The AM-GM product comparison is an internal step in the polynomial-level proof.
display	display:L527	527	display:L527	BorceaVariance.root_product_upper; BorceaVariance.normalized_root_product_upper	BorceaVariance/CoreProduct.lean:18; BorceaVariance/CoreProduct.lean:32	proved-in-listed-declaration		
display	eq:root-product-upper	537	eq:root-product-upper	BorceaVariance.root_product_upper; BorceaVariance.normalized_root_product_upper	BorceaVariance/CoreProduct.lean:18; BorceaVariance/CoreProduct.lean:32	proved-in-listed-declaration	AM-GM	
display	display:L549	549	display:L549	BorceaVariance.phi_le_one	BorceaVariance/BasicProduct.lean:30	proved-by-AM-GM		The displayed list is the AM-GM witness, not a separate theorem.
display	display:L555	555	display:L555	BorceaVariance.phi_le_one	BorceaVariance/BasicProduct.lean:30	proved-by-AM-GM		The displayed list is the AM-GM witness, not a separate theorem.
display	display:L571	571	display:L571	BorceaVariance.phi_le_psi	BorceaVariance/BasicProduct.lean:49	alternate-proof-of-consequence		The formal proof bounds the power by exp directly; the manuscript's logarithmic calculation is not a proof dependency.
display	display:L589	589	display:L589	BorceaVariance.phi_le_one; BorceaVariance.phi_le_psi	BorceaVariance/BasicProduct.lean:30; BorceaVariance/BasicProduct.lean:49	proved-in-listed-declaration		
display	display:L595	595	display:L595	BorceaVariance.normalized_core_product	BorceaVariance/CoreProduct.lean:47	proved-in-listed-declaration		
display	display:L603	603	display:L603	BorceaVariance.normalized_core_product	BorceaVariance/CoreProduct.lean:47	proved-in-listed-declaration		
display	display:L613	613	display:L613	BorceaVariance.normalized_other_shift_energy	BorceaVariance/BasicProduct.lean:61	proved-in-listed-declaration		
display	display:L618	618	display:L618	BorceaVariance.normalized_other_shift_energy	BorceaVariance/BasicProduct.lean:61	proved-in-listed-declaration		
display	eq:u-product-upper	624	eq:u-product-upper	BorceaVariance.normalized_basic_product	BorceaVariance/BasicProduct.lean:76	proved-in-listed-declaration		The AM-GM product comparison is an internal step in the polynomial-level proof.
display	display:L637	637	display:L637	BorceaVariance.normalized_product_identity; BorceaVariance.normalized_derivative_factorization	BorceaVariance/FiniteCoordinates.lean:31; BorceaVariance/FiniteCoordinates.lean:22	proved-scaled-product-form		The cancellation identity handles the nonzero reciprocal factors and is equivalent to the displayed quotient.
display	display:L645	645	display:L645	BorceaVariance.normalized_product_identity; BorceaVariance.normalized_derivative_factorization	BorceaVariance/FiniteCoordinates.lean:31; BorceaVariance/FiniteCoordinates.lean:22	proved-scaled-product-form		The cancellation identity handles the nonzero reciprocal factors and is equivalent to the displayed quotient.
display	eq:u-q-product	653	eq:u-q-product	BorceaVariance.normalized_product_identity; BorceaVariance.normalized_derivative_factorization	BorceaVariance/FiniteCoordinates.lean:31; BorceaVariance/FiniteCoordinates.lean:22	proved-scaled-product-form		The cancellation identity handles the nonzero reciprocal factors and is equivalent to the displayed quotient.
display	eq:q-product-upper	660	eq:q-product-upper	BorceaVariance.reciprocal_product_amgm	BorceaVariance/SmallDegree/RadialLoss.lean:88	proved-in-listed-declaration		
display	display:L671	671	display:L671	BorceaVariance.normalized_basic_product	BorceaVariance/BasicProduct.lean:76	proved-in-listed-declaration		The AM-GM product comparison is an internal step in the polynomial-level proof.
display	display:L683	683	display:L683	BorceaVariance.normalized_basic_product	BorceaVariance/BasicProduct.lean:76	proved-in-listed-declaration		The AM-GM product comparison is an internal step in the polynomial-level proof.
display	display:L700	700	display:L700	BorceaVariance.phi_succ_mono; BorceaVariance.phi_mono_degree	BorceaVariance/PhiMonotonicity.lean:7; BorceaVariance/PhiMonotonicity.lean:43	alternate-integer-degree-proof		Degree monotonicity is proved by AM-GM and induction; no derivative in a continuous degree parameter is needed.
display	display:L706	706	display:L706	BorceaVariance.phi_succ_mono; BorceaVariance.phi_mono_degree	BorceaVariance/PhiMonotonicity.lean:7; BorceaVariance/PhiMonotonicity.lean:43	alternate-integer-degree-proof		Degree monotonicity is proved by AM-GM and induction; no derivative in a continuous degree parameter is needed.
display	display:L717	717	display:L717	BorceaVariance.phi_succ_mono; BorceaVariance.phi_mono_degree	BorceaVariance/PhiMonotonicity.lean:7; BorceaVariance/PhiMonotonicity.lean:43	alternate-integer-degree-proof		Degree monotonicity is proved by AM-GM and induction; no derivative in a continuous degree parameter is needed.
display	display:L721	721	display:L721	BorceaVariance.phi_succ_mono; BorceaVariance.phi_mono_degree	BorceaVariance/PhiMonotonicity.lean:7; BorceaVariance/PhiMonotonicity.lean:43	alternate-integer-degree-proof		Degree monotonicity is proved by AM-GM and induction; no derivative in a continuous degree parameter is needed.
display	display:L728	728	display:L728	BorceaVariance.hasDerivAt_phiSquareKernel; BorceaVariance.phi_mono_before_one; BorceaVariance.phi_antitone_after_one	BorceaVariance/PhiShape.lean:9; BorceaVariance/PhiShape.lean:29; BorceaVariance/PhiShape.lean:56	alternate-proof-of-consequence		The proof differentiates Phi squared, covering both monotonicity intervals and endpoints without log singularities.
display	eq:constants	742	eq:constants	BorceaVariance.omission_one_constant_bounds; BorceaVariance.omission_two_constant_bounds	BorceaVariance/Integral/Constants.lean:25; BorceaVariance/Integral/Constants.lean:33	proved-in-listed-declaration	See verification/integrated-269-theorems-build.log	
display	display:L754	754	display:L754	BorceaVariance.sum_beta	BorceaVariance/ReciprocalAlgebra.lean:47	majorant-hypothesis-with-exact-moment-identity		b is an arbitrary supplied upper bound; concrete b is proved valid by the interval and large-degree lemmas.
display	eq:quadratic-majorant	761	eq:quadratic-majorant	BorceaVariance.sum_beta	BorceaVariance/ReciprocalAlgebra.lean:47	majorant-hypothesis-with-exact-moment-identity	See theorem dependencies and verification/integrated-232-theorems-build.log	b is an arbitrary supplied upper bound; concrete b is proved valid by the interval and large-degree lemmas.
display	eq:linear-majorant-aim	769	eq:linear-majorant-aim	BorceaVariance.factorMean_linear_majorant	BorceaVariance/Integral/Majorants.lean:68	proved-in-listed-declaration	See theorem dependencies and verification/integrated-232-theorems-build.log	
display	display:L777	777	display:L777	BorceaVariance.factorMean_sq_le_beta	BorceaVariance/Integral/Majorants.lean:13	proved-in-listed-declaration		
display	display:L791	791	display:L791	BorceaVariance.factorMean_endpoint_sq_le	BorceaVariance/Integral/Majorants.lean:24	proved-in-listed-declaration		
display	eq:endpoint-first-moment	810	eq:endpoint-first-moment	BorceaVariance.factorMean_endpoint_sqrt_bound	BorceaVariance/Integral/Majorants.lean:56	proved-in-listed-declaration	See theorem dependencies and verification/integrated-232-theorems-build.log	
display	eq:kappa	818	eq:kappa	BorceaVariance.factorMean_endpoint_le_kappa	BorceaVariance/Integral/Majorants.lean:45	proved-in-listed-declaration	See theorem dependencies and verification/integrated-232-theorems-build.log	
display	display:L822	822	display:L822	BorceaVariance.factorMean_endpoint_le_kappa	BorceaVariance/Integral/Majorants.lean:45	proved-in-listed-declaration		
display	display:L834	834	display:L834	BorceaVariance.factorMean_linear_majorant	BorceaVariance/Integral/Majorants.lean:68	proved-in-listed-declaration		
display	display:L844	844	display:L844	BorceaVariance.factorMean_linear_majorant	BorceaVariance/Integral/Majorants.lean:68	proved-in-listed-declaration		
lem	lem:direct	870	lem:direct	BorceaVariance.direct_bound; BorceaVariance.direct_retained_bound	BorceaVariance/Integral/DirectBounds.lean; BorceaVariance/Integral/DirectRetained.lean	proved	See theorem dependencies and verification/integrated-232-theorems-build.log	
display	eq:direct-bounds	874	eq:direct-bounds	BorceaVariance.direct_bound	BorceaVariance/Integral/DirectBounds.lean:56	proved-in-listed-declaration	See theorem dependencies and verification/integrated-232-theorems-build.log	
display	eq:retained	881	eq:retained	BorceaVariance.direct_retained_bound	BorceaVariance/Integral/DirectRetained.lean:33	proved-in-listed-declaration	See theorem dependencies and verification/integrated-232-theorems-build.log	
display	display:L892	892	display:L892	BorceaVariance.sum_deleted_prod_le_mean	BorceaVariance/Integral/Maclaurin.lean:39	proved-in-listed-declaration		
display	eq:direct-unit-bound	903	eq:direct-unit-bound	BorceaVariance.direct_unit_bound	BorceaVariance/Integral/DirectBounds.lean:20	proved-in-listed-declaration	See theorem dependencies and verification/integrated-232-theorems-build.log	
display	display:L920	920	display:L920	BorceaVariance.norm_subproduct_le_second_moment	BorceaVariance/Integral/OmissionBounds.lean:29	proved-in-listed-declaration		
display	display:L936	936	display:L936	BorceaVariance.norm_subproduct_le_first_moment	BorceaVariance/Integral/OmissionBounds.lean:45	proved-in-listed-declaration		
display	eq:direct-second-moment-bound	957	eq:direct-second-moment-bound	BorceaVariance.direct_second_moment_bound	BorceaVariance/Integral/DirectBounds.lean:32	proved-in-listed-declaration	See theorem dependencies and verification/integrated-232-theorems-build.log	
display	display:L971	971	display:L971	BorceaVariance.retained_factor_lower	BorceaVariance/Integral/DirectRetained.lean:19	proved-in-listed-declaration		
display	display:L978	978	display:L978	BorceaVariance.retained_deleted_second_moment	BorceaVariance/Integral/RetainedProducts.lean:23	proved-in-listed-declaration		
display	display:L984	984	display:L984	BorceaVariance.retained_deleted_first_moment	BorceaVariance/Integral/RetainedProducts.lean:45	proved-in-listed-declaration		
display	display:L991	991	display:L991	BorceaVariance.retained_deleted_second_moment	BorceaVariance/Integral/RetainedProducts.lean:23	proved-in-listed-declaration		
display	display:L999	999	display:L999	BorceaVariance.retained_deleted_first_moment	BorceaVariance/Integral/RetainedProducts.lean:45	proved-in-listed-declaration		
lem	lem:interpolation	1025	lem:interpolation	BorceaVariance.centered_interpolation_first; BorceaVariance.centered_interpolation_second	BorceaVariance/Integral/CenteredFirst.lean; BorceaVariance/Integral/CenteredSecond.lean	proved	See theorem dependencies and verification/integrated-232-theorems-build.log	
display	eq:interpolation-first	1027	eq:interpolation-first	BorceaVariance.centered_interpolation_first	BorceaVariance/Integral/CenteredFirst.lean:77	proved-with-stated-nonzero-denominator	See theorem dependencies and verification/integrated-232-theorems-build.log	
display	eq:interpolation-second	1033	eq:interpolation-second	BorceaVariance.centered_interpolation_second	BorceaVariance/Integral/CenteredSecond.lean:91	proved-without-denominator-condition	See theorem dependencies and verification/integrated-232-theorems-build.log	This estimate covers 1-a*mu*t=0.
display	display:L1050	1050	display:L1050	BorceaVariance.interpolationPolynomial_derivative; BorceaVariance.centered_interpolation_first	BorceaVariance/Integral/InterpolationAlgebra.lean:11; BorceaVariance/Integral/CenteredFirst.lean:77	proved-in-polynomial-interpolation		
display	display:L1055	1055	display:L1055	BorceaVariance.interpolationPolynomial_derivative; BorceaVariance.centered_interpolation_first	BorceaVariance/Integral/InterpolationAlgebra.lean:11; BorceaVariance/Integral/CenteredFirst.lean:77	proved-in-polynomial-interpolation		
display	display:L1062	1062	display:L1062	BorceaVariance.centered_interpolation_second_moment; BorceaVariance.beta_decomposition	BorceaVariance/Integral/InterpolationMoments.lean:15; BorceaVariance/ReciprocalAlgebra.lean:53	proved-in-listed-declaration		
display	display:L1077	1077	display:L1077	BorceaVariance.centered_interpolation_first_moment; BorceaVariance.centered_norm_le_factor_mean	BorceaVariance/Integral/InterpolationMoments.lean:30; BorceaVariance/Integral/InterpolationMoments.lean:6	proved-in-listed-declaration		
display	display:L1092	1092	display:L1092	BorceaVariance.interpolationPolynomial_derivative; BorceaVariance.centered_interpolation_first	BorceaVariance/Integral/InterpolationAlgebra.lean:11; BorceaVariance/Integral/CenteredFirst.lean:77	proved-in-polynomial-interpolation		
display	display:L1101	1101	display:L1101	QuadraticTangZhang.centered_interpolation_polynomial; BorceaVariance.centered_first_remainder_general	QuadraticTangZhang/CenteredIdentity.lean:27; BorceaVariance/Integral/CenteredFirst.lean:8	proved-polynomial-identity		
display	eq:Gtheta-first	1107	eq:Gtheta-first	QuadraticTangZhang.centered_interpolation_polynomial; BorceaVariance.centered_first_remainder_general	QuadraticTangZhang/CenteredIdentity.lean:27; BorceaVariance/Integral/CenteredFirst.lean:8	proved-polynomial-identity		
display	display:L1119	1119	display:L1119	BorceaVariance.norm_subproduct_le_second_moment; BorceaVariance.centered_first_remainder_moments	BorceaVariance/Integral/OmissionBounds.lean:29; BorceaVariance/Integral/CenteredFirst.lean:59	proved-in-listed-declaration		
display	display:L1126	1126	display:L1126	BorceaVariance.norm_subproduct_le_first_moment; BorceaVariance.centered_first_remainder_moments	BorceaVariance/Integral/OmissionBounds.lean:45; BorceaVariance/Integral/CenteredFirst.lean:59	proved-in-listed-declaration		
display	display:L1137	1137	display:L1137	BorceaVariance.centered_first_remainder_general	BorceaVariance/Integral/CenteredFirst.lean:8	proved-local-derivative-and-FTC-steps		
display	display:L1147	1147	display:L1147	BorceaVariance.centered_first_remainder_general	BorceaVariance/Integral/CenteredFirst.lean:8	proved-local-derivative-and-FTC-steps		
display	eq:Gtheta-Taylor	1168	eq:Gtheta-Taylor	BorceaVariance.polynomial_taylor_second; BorceaVariance.interpolationPolynomial_derivative_zero	BorceaVariance/Integral/InterpolationAlgebra.lean:51; BorceaVariance/Integral/InterpolationAlgebra.lean:40	proved-in-listed-declaration	See theorem dependencies and verification/integrated-232-theorems-build.log	
display	eq:Gtheta-second	1175	eq:Gtheta-second	BorceaVariance.interpolationPolynomial_second_derivative	BorceaVariance/Integral/InterpolationAlgebra.lean:23	proved-in-listed-declaration	See theorem dependencies and verification/integrated-232-theorems-build.log	
display	display:L1186	1186	display:L1186	BorceaVariance.ordered_pair_norm_sum_bound; BorceaVariance.centered_variance_sum	BorceaVariance/Integral/InterpolationAlgebra.lean:72; BorceaVariance/FiniteMoments.lean:27	proved-in-listed-declaration		
display	display:L1200	1200	display:L1200	BorceaVariance.centered_second_remainder_moments	BorceaVariance/Integral/CenteredSecond.lean:70	proved-in-listed-declaration		
display	display:L1207	1207	display:L1207	BorceaVariance.centered_second_remainder_moments	BorceaVariance/Integral/CenteredSecond.lean:70	proved-in-listed-declaration		
display	display:L1214	1214	display:L1214	BorceaVariance.centered_second_remainder_moments	BorceaVariance/Integral/CenteredSecond.lean:70	proved-in-listed-declaration		
display	display:L1228	1228	display:L1228	BorceaVariance.centered_interpolation_second	BorceaVariance/Integral/CenteredSecond.lean:91	proved-without-denominator-condition		This estimate covers 1-a*mu*t=0.
lem	lem:integral-tests	1248	lem:integral-tests	BorceaVariance.normalized_direct_integral_test; BorceaVariance.normalized_absolute_integral_test; BorceaVariance.normalized_ratio_integral_test	BorceaVariance/Integral/PolynomialTests.lean	proved-for-actual-polynomial-with-explicit-integrability	See theorem dependencies and verification/integrated-232-theorems-build.log	
display	display:L1251	1251	display:L1251	BorceaVariance.centered_error_integral_bound	BorceaVariance/Integral/AbsoluteTest.lean:15	supplied-envelope-and-proved-integral-bound		U is an integrable upper envelope. K is represented by its explicit defining expression.
display	eq:K-definition	1258	eq:K-definition	BorceaVariance.centered_error_integral_bound	BorceaVariance/Integral/AbsoluteTest.lean:15	supplied-envelope-and-proved-integral-bound		U is an integrable upper envelope. K is represented by its explicit defining expression.
display	eq:direct-test	1265	eq:direct-test	BorceaVariance.normalized_direct_integral_test	BorceaVariance/Integral/PolynomialTests.lean:7	proved-in-listed-declaration	See theorem dependencies and verification/integrated-232-theorems-build.log	
display	eq:absolute-test	1273	eq:absolute-test	BorceaVariance.normalized_absolute_integral_test	BorceaVariance/Integral/PolynomialTests.lean:24	proved-in-listed-declaration	See theorem dependencies and verification/integrated-232-theorems-build.log	
display	eq:ratio-test	1279	eq:ratio-test	BorceaVariance.normalized_ratio_integral_test; BorceaVariance.ratio_scalar_test	BorceaVariance/Integral/PolynomialTests.lean:45; BorceaVariance/Integral/RatioTest.lean:8	proved-in-listed-declaration	See theorem dependencies and verification/integrated-232-theorems-build.log	
display	display:L1292	1292	display:L1292	BorceaVariance.direct_norm_test; BorceaVariance.differential_identity	BorceaVariance/LargeDegree/Basic.lean:34; BorceaVariance/Identities.lean:53	proved-in-listed-declaration		
display	eq:F1-kappa	1302	eq:F1-kappa	BorceaVariance.originProduct_endpoint_bound	BorceaVariance/Integral/DirectTest.lean:8	proved-in-listed-declaration	See theorem dependencies and verification/integrated-232-theorems-build.log	
display	eq:origin-C-bound	1316	eq:origin-C-bound	BorceaVariance.origin_core_integral_bound	BorceaVariance/Integral/DirectTest.lean:37	proved-in-listed-declaration	See theorem dependencies and verification/integrated-232-theorems-build.log	
display	eq:remainder-A-bound	1325	eq:remainder-A-bound	BorceaVariance.originRemainder_norm_le_direct_integral	BorceaVariance/Integral/DirectTest.lean:20	proved-in-listed-declaration	See theorem dependencies and verification/integrated-232-theorems-build.log	
display	display:L1341	1341	display:L1341	BorceaVariance.absolute_integral_test	BorceaVariance/Integral/AbsoluteTest.lean:28	proved-in-listed-declaration		
display	display:L1356	1356	display:L1356	BorceaVariance.centered_error_integral_bound	BorceaVariance/Integral/AbsoluteTest.lean:15	supplied-envelope-and-proved-integral-bound		U is an integrable upper envelope. K is represented by its explicit defining expression.
display	display:L1363	1363	display:L1363	BorceaVariance.normalized_absolute_integral_test	BorceaVariance/Integral/PolynomialTests.lean:24	proved-in-listed-declaration		
display	display:L1372	1372	display:L1372	BorceaVariance.normalized_core_product_le_mean	BorceaVariance/Integral/RatioTest.lean:44	proved-in-listed-declaration		
display	eq:ratio-preliminary	1378	eq:ratio-preliminary	BorceaVariance.normalized_ratio_integral_test	BorceaVariance/Integral/PolynomialTests.lean:45	proved-in-preliminary-bound		
display	display:L1387	1387	display:L1387	BorceaVariance.normalized_ratio_integral_test; BorceaVariance.ratio_scalar_test	BorceaVariance/Integral/PolynomialTests.lean:45; BorceaVariance/Integral/RatioTest.lean:8	proved-in-listed-declaration		
display	display:L1403	1403	display:L1403	BorceaVariance.normalized_ratio_integral_test; BorceaVariance.ratio_scalar_test	BorceaVariance/Integral/PolynomialTests.lean:45; BorceaVariance/Integral/RatioTest.lean:8	proved-in-listed-declaration		
display	display:L1428	1428	display:L1428	BorceaVariance.chord_one; BorceaVariance.chord_two	BorceaVariance/Integral/ConvexMesh.lean:7; BorceaVariance/Integral/ConvexMesh.lean:23	proved-continuous-convex-quadrature		The two displayed inequalities are separate theorems. Numerical majorants supply continuity and convexity.
display	eq:chord-one	1438	eq:chord-one	BorceaVariance.chord_one; BorceaVariance.chord_two	BorceaVariance/Integral/ConvexMesh.lean:7; BorceaVariance/Integral/ConvexMesh.lean:23	proved-continuous-convex-quadrature		The two displayed inequalities are separate theorems. Numerical majorants supply continuity and convexity.
display	eq:chord-two	1438	eq:chord-two	BorceaVariance.chord_one; BorceaVariance.chord_two	BorceaVariance/Integral/ConvexMesh.lean:7; BorceaVariance/Integral/ConvexMesh.lean:23	proved-continuous-convex-quadrature		The two displayed inequalities are separate theorems. Numerical majorants supply continuity and convexity.
display	display:L1462	1462	display:L1462	BorceaVariance.convex_nonnegative_rpow; BorceaVariance.convex_retained_block_powers	BorceaVariance/Integral/ConvexMajorants.lean:30; BorceaVariance/Integral/ConvexMajorants.lean:54	convexity-exponent-domain		For the applicable degrees the exponents are at least one. Minima are taken after separate integral estimates.
prop	prop:large	1493	prop:large	BorceaVariance.no_normalized_counterexample_large; BorceaVariance.large_degree_main	BorceaVariance/LargeDegree.lean	proved-all-four-parameter-ranges	LargeDegree.SmallA; LargeDegree.Away; LargeDegree.Central; LargeDegree.LargeA	
display	display:L1503	1503	display:L1503	BorceaVariance.reciprocal_real_part_lower	BorceaVariance/LargeDegree/Exponential.lean:54	proved-in-listed-declaration		
display	display:L1512	1512	display:L1512	BorceaVariance.reciprocal_real_part_lower	BorceaVariance/LargeDegree/Exponential.lean:54	proved-in-listed-declaration		
display	eq:xlower	1516	eq:xlower	BorceaVariance.reciprocal_real_part_lower	BorceaVariance/LargeDegree/Exponential.lean:54	proved-in-listed-declaration		
display	display:L1522	1522	display:L1522	BorceaVariance.reciprocal_real_part_lower	BorceaVariance/LargeDegree/Exponential.lean:54	proved-in-listed-declaration		
display	display:L1537	1537	display:L1537	BorceaVariance.reciprocal_beta_linear_gap; BorceaVariance.reciprocal_beta_largeDegreeGap	BorceaVariance/LargeDegree/Gap.lean:12; BorceaVariance/LargeDegree/Gap.lean:27	proved-in-listed-declaration		
display	display:L1547	1547	display:L1547	BorceaVariance.reciprocal_beta_linear_gap; BorceaVariance.reciprocal_beta_largeDegreeGap	BorceaVariance/LargeDegree/Gap.lean:12; BorceaVariance/LargeDegree/Gap.lean:27	proved-in-listed-declaration		
display	display:L1552	1552	display:L1552	BorceaVariance.originProduct_exp_bound	BorceaVariance/LargeDegree/Exponential.lean:8	proved-in-listed-declaration		
display	display:L1570	1570	display:L1570	BorceaVariance.originRemainder_exp_bound	BorceaVariance/LargeDegree/Exponential.lean:16	proved-in-listed-declaration		
display	display:L1578	1578	display:L1578	BorceaVariance.originRemainder_exp_bound	BorceaVariance/LargeDegree/Exponential.lean:16	proved-in-listed-declaration		
display	eq:exp-direct	1592	eq:exp-direct	BorceaVariance.originProduct_exp_bound; BorceaVariance.originRemainder_exp_bound	BorceaVariance/LargeDegree/Exponential.lean:8; BorceaVariance/LargeDegree/Exponential.lean:16	proved-in-listed-declaration		
display	display:L1599	1599	display:L1599	BorceaVariance.normalized_large_direct	BorceaVariance/LargeDegree/Basic.lean:47	proved-in-listed-declaration		
display	eq:large-direct	1611	eq:large-direct	BorceaVariance.normalized_large_direct	BorceaVariance/LargeDegree/Basic.lean:47	proved-in-listed-declaration		
display	display:L1618	1618	display:L1618	BorceaVariance.normalized_degree_log_bound; BorceaVariance.normalized_product_identity	BorceaVariance/LargeDegree/SmallABounds.lean:7; BorceaVariance/FiniteCoordinates.lean:31	proved-degree-product-and-log-bound		Some intermediate strict bounds are only used through their stated lower bound on degree*a².
display	display:L1629	1629	display:L1629	BorceaVariance.normalized_degree_log_bound; BorceaVariance.normalized_product_identity	BorceaVariance/LargeDegree/SmallABounds.lean:7; BorceaVariance/FiniteCoordinates.lean:31	proved-degree-product-and-log-bound		Some intermediate strict bounds are only used through their stated lower bound on degree*a².
display	display:L1635	1635	display:L1635	BorceaVariance.normalized_degree_log_bound; BorceaVariance.normalized_product_identity	BorceaVariance/LargeDegree/SmallABounds.lean:7; BorceaVariance/FiniteCoordinates.lean:31	proved-degree-product-and-log-bound		Some intermediate strict bounds are only used through their stated lower bound on degree*a².
display	display:L1643	1643	display:L1643	BorceaVariance.normalized_degree_log_bound; BorceaVariance.normalized_product_identity	BorceaVariance/LargeDegree/SmallABounds.lean:7; BorceaVariance/FiniteCoordinates.lean:31	proved-degree-product-and-log-bound		Some intermediate strict bounds are only used through their stated lower bound on degree*a².
display	eq:small-a-n	1654	eq:small-a-n	BorceaVariance.normalized_small_a_degree; BorceaVariance.log_degree_gt_ten	BorceaVariance/LargeDegree/SmallABounds.lean:66; BorceaVariance/LargeDegree/SmallABounds.lean:53	proved-in-listed-declaration		
display	display:L1659	1659	display:L1659	BorceaVariance.small_a_real_part_lower; BorceaVariance.no_normalized_counterexample_large_small_a	BorceaVariance/LargeDegree/SmallABounds.lean:73; BorceaVariance/LargeDegree/SmallA.lean:20	proved-in-listed-declaration		
display	display:L1665	1665	display:L1665	BorceaVariance.small_a_real_part_lower; BorceaVariance.no_normalized_counterexample_large_small_a	BorceaVariance/LargeDegree/SmallABounds.lean:73; BorceaVariance/LargeDegree/SmallA.lean:20	proved-in-listed-declaration		
display	display:L1669	1669	display:L1669	BorceaVariance.small_a_real_part_lower; BorceaVariance.no_normalized_counterexample_large_small_a	BorceaVariance/LargeDegree/SmallABounds.lean:73; BorceaVariance/LargeDegree/SmallA.lean:20	proved-in-listed-declaration		
display	display:L1674	1674	display:L1674	BorceaVariance.exp_neg_small_a_lt; BorceaVariance.no_normalized_counterexample_large_small_a	BorceaVariance/LargeDegree/TableConstants.lean:83; BorceaVariance/LargeDegree/SmallA.lean:20	proved-in-listed-declaration		
display	display:L1682	1682	display:L1682	BorceaVariance.small_a_remainder_coefficient; BorceaVariance.small_a_remainder_algebra	BorceaVariance/LargeDegree/SmallA.lean:6; BorceaVariance/LargeDegree/SmallA.lean:14	proved-in-listed-declaration		
display	display:L1693	1693	display:L1693	BorceaVariance.psi_table_endpoints; BorceaVariance.no_normalized_counterexample_large_small_a	BorceaVariance/LargeDegree/TableConstants.lean:32; BorceaVariance/LargeDegree/SmallA.lean:20	proved-in-listed-declaration		
display	display:L1697	1697	display:L1697	BorceaVariance.no_normalized_counterexample_large_small_a	BorceaVariance/LargeDegree/SmallA.lean:20	proved-in-listed-declaration		
display	display:L1716	1716	display:L1716	BorceaVariance.exp_neg_hundred_lt; BorceaVariance.normalized_away_estimates	BorceaVariance/LargeDegree/TableConstants.lean:76; BorceaVariance/LargeDegree/Away.lean:22	proved-in-listed-declaration		
display	display:L1729	1729	display:L1729	BorceaVariance.large_degree_remainder_coefficient; BorceaVariance.remainder_gap_to_H	BorceaVariance/LargeDegree/Away.lean:8; BorceaVariance/LargeDegree/Away.lean:15	proved-in-listed-declaration		
display	display:L1757	1757	display:L1757	BorceaVariance.largeDegreeH_interval_bound; BorceaVariance.largeDegreeH_table	BorceaVariance/LargeDegree/TableH.lean:9; BorceaVariance/LargeDegree/TableH.lean:41	proved-in-listed-declaration		
display	display:L1763	1763	display:L1763	BorceaVariance.large_degree_exponential_comparisons	BorceaVariance/LargeDegree/TableConstants.lean:7	proved-in-listed-declaration		
display	display:L1776	1776	display:L1776	BorceaVariance.no_normalized_counterexample_large_away	BorceaVariance/LargeDegree/Away.lean:59	proved-in-listed-declaration		
display	display:L1788	1788	display:L1788	BorceaVariance.central_real_part_lower	BorceaVariance/LargeDegree/CentralGeometry.lean:6	proved-in-listed-declaration		
display	display:L1796	1796	display:L1796	BorceaVariance.central_beta_bounds	BorceaVariance/LargeDegree/CentralGeometry.lean:16	proved-in-listed-declaration		
display	display:L1802	1802	display:L1802	BorceaVariance.central_beta_bounds	BorceaVariance/LargeDegree/CentralGeometry.lean:16	proved-in-listed-declaration		
display	display:L1806	1806	display:L1806	BorceaVariance.central_beta_bounds	BorceaVariance/LargeDegree/CentralGeometry.lean:16	proved-in-listed-declaration		
display	display:L1815	1815	display:L1815	BorceaVariance.central_beta_bounds	BorceaVariance/LargeDegree/CentralGeometry.lean:16	proved-in-listed-declaration		
display	display:L1829	1829	display:L1829	BorceaVariance.central_beta_bounds	BorceaVariance/LargeDegree/CentralGeometry.lean:16	proved-in-listed-declaration		
display	eq:central-beta	1840	eq:central-beta	BorceaVariance.central_beta_bounds	BorceaVariance/LargeDegree/CentralGeometry.lean:16	proved-in-listed-declaration		
display	display:L1845	1845	display:L1845	BorceaVariance.central_center_factor_lower	BorceaVariance/LargeDegree/CentralGeometry.lean:66	proved-in-listed-declaration		
display	display:L1856	1856	display:L1856	BorceaVariance.central_centered_integral_bound	BorceaVariance/LargeDegree/CentralIntegrals.lean:80	explicit-integral-expression		
display	display:L1870	1870	display:L1870	BorceaVariance.central_first_pointwise; BorceaVariance.central_first_integral_bound; BorceaVariance.central_first_coefficient	BorceaVariance/LargeDegree/CentralPointwise.lean:14; BorceaVariance/LargeDegree/CentralIntegrals.lean:13; BorceaVariance/LargeDegree/CentralConstants.lean:6	proved-in-listed-declaration		
display	eq:Efirst	1876	eq:Efirst	BorceaVariance.central_first_pointwise; BorceaVariance.central_first_integral_bound; BorceaVariance.central_first_coefficient	BorceaVariance/LargeDegree/CentralPointwise.lean:14; BorceaVariance/LargeDegree/CentralIntegrals.lean:13; BorceaVariance/LargeDegree/CentralConstants.lean:6	proved-in-listed-declaration		
display	eq:Esecond	1899	eq:Esecond	BorceaVariance.central_second_pointwise; BorceaVariance.central_second_integral_bound; BorceaVariance.central_second_coefficient	BorceaVariance/LargeDegree/CentralPointwise.lean:61; BorceaVariance/LargeDegree/CentralIntegrals.lean:50; BorceaVariance/LargeDegree/CentralConstants.lean:28	proved-in-listed-declaration		
display	display:L1912	1912	display:L1912	BorceaVariance.central_B_power	BorceaVariance/LargeDegree/CentralConstants.lean:18	direct-exponential-power-proof		The logarithmic comparison is replaced by the standard 1-u<=exp(-u) power estimate.
display	display:L1922	1922	display:L1922	BorceaVariance.central_B_power	BorceaVariance/LargeDegree/CentralConstants.lean:18	direct-exponential-power-proof		The logarithmic comparison is replaced by the standard 1-u<=exp(-u) power estimate.
display	display:L1928	1928	display:L1928	BorceaVariance.central_second_coefficient	BorceaVariance/LargeDegree/CentralConstants.lean:28	proved-using-exponential-series		
display	display:L1940	1940	display:L1940	BorceaVariance.central_endpoint_bound; BorceaVariance.central_endpoint_power	BorceaVariance/LargeDegree/Central.lean:8; BorceaVariance/LargeDegree/CentralConstants.lean:58	proved-in-listed-declaration		
display	display:L1955	1955	display:L1955	BorceaVariance.no_normalized_counterexample_large_central	BorceaVariance/LargeDegree/Central.lean:26	proved-in-listed-declaration		
display	display:L1978	1978	display:L1978	BorceaVariance.large_a_moment_bounds; BorceaVariance.compact_moment_bounds	BorceaVariance/LargeDegree/LargeA.lean:8; BorceaVariance/CompactBounds.lean:9	proved-in-listed-declaration		
display	display:L1982	1982	display:L1982	BorceaVariance.large_a_moment_bounds; BorceaVariance.compact_moment_bounds	BorceaVariance/LargeDegree/LargeA.lean:8; BorceaVariance/CompactBounds.lean:9	proved-in-listed-declaration		
display	display:L1993	1993	display:L1993	BorceaVariance.large_a_moment_bounds; BorceaVariance.compact_moment_bounds	BorceaVariance/LargeDegree/LargeA.lean:8; BorceaVariance/CompactBounds.lean:9	proved-in-listed-declaration		
display	display:L1998	1998	display:L1998	BorceaVariance.large_a_moment_bounds; BorceaVariance.compact_moment_bounds	BorceaVariance/LargeDegree/LargeA.lean:8; BorceaVariance/CompactBounds.lean:9	proved-in-listed-declaration		
display	display:L2006	2006	display:L2006	BorceaVariance.large_a_moment_bounds; BorceaVariance.compact_moment_bounds	BorceaVariance/LargeDegree/LargeA.lean:8; BorceaVariance/CompactBounds.lean:9	proved-in-listed-declaration		
display	display:L2029	2029	display:L2029	BorceaVariance.no_normalized_counterexample_large_a_ge_two; BorceaVariance.direct_linear_integral_bound	BorceaVariance/LargeDegree/LargeA.lean:31; BorceaVariance/CompactBounds.lean:44	proved-in-large-a-exclusion		
display	display:L2045	2045	display:L2045	BorceaVariance.no_normalized_counterexample_large_a_ge_two; BorceaVariance.direct_linear_integral_bound	BorceaVariance/LargeDegree/LargeA.lean:31; BorceaVariance/CompactBounds.lean:44	proved-in-large-a-exclusion		
display	display:L2051	2051	display:L2051	BorceaVariance.no_normalized_counterexample_large_a_ge_two; BorceaVariance.direct_linear_integral_bound	BorceaVariance/LargeDegree/LargeA.lean:31; BorceaVariance/CompactBounds.lean:44	proved-in-large-a-exclusion		
display	display:L2065	2065	display:L2065	BorceaVariance.no_normalized_counterexample_large_a_ge_two; BorceaVariance.direct_linear_integral_bound	BorceaVariance/LargeDegree/LargeA.lean:31; BorceaVariance/CompactBounds.lean:44	proved-in-large-a-exclusion		
display	display:L2071	2071	display:L2071	BorceaVariance.no_normalized_counterexample_large_a_ge_two; BorceaVariance.direct_linear_integral_bound	BorceaVariance/LargeDegree/LargeA.lean:31; BorceaVariance/CompactBounds.lean:44	proved-in-large-a-exclusion		
display	display:L2081	2081	display:L2081	BorceaVariance.no_normalized_counterexample_large_a_ge_two; BorceaVariance.direct_linear_integral_bound	BorceaVariance/LargeDegree/LargeA.lean:31; BorceaVariance/CompactBounds.lean:44	proved-in-large-a-exclusion		
lem	lem:symmetric	2111	lem:symmetric	BorceaVariance.symmetric_inequality	BorceaVariance/SmallDegree/Symmetric.lean	proved-by-smoothing	cofactorSum_tangent_lower; cofactorSum_smoothing; cofactorSum_le_normalized	
display	eq:symmetric	2116	eq:symmetric	BorceaVariance.symmetric_inequality	BorceaVariance/SmallDegree/Symmetric.lean:136	proved-by-smoothing	cofactorSum_le_normalized	
display	display:L2132	2132	display:L2132	BorceaVariance.cofactorSum_smoothing; BorceaVariance.cofactorSum_tangent_lower; BorceaVariance.cofactorSum_le_normalized; BorceaVariance.symmetric_inequality	BorceaVariance/SmallDegree/Symmetric.lean:46; BorceaVariance/SmallDegree/Symmetric.lean:31; BorceaVariance/SmallDegree/Symmetric.lean:61; BorceaVariance/SmallDegree/Symmetric.lean:136	alternate-proof-of-lemma		The formal proof uses two-coordinate smoothing and induction, including zero coordinates. The manuscript's optimization, gradient and stationary-point argument is not used or assumed.
display	display:L2144	2144	display:L2144	BorceaVariance.cofactorSum_smoothing; BorceaVariance.cofactorSum_tangent_lower; BorceaVariance.cofactorSum_le_normalized; BorceaVariance.symmetric_inequality	BorceaVariance/SmallDegree/Symmetric.lean:46; BorceaVariance/SmallDegree/Symmetric.lean:31; BorceaVariance/SmallDegree/Symmetric.lean:61; BorceaVariance/SmallDegree/Symmetric.lean:136	alternate-proof-of-lemma		The formal proof uses two-coordinate smoothing and induction, including zero coordinates. The manuscript's optimization, gradient and stationary-point argument is not used or assumed.
display	display:L2154	2154	display:L2154	BorceaVariance.cofactorSum_smoothing; BorceaVariance.cofactorSum_tangent_lower; BorceaVariance.cofactorSum_le_normalized; BorceaVariance.symmetric_inequality	BorceaVariance/SmallDegree/Symmetric.lean:46; BorceaVariance/SmallDegree/Symmetric.lean:31; BorceaVariance/SmallDegree/Symmetric.lean:61; BorceaVariance/SmallDegree/Symmetric.lean:136	alternate-proof-of-lemma		The formal proof uses two-coordinate smoothing and induction, including zero coordinates. The manuscript's optimization, gradient and stationary-point argument is not used or assumed.
display	display:L2166	2166	display:L2166	BorceaVariance.cofactorSum_smoothing; BorceaVariance.cofactorSum_tangent_lower; BorceaVariance.cofactorSum_le_normalized; BorceaVariance.symmetric_inequality	BorceaVariance/SmallDegree/Symmetric.lean:46; BorceaVariance/SmallDegree/Symmetric.lean:31; BorceaVariance/SmallDegree/Symmetric.lean:61; BorceaVariance/SmallDegree/Symmetric.lean:136	alternate-proof-of-lemma		The formal proof uses two-coordinate smoothing and induction, including zero coordinates. The manuscript's optimization, gradient and stationary-point argument is not used or assumed.
display	display:L2179	2179	display:L2179	BorceaVariance.cofactorSum_smoothing; BorceaVariance.cofactorSum_tangent_lower; BorceaVariance.cofactorSum_le_normalized; BorceaVariance.symmetric_inequality	BorceaVariance/SmallDegree/Symmetric.lean:46; BorceaVariance/SmallDegree/Symmetric.lean:31; BorceaVariance/SmallDegree/Symmetric.lean:61; BorceaVariance/SmallDegree/Symmetric.lean:136	alternate-proof-of-lemma		The formal proof uses two-coordinate smoothing and induction, including zero coordinates. The manuscript's optimization, gradient and stationary-point argument is not used or assumed.
display	display:L2185	2185	display:L2185	BorceaVariance.cofactorSum_smoothing; BorceaVariance.cofactorSum_tangent_lower; BorceaVariance.cofactorSum_le_normalized; BorceaVariance.symmetric_inequality	BorceaVariance/SmallDegree/Symmetric.lean:46; BorceaVariance/SmallDegree/Symmetric.lean:31; BorceaVariance/SmallDegree/Symmetric.lean:61; BorceaVariance/SmallDegree/Symmetric.lean:136	alternate-proof-of-lemma		The formal proof uses two-coordinate smoothing and induction, including zero coordinates. The manuscript's optimization, gradient and stationary-point argument is not used or assumed.
display	display:L2198	2198	display:L2198	BorceaVariance.cofactorSum_smoothing; BorceaVariance.cofactorSum_tangent_lower; BorceaVariance.cofactorSum_le_normalized; BorceaVariance.symmetric_inequality	BorceaVariance/SmallDegree/Symmetric.lean:46; BorceaVariance/SmallDegree/Symmetric.lean:31; BorceaVariance/SmallDegree/Symmetric.lean:61; BorceaVariance/SmallDegree/Symmetric.lean:136	alternate-proof-of-lemma		The formal proof uses two-coordinate smoothing and induction, including zero coordinates. The manuscript's optimization, gradient and stationary-point argument is not used or assumed.
display	eq:symmetric-gradient	2206	eq:symmetric-gradient	BorceaVariance.cofactorSum_smoothing; BorceaVariance.cofactorSum_tangent_lower; BorceaVariance.cofactorSum_le_normalized; BorceaVariance.symmetric_inequality	BorceaVariance/SmallDegree/Symmetric.lean:46; BorceaVariance/SmallDegree/Symmetric.lean:31; BorceaVariance/SmallDegree/Symmetric.lean:61; BorceaVariance/SmallDegree/Symmetric.lean:136	alternate-proof-of-lemma		The formal proof uses two-coordinate smoothing and induction, including zero coordinates. The manuscript's optimization, gradient and stationary-point argument is not used or assumed.
display	eq:stationary	2222	eq:stationary	BorceaVariance.cofactorSum_smoothing; BorceaVariance.cofactorSum_tangent_lower; BorceaVariance.cofactorSum_le_normalized; BorceaVariance.symmetric_inequality	BorceaVariance/SmallDegree/Symmetric.lean:46; BorceaVariance/SmallDegree/Symmetric.lean:31; BorceaVariance/SmallDegree/Symmetric.lean:61; BorceaVariance/SmallDegree/Symmetric.lean:136	alternate-proof-of-lemma		The formal proof uses two-coordinate smoothing and induction, including zero coordinates. The manuscript's optimization, gradient and stationary-point argument is not used or assumed.
display	display:L2233	2233	display:L2233	BorceaVariance.cofactorSum_smoothing; BorceaVariance.cofactorSum_tangent_lower; BorceaVariance.cofactorSum_le_normalized; BorceaVariance.symmetric_inequality	BorceaVariance/SmallDegree/Symmetric.lean:46; BorceaVariance/SmallDegree/Symmetric.lean:31; BorceaVariance/SmallDegree/Symmetric.lean:61; BorceaVariance/SmallDegree/Symmetric.lean:136	alternate-proof-of-lemma		The formal proof uses two-coordinate smoothing and induction, including zero coordinates. The manuscript's optimization, gradient and stationary-point argument is not used or assumed.
display	eq:symmetric-second-variation	2251	eq:symmetric-second-variation	BorceaVariance.cofactorSum_smoothing; BorceaVariance.cofactorSum_tangent_lower; BorceaVariance.cofactorSum_le_normalized; BorceaVariance.symmetric_inequality	BorceaVariance/SmallDegree/Symmetric.lean:46; BorceaVariance/SmallDegree/Symmetric.lean:31; BorceaVariance/SmallDegree/Symmetric.lean:61; BorceaVariance/SmallDegree/Symmetric.lean:136	alternate-proof-of-lemma		The formal proof uses two-coordinate smoothing and induction, including zero coordinates. The manuscript's optimization, gradient and stationary-point argument is not used or assumed.
display	display:L2264	2264	display:L2264	BorceaVariance.cofactorSum_smoothing; BorceaVariance.cofactorSum_tangent_lower; BorceaVariance.cofactorSum_le_normalized; BorceaVariance.symmetric_inequality	BorceaVariance/SmallDegree/Symmetric.lean:46; BorceaVariance/SmallDegree/Symmetric.lean:31; BorceaVariance/SmallDegree/Symmetric.lean:61; BorceaVariance/SmallDegree/Symmetric.lean:136	alternate-proof-of-lemma		The formal proof uses two-coordinate smoothing and induction, including zero coordinates. The manuscript's optimization, gradient and stationary-point argument is not used or assumed.
display	display:L2272	2272	display:L2272	BorceaVariance.cofactorSum_smoothing; BorceaVariance.cofactorSum_tangent_lower; BorceaVariance.cofactorSum_le_normalized; BorceaVariance.symmetric_inequality	BorceaVariance/SmallDegree/Symmetric.lean:46; BorceaVariance/SmallDegree/Symmetric.lean:31; BorceaVariance/SmallDegree/Symmetric.lean:61; BorceaVariance/SmallDegree/Symmetric.lean:136	alternate-proof-of-lemma		The formal proof uses two-coordinate smoothing and induction, including zero coordinates. The manuscript's optimization, gradient and stationary-point argument is not used or assumed.
display	display:L2280	2280	display:L2280	BorceaVariance.cofactorSum_smoothing; BorceaVariance.cofactorSum_tangent_lower; BorceaVariance.cofactorSum_le_normalized; BorceaVariance.symmetric_inequality	BorceaVariance/SmallDegree/Symmetric.lean:46; BorceaVariance/SmallDegree/Symmetric.lean:31; BorceaVariance/SmallDegree/Symmetric.lean:61; BorceaVariance/SmallDegree/Symmetric.lean:136	alternate-proof-of-lemma		The formal proof uses two-coordinate smoothing and induction, including zero coordinates. The manuscript's optimization, gradient and stationary-point argument is not used or assumed.
display	display:L2285	2285	display:L2285	BorceaVariance.cofactorSum_smoothing; BorceaVariance.cofactorSum_tangent_lower; BorceaVariance.cofactorSum_le_normalized; BorceaVariance.symmetric_inequality	BorceaVariance/SmallDegree/Symmetric.lean:46; BorceaVariance/SmallDegree/Symmetric.lean:31; BorceaVariance/SmallDegree/Symmetric.lean:61; BorceaVariance/SmallDegree/Symmetric.lean:136	alternate-proof-of-lemma		The formal proof uses two-coordinate smoothing and induction, including zero coordinates. The manuscript's optimization, gradient and stationary-point argument is not used or assumed.
display	eq:symmetric-two-value	2294	eq:symmetric-two-value	BorceaVariance.cofactorSum_smoothing; BorceaVariance.cofactorSum_tangent_lower; BorceaVariance.cofactorSum_le_normalized; BorceaVariance.symmetric_inequality	BorceaVariance/SmallDegree/Symmetric.lean:46; BorceaVariance/SmallDegree/Symmetric.lean:31; BorceaVariance/SmallDegree/Symmetric.lean:61; BorceaVariance/SmallDegree/Symmetric.lean:136	alternate-proof-of-lemma		The formal proof uses two-coordinate smoothing and induction, including zero coordinates. The manuscript's optimization, gradient and stationary-point argument is not used or assumed.
display	display:L2299	2299	display:L2299	BorceaVariance.cofactorSum_smoothing; BorceaVariance.cofactorSum_tangent_lower; BorceaVariance.cofactorSum_le_normalized; BorceaVariance.symmetric_inequality	BorceaVariance/SmallDegree/Symmetric.lean:46; BorceaVariance/SmallDegree/Symmetric.lean:31; BorceaVariance/SmallDegree/Symmetric.lean:61; BorceaVariance/SmallDegree/Symmetric.lean:136	alternate-proof-of-lemma		The formal proof uses two-coordinate smoothing and induction, including zero coordinates. The manuscript's optimization, gradient and stationary-point argument is not used or assumed.
display	display:L2307	2307	display:L2307	BorceaVariance.cofactorSum_smoothing; BorceaVariance.cofactorSum_tangent_lower; BorceaVariance.cofactorSum_le_normalized; BorceaVariance.symmetric_inequality	BorceaVariance/SmallDegree/Symmetric.lean:46; BorceaVariance/SmallDegree/Symmetric.lean:31; BorceaVariance/SmallDegree/Symmetric.lean:61; BorceaVariance/SmallDegree/Symmetric.lean:136	alternate-proof-of-lemma		The formal proof uses two-coordinate smoothing and induction, including zero coordinates. The manuscript's optimization, gradient and stationary-point argument is not used or assumed.
display	eq:ABC	2325	eq:ABC	BorceaVariance.normalized_root_mean; BorceaVariance.normalized_root_secondMoment; BorceaVariance.normalized_root_variance	BorceaVariance/SmallDegree/RootParameters.lean:28; BorceaVariance/SmallDegree/RootParameters.lean:47; BorceaVariance/SmallDegree/RootParameters.lean:64	proved-in-listed-declaration	normalized_other_shift_energy	
lem	lem:inverse-root	2334	{\cite[equation~(3.2)	BorceaVariance.normalized_inverse_root_mean	BorceaVariance/SmallDegree/InverseRoots.lean	proved-for-actual-polynomial-coordinates	See verification/integrated-269-theorems-build.log	
display	display:L2336	2336	display:L2336	BorceaVariance.normalized_inverse_root_mean	BorceaVariance/SmallDegree/InverseRoots.lean:67	proved-mean-identity; auxiliary-moments-defined	See verification/integrated-269-theorems-build.log	T is the second moment of reciprocal root distances; M is their mean.
lem	lem:root-product	2341	lem:root-product	BorceaVariance.normalized_root_product; BorceaVariance.normalized_root_product_zero	BorceaVariance/SmallDegree/RootProduct.lean	proved-including-zero-variance-equality	inverse_root_covariance; normalized_norm_product_improvement; normalized_product_identity	
display	eq:root-product	2343	eq:root-product	BorceaVariance.normalized_root_product; BorceaVariance.normalized_root_product_zero	BorceaVariance/SmallDegree/RootProduct.lean:13; BorceaVariance/SmallDegree/RootProduct.lean:64	proved-including-zero-variance-case	root covariance; symmetric inequality	
display	display:L2359	2359	display:L2359	BorceaVariance.normalized_inverse_root_mean	BorceaVariance/SmallDegree/InverseRoots.lean:67	proved-mean-identity; auxiliary-moments-defined		T is the second moment of reciprocal root distances; M is their mean.
display	display:L2374	2374	display:L2374	BorceaVariance.centered_variance_sum; BorceaVariance.normalized_root_variance	BorceaVariance/FiniteMoments.lean:27; BorceaVariance/SmallDegree/RootParameters.lean:64	proved-scaled-finite-sum-form		
display	display:L2381	2381	display:L2381	BorceaVariance.centered_variance_sum; BorceaVariance.normalized_root_variance	BorceaVariance/FiniteMoments.lean:27; BorceaVariance/SmallDegree/RootParameters.lean:64	proved-scaled-finite-sum-form		
display	display:L2390	2390	display:L2390	BorceaVariance.inverse_root_centered_sum	BorceaVariance/SmallDegree/RootCovariance.lean:6	proved-in-listed-declaration		
display	eq:root-cauchy	2400	eq:root-cauchy	BorceaVariance.inverse_root_cauchy	BorceaVariance/SmallDegree/RootCovariance.lean:22	proved-in-listed-declaration	inverse_root_centered_sum; complex_cauchy	
display	display:L2408	2408	display:L2408	BorceaVariance.real_sub_mul_norm_identity; BorceaVariance.inverse_root_covariance	BorceaVariance/SmallDegree/RootCovariance.lean:35; BorceaVariance/SmallDegree/RootCovariance.lean:43	proved-in-listed-declaration		
display	display:L2414	2414	display:L2414	BorceaVariance.real_sub_mul_norm_identity; BorceaVariance.inverse_root_covariance	BorceaVariance/SmallDegree/RootCovariance.lean:35; BorceaVariance/SmallDegree/RootCovariance.lean:43	proved-in-listed-declaration		
display	eq:root-covariance	2420	eq:root-covariance	BorceaVariance.real_sub_mul_norm_identity; BorceaVariance.inverse_root_covariance	BorceaVariance/SmallDegree/RootCovariance.lean:35; BorceaVariance/SmallDegree/RootCovariance.lean:43	proved-in-listed-declaration	inverse_root_cauchy	
display	display:L2427	2427	display:L2427	BorceaVariance.normalized_norm_product_improvement; BorceaVariance.cofactorSum_eq_product_inverse_sum; BorceaVariance.symmetric_inverse_product	BorceaVariance/SmallDegree/SymmetricProduct.lean:44; BorceaVariance/SmallDegree/SymmetricProduct.lean:7; BorceaVariance/SmallDegree/SymmetricProduct.lean:20	proved-normalized-product-argument		
display	display:L2434	2434	display:L2434	BorceaVariance.normalized_norm_product_improvement; BorceaVariance.cofactorSum_eq_product_inverse_sum; BorceaVariance.symmetric_inverse_product	BorceaVariance/SmallDegree/SymmetricProduct.lean:44; BorceaVariance/SmallDegree/SymmetricProduct.lean:7; BorceaVariance/SmallDegree/SymmetricProduct.lean:20	proved-normalized-product-argument		
display	display:L2438	2438	display:L2438	BorceaVariance.normalized_norm_product_improvement; BorceaVariance.cofactorSum_eq_product_inverse_sum; BorceaVariance.symmetric_inverse_product	BorceaVariance/SmallDegree/SymmetricProduct.lean:44; BorceaVariance/SmallDegree/SymmetricProduct.lean:7; BorceaVariance/SmallDegree/SymmetricProduct.lean:20	proved-normalized-product-argument		
display	display:L2453	2453	display:L2453	BorceaVariance.normalized_norm_product_improvement; BorceaVariance.cofactorSum_eq_product_inverse_sum; BorceaVariance.symmetric_inverse_product	BorceaVariance/SmallDegree/SymmetricProduct.lean:44; BorceaVariance/SmallDegree/SymmetricProduct.lean:7; BorceaVariance/SmallDegree/SymmetricProduct.lean:20	proved-normalized-product-argument		
display	display:L2459	2459	display:L2459	BorceaVariance.normalized_norm_product_improvement; BorceaVariance.cofactorSum_eq_product_inverse_sum; BorceaVariance.symmetric_inverse_product	BorceaVariance/SmallDegree/SymmetricProduct.lean:44; BorceaVariance/SmallDegree/SymmetricProduct.lean:7; BorceaVariance/SmallDegree/SymmetricProduct.lean:20	proved-normalized-product-argument		
display	eq:symmetric-product-consequence	2476	eq:symmetric-product-consequence	BorceaVariance.normalized_norm_product_improvement; BorceaVariance.cofactorSum_eq_product_inverse_sum; BorceaVariance.symmetric_inverse_product	BorceaVariance/SmallDegree/SymmetricProduct.lean:44; BorceaVariance/SmallDegree/SymmetricProduct.lean:7; BorceaVariance/SmallDegree/SymmetricProduct.lean:20	proved-normalized-product-argument	symmetric_inverse_product	
display	display:L2481	2481	display:L2481	BorceaVariance.normalized_norm_product_improvement; BorceaVariance.cofactorSum_eq_product_inverse_sum; BorceaVariance.symmetric_inverse_product	BorceaVariance/SmallDegree/SymmetricProduct.lean:44; BorceaVariance/SmallDegree/SymmetricProduct.lean:7; BorceaVariance/SmallDegree/SymmetricProduct.lean:20	proved-normalized-product-argument		
display	display:L2495	2495	display:L2495	BorceaVariance.normalized_root_product_identity; BorceaVariance.normalized_product_identity	BorceaVariance/SmallDegree/RootParameters.lean:72; BorceaVariance/FiniteCoordinates.lean:31	proved-in-listed-declaration		
display	display:L2503	2503	display:L2503	BorceaVariance.normalized_root_product_identity; BorceaVariance.normalized_product_identity	BorceaVariance/SmallDegree/RootParameters.lean:72; BorceaVariance/FiniteCoordinates.lean:31	proved-in-listed-declaration		
display	display:L2513	2513	display:L2513	BorceaVariance.constant_of_centeredVariance_zero	BorceaVariance/SmallDegree/RootCovariance.lean:76	proved-in-listed-declaration		
display	display:L2522	2522	display:L2522	BorceaVariance.constant_of_centeredVariance_zero	BorceaVariance/SmallDegree/RootCovariance.lean:76	proved-in-listed-declaration		
display	display:L2528	2528	display:L2528	BorceaVariance.inverse_root_covariance_zero; BorceaVariance.normalized_root_product_zero	BorceaVariance/SmallDegree/RootCovariance.lean:60; BorceaVariance/SmallDegree/RootProduct.lean:64	proved-in-listed-declaration		
display	display:L2532	2532	display:L2532	BorceaVariance.inverse_root_covariance_zero; BorceaVariance.normalized_root_product_zero	BorceaVariance/SmallDegree/RootCovariance.lean:60; BorceaVariance/SmallDegree/RootProduct.lean:64	proved-in-listed-declaration		
display	display:L2540	2540	display:L2540	BorceaVariance.inverse_root_covariance_zero; BorceaVariance.normalized_root_product_zero	BorceaVariance/SmallDegree/RootCovariance.lean:60; BorceaVariance/SmallDegree/RootProduct.lean:64	proved-in-listed-declaration		
lem	lem:radial-loss	2553	lem:radial-loss	BorceaVariance.reciprocal_radial_loss; BorceaVariance.reciprocal_product_amgm	BorceaVariance/SmallDegree/RadialLoss.lean	proved	See verification/integrated-318-theorems-build.log	
display	eq:radial-loss	2555	eq:radial-loss	BorceaVariance.reciprocal_radial_loss	BorceaVariance/SmallDegree/RadialLoss.lean:54	proved-in-listed-declaration	See verification/integrated-318-theorems-build.log	
display	eq:log-loss	2572	eq:log-loss	BorceaVariance.log_loss	BorceaVariance/SmallDegree/LogLoss.lean:18	proved-local-differentiation	See verification/integrated-318-theorems-build.log	
display	display:L2579	2579	display:L2579	BorceaVariance.log_loss	BorceaVariance/SmallDegree/LogLoss.lean:18	proved-local-differentiation		
display	display:L2586	2586	display:L2586	BorceaVariance.log_loss	BorceaVariance/SmallDegree/LogLoss.lean:18	proved-local-differentiation		
display	eq:radial-log-product	2602	eq:radial-log-product	BorceaVariance.finite_log_loss	BorceaVariance/SmallDegree/LogLoss.lean:62	proved-in-listed-declaration	See verification/integrated-318-theorems-build.log	
display	display:L2611	2611	display:L2611	BorceaVariance.reciprocal_radial_covariance	BorceaVariance/SmallDegree/RadialLoss.lean:7	proved-in-listed-declaration		
display	display:L2619	2619	display:L2619	BorceaVariance.reciprocal_radial_variance_lower	BorceaVariance/SmallDegree/RadialLoss.lean:28	proved-in-listed-declaration		
display	eq:radial-variance-lower	2642	eq:radial-variance-lower	BorceaVariance.reciprocal_radial_variance_lower	BorceaVariance/SmallDegree/RadialLoss.lean:28	proved-in-listed-declaration	See verification/integrated-318-theorems-build.log	
display	display:L2649	2649	display:L2649	BorceaVariance.reciprocal_radial_loss	BorceaVariance/SmallDegree/RadialLoss.lean:54	proved-in-listed-declaration		
display	display:L2660	2660	display:L2660	BorceaVariance.reciprocal_product_amgm	BorceaVariance/SmallDegree/RadialLoss.lean:88	proved-in-listed-declaration		
lem	lem:tao-product	2674	{\cite[Lemma~13	BorceaVariance.tao_product	BorceaVariance/SmallDegree/TaoProduct.lean	proved	See verification/integrated-269-theorems-build.log	
display	display:L2676	2676	display:L2676	BorceaVariance.tao_product	BorceaVariance/SmallDegree/TaoProduct.lean:48	proved-in-listed-declaration	See verification/integrated-269-theorems-build.log	
lem	lem:radial-bounds	2685	lem:radial-bounds	BorceaVariance.finite_radial_mean_bound; BorceaVariance.finite_radial_variance_bound; BorceaVariance.product_radial_sqrt_bound	BorceaVariance/SmallDegree/RadialBounds.lean	proved	See verification/integrated-318-theorems-build.log	
display	eq:finite-radial	2687	eq:finite-radial	BorceaVariance.finite_radial_mean_bound; BorceaVariance.finite_radial_variance_bound	BorceaVariance/SmallDegree/RadialBounds.lean:43; BorceaVariance/SmallDegree/RadialBounds.lean:94	proved-in-listed-declaration	See verification/integrated-318-theorems-build.log	
display	eq:product-radial	2692	eq:product-radial	BorceaVariance.product_radial_sqrt_bound	BorceaVariance/SmallDegree/RadialBounds.lean:167	proved-in-listed-declaration	See verification/integrated-318-theorems-build.log	
display	eq:q-pointwise-lower	2709	eq:q-pointwise-lower	BorceaVariance.reciprocal_sq_lower	BorceaVariance/SmallDegree/RadialBounds.lean:32	proved-in-listed-declaration	See verification/integrated-318-theorems-build.log	
display	display:L2725	2725	display:L2725	BorceaVariance.reciprocal_inverse_error_norm	BorceaVariance/SmallDegree/RadialBounds.lean:15	proved-scaled-inverse-coordinate-identity		
display	display:L2729	2729	display:L2729	BorceaVariance.reciprocal_inverse_error_norm	BorceaVariance/SmallDegree/RadialBounds.lean:15	proved-scaled-inverse-coordinate-identity		
display	display:L2748	2748	display:L2748	BorceaVariance.finite_radial_mean_bound	BorceaVariance/SmallDegree/RadialBounds.lean:43	proved-in-listed-declaration		
display	display:L2763	2763	display:L2763	BorceaVariance.finite_radial_variance_bound	BorceaVariance/SmallDegree/RadialBounds.lean:94	proved-local-inverse-energy-estimate		
display	display:L2780	2780	display:L2780	BorceaVariance.finite_radial_variance_bound	BorceaVariance/SmallDegree/RadialBounds.lean:94	proved-local-inverse-energy-estimate		
display	display:L2789	2789	display:L2789	BorceaVariance.finite_radial_variance_bound	BorceaVariance/SmallDegree/RadialBounds.lean:94	proved-local-inverse-energy-estimate		
display	display:L2796	2796	display:L2796	BorceaVariance.finite_radial_variance_bound	BorceaVariance/SmallDegree/RadialBounds.lean:94	proved-local-inverse-energy-estimate		
display	eq:tao-product-applied	2808	eq:tao-product-applied	BorceaVariance.tao_product	BorceaVariance/SmallDegree/TaoProduct.lean:48	proved-in-listed-declaration		
display	display:L2818	2818	display:L2818	BorceaVariance.reciprocal_inverse_error_norm	BorceaVariance/SmallDegree/RadialBounds.lean:15	proved-scaled-inverse-coordinate-identity		
display	eq:radial-triangle	2829	eq:radial-triangle	BorceaVariance.reciprocal_inverse_error_norm	BorceaVariance/SmallDegree/RadialBounds.lean:15	proved-scaled-inverse-coordinate-identity	See verification/integrated-318-theorems-build.log	
display	display:L2839	2839	display:L2839	BorceaVariance.product_radial_bound	BorceaVariance/SmallDegree/RadialBounds.lean:140	proved-in-listed-declaration		
display	display:L2847	2847	display:L2847	BorceaVariance.product_radial_sqrt_bound	BorceaVariance/SmallDegree/RadialBounds.lean:167	proved-in-listed-declaration		
lem	lem:packing	2868	lem:packing	BorceaVariance.reciprocal_packing; BorceaVariance.packing_power_interval_exists	BorceaVariance/SmallDegree/Packing.lean; BorceaVariance/SmallDegree/LogarithmicPacking.lean	proved-all-conclusions	packing_pointwise_lower; logarithmic_convex_packing	
display	eq:eta	2874	eq:eta	BorceaVariance.packing_pointwise_lower; BorceaVariance.Certificate.packing_box_bounds	BorceaVariance/SmallDegree/PackingPointwise.lean:77; BorceaVariance/Certificate/PackingWitness.lean:44	checked-strict-witness-hypothesis		The eta inequality is a hypothesis in the analytic lemma and checked rationally for each concrete packed witness.
display	display:L2878	2878	display:L2878	BorceaVariance.packing_pointwise_lower; BorceaVariance.reciprocal_packing_pointwise	BorceaVariance/SmallDegree/PackingPointwise.lean:77; BorceaVariance/SmallDegree/Packing.lean:8	proved-in-listed-declaration		
display	eq:packing-distance	2892	eq:packing-distance	BorceaVariance.reciprocal_packing_distance; BorceaVariance.reciprocal_packing_variance	BorceaVariance/SmallDegree/Packing.lean:68; BorceaVariance/SmallDegree/Packing.lean:83	proved-in-listed-declaration	finite_packing_distance_sum	
display	eq:packing-variance	2892	eq:packing-variance	BorceaVariance.reciprocal_packing_distance; BorceaVariance.reciprocal_packing_variance	BorceaVariance/SmallDegree/Packing.lean:68; BorceaVariance/SmallDegree/Packing.lean:83	proved-in-listed-declaration	finite_packing_inverse_sum	
display	display:L2915	2915	display:L2915	BorceaVariance.packing_product_upper	BorceaVariance/SmallDegree/PackingPointwise.lean:51	proved-in-listed-declaration		
display	eq:packing-product-upper	2922	eq:packing-product-upper	BorceaVariance.packing_product_upper	BorceaVariance/SmallDegree/PackingPointwise.lean:51	proved-in-listed-declaration	Sendov.Multiset.prod_le_mean_pow	
display	display:L2930	2930	display:L2930	BorceaVariance.hasDerivAt_packingKernel; BorceaVariance.packingKernel_monotone	BorceaVariance/SmallDegree/PackingPointwise.lean:13; BorceaVariance/SmallDegree/PackingPointwise.lean:36	proved-in-listed-declaration		
display	display:L2942	2942	display:L2942	BorceaVariance.packing_pointwise_lower; BorceaVariance.reciprocal_packing_pointwise	BorceaVariance/SmallDegree/PackingPointwise.lean:77; BorceaVariance/SmallDegree/Packing.lean:8	proved-in-listed-declaration		
display	eq:packing-pointwise	2953	eq:packing-pointwise	BorceaVariance.packing_pointwise_lower; BorceaVariance.reciprocal_packing_pointwise	BorceaVariance/SmallDegree/PackingPointwise.lean:77; BorceaVariance/SmallDegree/Packing.lean:8	proved-in-listed-declaration	packing_product_upper; packingKernel_monotone	
display	display:L2959	2959	display:L2959	BorceaVariance.packing_pointwise_lower; BorceaVariance.reciprocal_packing_pointwise	BorceaVariance/SmallDegree/PackingPointwise.lean:77; BorceaVariance/SmallDegree/Packing.lean:8	proved-in-listed-declaration		
display	display:L2968	2968	display:L2968	BorceaVariance.packing_power_interval_exists	BorceaVariance/SmallDegree/LogarithmicPacking.lean:9	proved-in-listed-declaration		
display	display:L2972	2972	display:L2972	BorceaVariance.packing_residual_bounds	BorceaVariance/SmallDegree/LogarithmicPacking.lean:42	proved-in-listed-declaration		
display	display:L2983	2983	display:L2983	BorceaVariance.logarithmic_convex_packing	BorceaVariance/SmallDegree/LogarithmicPacking.lean:52	proved-logarithmic-substitution-and-convex-bound		
display	display:L2987	2987	display:L2987	BorceaVariance.logarithmic_convex_packing	BorceaVariance/SmallDegree/LogarithmicPacking.lean:52	proved-logarithmic-substitution-and-convex-bound		
display	display:L2995	2995	display:L2995	BorceaVariance.logarithmic_convex_packing	BorceaVariance/SmallDegree/LogarithmicPacking.lean:52	proved-logarithmic-substitution-and-convex-bound		
display	display:L3012	3012	display:L3012	BorceaVariance.convex_pair_sum_upper; BorceaVariance.convex_packing_exists	BorceaVariance/SmallDegree/ConvexPacking.lean:8; BorceaVariance/SmallDegree/ConvexPacking.lean:36	proved-pair-merging-and-induction		
display	display:L3018	3018	display:L3018	BorceaVariance.convex_pair_sum_upper; BorceaVariance.convex_packing_exists	BorceaVariance/SmallDegree/ConvexPacking.lean:8; BorceaVariance/SmallDegree/ConvexPacking.lean:36	proved-pair-merging-and-induction		
display	display:L3031	3031	display:L3031	BorceaVariance.logarithmic_convex_packing	BorceaVariance/SmallDegree/LogarithmicPacking.lean:52	proved-logarithmic-substitution-and-convex-bound		
display	display:L3039	3039	display:L3039	BorceaVariance.logarithmic_convex_packing	BorceaVariance/SmallDegree/LogarithmicPacking.lean:52	proved-logarithmic-substitution-and-convex-bound		
display	display:L3045	3045	display:L3045	BorceaVariance.logarithmic_convex_packing	BorceaVariance/SmallDegree/LogarithmicPacking.lean:52	proved-logarithmic-substitution-and-convex-bound		
display	eq:packing-convex	3051	eq:packing-convex	BorceaVariance.logarithmic_convex_packing	BorceaVariance/SmallDegree/LogarithmicPacking.lean:52	proved-logarithmic-substitution-and-convex-bound	convex_packing	
display	display:L3070	3070	display:L3070	BorceaVariance.inverse_conjugate_eq_defect_mul_inv; BorceaVariance.finite_packing_distance_sum; BorceaVariance.reciprocal_packing_distance	BorceaVariance/SmallDegree/RadialBounds.lean:6; BorceaVariance/SmallDegree/Packing.lean:18; BorceaVariance/SmallDegree/Packing.lean:68	proved-in-listed-declaration		
display	display:L3080	3080	display:L3080	BorceaVariance.reciprocal_inverse_error_norm	BorceaVariance/SmallDegree/RadialBounds.lean:15	proved-scaled-inverse-coordinate-identity		
display	eq:packing-distance-preliminary	3089	eq:packing-distance-preliminary	BorceaVariance.inverse_conjugate_eq_defect_mul_inv; BorceaVariance.finite_packing_distance_sum; BorceaVariance.reciprocal_packing_distance	BorceaVariance/SmallDegree/RadialBounds.lean:6; BorceaVariance/SmallDegree/Packing.lean:18; BorceaVariance/SmallDegree/Packing.lean:68	proved-in-listed-declaration		
display	display:L3095	3095	display:L3095	BorceaVariance.packingDefect_neg_log	BorceaVariance/SmallDegree/PackingFunctions.lean:38	equivalent-exponential-defect-form		The function exp(t/2)-exp(-t/2) is used in place of the notation 2*sinh(t/2).
display	display:L3106	3106	display:L3106	BorceaVariance.reciprocal_packing_distance; BorceaVariance.reciprocal_packing_variance	BorceaVariance/SmallDegree/Packing.lean:68; BorceaVariance/SmallDegree/Packing.lean:83	proved-in-listed-declaration		
display	display:L3129	3129	display:L3129	BorceaVariance.finite_packing_inverse_sum; BorceaVariance.reciprocal_packing_variance	BorceaVariance/SmallDegree/Packing.lean:45; BorceaVariance/SmallDegree/Packing.lean:83	proved-in-listed-declaration		
display	display:L3141	3141	display:L3141	BorceaVariance.finite_packing_inverse_sum; BorceaVariance.reciprocal_packing_variance	BorceaVariance/SmallDegree/Packing.lean:45; BorceaVariance/SmallDegree/Packing.lean:83	proved-in-listed-declaration		
display	display:L3157	3157	display:L3157	BorceaVariance.elementarySymmetric	BorceaVariance/SmallDegree/CoefficientBounds.lean:89	finite-family-definition-context		
lem	lem:coefficients	3163	lem:coefficients	BorceaVariance.centered_coefficients	BorceaVariance/SmallDegree/CoefficientBounds.lean	proved	See verification/integrated-318-theorems-build.log	
display	eq:coefficients	3165	eq:coefficients	BorceaVariance.centered_coefficients; BorceaVariance.centered_family_esymm_bound	BorceaVariance/SmallDegree/CoefficientBounds.lean:119; BorceaVariance/SmallDegree/CoefficientBounds.lean:92	proved-in-listed-declaration	See verification/integrated-318-theorems-build.log	
display	display:L3196	3196	display:L3196	BorceaVariance.iterated_schoenberg	BorceaVariance/SmallDegree/IteratedSchoenberg.lean:27	proved-in-listed-declaration		
display	eq:coefficient-second-moment	3210	eq:coefficient-second-moment	BorceaVariance.iterated_schoenberg	BorceaVariance/SmallDegree/IteratedSchoenberg.lean:27	proved-in-listed-declaration	See verification/integrated-318-theorems-build.log	
display	display:L3217	3217	display:L3217	BorceaVariance.finite_product_expansion; BorceaVariance.iterated_derivative_root_product	BorceaVariance/SmallDegree/ProductExpansion.lean:23; BorceaVariance/SmallDegree/CoefficientBounds.lean:17	proved-elementary-symmetric-expansion		
display	eq:coefficient-constant-term	3232	eq:coefficient-constant-term	BorceaVariance.iterated_derivative_root_product	BorceaVariance/SmallDegree/CoefficientBounds.lean:17	proved-in-listed-declaration	See verification/integrated-318-theorems-build.log	
display	display:L3238	3238	display:L3238	BorceaVariance.iterated_derivative_root_product	BorceaVariance/SmallDegree/CoefficientBounds.lean:17	proved-in-listed-declaration		
display	display:L3245	3245	display:L3245	BorceaVariance.centered_coefficients; BorceaVariance.centered_family_esymm_bound	BorceaVariance/SmallDegree/CoefficientBounds.lean:119; BorceaVariance/SmallDegree/CoefficientBounds.lean:92	proved-in-listed-declaration		
display	display:L3265	3265	display:L3265	BorceaVariance.centered_coefficients; BorceaVariance.centered_family_esymm_bound	BorceaVariance/SmallDegree/CoefficientBounds.lean:119; BorceaVariance/SmallDegree/CoefficientBounds.lean:92	proved-in-listed-declaration		
display	eq:integral-polynomial	3278	eq:integral-polynomial	BorceaVariance.integral_polynomial_identity; BorceaVariance.power_sum_integral_relation	BorceaVariance/Integral/IntegralPolynomial.lean:34; BorceaVariance/Integral/IntegralPolynomial.lean:64	proved-finite-polynomial-and-integral-identity		
display	display:L3291	3291	display:L3291	BorceaVariance.binomial_linear_factor_expansion	BorceaVariance/Integral/IntegralPolynomial.lean:25	proved-in-listed-declaration		
display	display:L3298	3298	display:L3298	BorceaVariance.integral_nat_beta; BorceaVariance.integral_polynomial_identity	BorceaVariance/Integral/BetaPolynomial.lean:30; BorceaVariance/Integral/IntegralPolynomial.lean:34	proved-in-listed-declaration		
lem	lem:coefficient-test	3312	lem:coefficient-test	BorceaVariance.normalized_coefficient_integral_test	BorceaVariance/SmallDegree/CoefficientTest.lean	proved	eq:center-identity;eq:product-expansion;eq:center-linear-bound;lem:coefficients;eq:integral-polynomial;eq:coefficient-center-bound;eq:coefficient-test	
display	eq:coefficient-test	3315	eq:coefficient-test	BorceaVariance.normalized_coefficient_integral_test	BorceaVariance/SmallDegree/CoefficientTest.lean:56	proved-in-listed-declaration		
display	eq:product-expansion	3325	eq:product-expansion	BorceaVariance.origin_centered_product_expansion	BorceaVariance/SmallDegree/ProductExpansion.lean:49	proved-in-listed-declaration		
display	display:L3336	3336	display:L3336	BorceaVariance.center_linear_factor_bound	BorceaVariance/SmallDegree/ProductExpansion.lean:66	proved-in-listed-declaration		
display	eq:center-linear-bound	3343	eq:center-linear-bound	BorceaVariance.center_linear_factor_bound	BorceaVariance/SmallDegree/ProductExpansion.lean:66	proved-in-listed-declaration		
display	eq:coefficient-center-bound	3353	eq:coefficient-center-bound	BorceaVariance.center_integral_norm_test	BorceaVariance/SmallDegree/CoefficientTest.lean:8	proved-in-listed-declaration		
display	display:L3365	3365	display:L3365	BorceaVariance.centered_error_coefficient_bound	BorceaVariance/SmallDegree/CoefficientIntegral.lean:8	proved-in-listed-declaration		
display	display:L3376	3376	display:L3376	BorceaVariance.coefficient_error_integral_bound; BorceaVariance.centered_error_integral_coefficient_bound	BorceaVariance/SmallDegree/CoefficientIntegral.lean:64; BorceaVariance/SmallDegree/CoefficientIntegral.lean:25	proved-in-listed-declaration		
display	eq:S-I-relation	3391	eq:S-I-relation	BorceaVariance.power_sum_integral_relation	BorceaVariance/Integral/IntegralPolynomial.lean:64	proved-in-listed-declaration		
display	display:L3398	3398	display:L3398	BorceaVariance.coefficient_error_integral_bound; BorceaVariance.centered_error_integral_coefficient_bound	BorceaVariance/SmallDegree/CoefficientIntegral.lean:64; BorceaVariance/SmallDegree/CoefficientIntegral.lean:25	proved-in-listed-declaration		
display	display:L3428	3428	display:L3428	BorceaVariance.rotateToMean; BorceaVariance.meanPhase	BorceaVariance/SmallDegree/RealCoordinateVariance.lean:7; BorceaVariance/SmallDegree/QuadraticSign.lean:7	equivalent-unit-complex-phase-definition		The unit complex number mu/|mu| is used instead of choosing an angle theta.
display	display:L3440	3440	display:L3440	BorceaVariance.rotateToMean_sum; BorceaVariance.rotateToMean_centered	BorceaVariance/SmallDegree/RealCoordinateVariance.lean:23; BorceaVariance/SmallDegree/QuadraticReal.lean:51	proved-in-listed-declaration		
display	display:L3450	3450	display:L3450	BorceaVariance.rotated_centered_energy	BorceaVariance/SmallDegree/QuadraticReal.lean:57	proved-in-listed-declaration		
display	display:L3455	3455	display:L3455	BorceaVariance.realCoordinateVariance	BorceaVariance/SmallDegree/RealCoordinateVariance.lean:14	definition		
display	display:L3467	3467	display:L3467	BorceaVariance.centered_elementarySymmetric_two	BorceaVariance/SmallDegree/QuadraticReal.lean:27	proved-in-listed-declaration		
display	display:L3473	3473	display:L3473	BorceaVariance.centered_elementarySymmetric_two_real	BorceaVariance/SmallDegree/QuadraticReal.lean:34	proved-in-listed-declaration		
display	eq:quadratic-real	3487	eq:quadratic-real	BorceaVariance.rotated_quadratic_real	BorceaVariance/SmallDegree/QuadraticReal.lean:66	proved-in-listed-declaration		
lem	lem:bd	3495	{\cite[p.~353	BorceaVariance.bhatia_davis	BorceaVariance/SmallDegree/RealVariance.lean	proved	weighted finite sums	
display	display:L3503	3503	display:L3503	BorceaVariance.bhatia_davis	BorceaVariance/SmallDegree/RealVariance.lean:8	proved-in-listed-declaration		
lem	lem:real-variance	3513	lem:real-variance	BorceaVariance.rotated_real_variance_bound	BorceaVariance/SmallDegree/RealCoordinateVariance.lean	proved	See verification/integrated-318-theorems-build.log	
display	eq:real-lower	3520	eq:real-lower	BorceaVariance.rotated_real_variance_bound; BorceaVariance.finite_real_coordinate_lower	BorceaVariance/SmallDegree/RealCoordinateVariance.lean:96; BorceaVariance/SmallDegree/RealCoordinateVariance.lean:29	proved-in-listed-declaration		
display	eq:real-variance	3531	eq:real-variance	BorceaVariance.rotated_real_variance_bound; BorceaVariance.finite_real_coordinate_lower	BorceaVariance/SmallDegree/RealCoordinateVariance.lean:96; BorceaVariance/SmallDegree/RealCoordinateVariance.lean:29	proved-in-listed-declaration	See verification/integrated-318-theorems-build.log	
display	eq:real-lower-second	3554	eq:real-lower-second	BorceaVariance.finite_real_coordinate_lower	BorceaVariance/SmallDegree/RealCoordinateVariance.lean:29	proved-coordinate-lower-bounds	See verification/integrated-318-theorems-build.log	
display	display:L3569	3569	display:L3569	BorceaVariance.finite_real_coordinate_lower	BorceaVariance/SmallDegree/RealCoordinateVariance.lean:29	proved-coordinate-lower-bounds		
display	display:L3577	3577	display:L3577	BorceaVariance.finite_real_coordinate_lower	BorceaVariance/SmallDegree/RealCoordinateVariance.lean:29	proved-coordinate-lower-bounds		
display	eq:real-lower-third	3585	eq:real-lower-third	BorceaVariance.finite_real_coordinate_lower	BorceaVariance/SmallDegree/RealCoordinateVariance.lean:29	proved-coordinate-lower-bounds	See verification/integrated-318-theorems-build.log	
display	display:L3598	3598	display:L3598	BorceaVariance.finite_real_coordinate_lower	BorceaVariance/SmallDegree/RealCoordinateVariance.lean:29	proved-coordinate-lower-bounds		
display	display:L3603	3603	display:L3603	BorceaVariance.finite_real_variance_of_bounds	BorceaVariance/SmallDegree/RealCoordinateVariance.lean:63	uniform-weight-Bhatia-Davis-application		
display	display:L3609	3609	display:L3609	BorceaVariance.finite_real_variance_of_bounds	BorceaVariance/SmallDegree/RealCoordinateVariance.lean:63	uniform-weight-Bhatia-Davis-application		
display	eq:W-bhatia-davis	3619	eq:W-bhatia-davis	BorceaVariance.finite_real_variance_of_bounds	BorceaVariance/SmallDegree/RealCoordinateVariance.lean:63	uniform-weight-Bhatia-Davis-application	See verification/integrated-318-theorems-build.log	
display	display:L3630	3630	display:L3630	BorceaVariance.finite_real_variance_bound	BorceaVariance/SmallDegree/RealCoordinateVariance.lean:83	proved-in-listed-declaration		
display	display:L3636	3636	display:L3636	BorceaVariance.finite_real_variance_bound	BorceaVariance/SmallDegree/RealCoordinateVariance.lean:83	proved-in-listed-declaration		
display	display:L3648	3648	display:L3648	BorceaVariance.finite_real_variance_bound	BorceaVariance/SmallDegree/RealCoordinateVariance.lean:83	proved-in-listed-declaration		
display	eq:W-simple	3654	eq:W-simple	BorceaVariance.finite_real_variance_bound	BorceaVariance/SmallDegree/RealCoordinateVariance.lean:83	proved-in-listed-declaration	See verification/integrated-318-theorems-build.log	
display	eq:K2	3664	eq:K2	BorceaVariance.quadraticKernel	BorceaVariance/SmallDegree/PhaseKernel.lean:7	definition		Lean uses degree m=n-1, so the exponent is m-2.
lem	lem:phase	3676	lem:phase	BorceaVariance.normalized_signed_coefficient_test;BorceaVariance.mean_phase_integral_bound	BorceaVariance/SmallDegree/Phase.lean	proved	eq:K2;eq:phase-decomposition;eq:phase-linear-bound;eq:phase-first-term;eq:phase-second-term;eq:integral-polynomial;eq:phase;lem:coefficients;eq:center-identity;eq:product-expansion;eq:quadratic-signed-lower;eq:S-I-relation;eq:signed-test	
display	eq:phase	3685	eq:phase	BorceaVariance.mean_phase_integral_bound; BorceaVariance.phase_integral_bound	BorceaVariance/SmallDegree/Phase.lean:19; BorceaVariance/SmallDegree/PhaseKernel.lean:31	proved-in-listed-declaration		
display	display:L3691	3691	display:L3691	BorceaVariance.mean_phase_integral_bound; BorceaVariance.phase_integral_bound	BorceaVariance/SmallDegree/Phase.lean:19; BorceaVariance/SmallDegree/PhaseKernel.lean:31	proved-in-listed-declaration		
display	eq:signed-test	3708	eq:signed-test	BorceaVariance.normalized_signed_coefficient_test; BorceaVariance.signed_coefficient_integral_test	BorceaVariance/SmallDegree/Phase.lean:69; BorceaVariance/SmallDegree/Phase.lean:47	proved-in-listed-declaration		
display	display:L3723	3723	display:L3723	BorceaVariance.quadraticKernel_real; BorceaVariance.phase_integral_bound	BorceaVariance/SmallDegree/PhaseKernel.lean:13; BorceaVariance/SmallDegree/PhaseKernel.lean:31	proved-explicit-kernel-identities		
display	display:L3731	3731	display:L3731	BorceaVariance.quadraticKernel_real; BorceaVariance.phase_integral_bound	BorceaVariance/SmallDegree/PhaseKernel.lean:13; BorceaVariance/SmallDegree/PhaseKernel.lean:31	proved-explicit-kernel-identities		
display	display:L3739	3739	display:L3739	BorceaVariance.phase_integrand_bound	BorceaVariance/SmallDegree/PhaseIntegrand.lean:36	proved-in-listed-declaration		
display	eq:phase-linear-bound	3751	eq:phase-linear-bound	BorceaVariance.center_linear_factor_bound	BorceaVariance/SmallDegree/ProductExpansion.lean:66	proved-in-listed-declaration		
display	eq:phase-decomposition	3764	eq:phase-decomposition	BorceaVariance.phase_integrand_bound	BorceaVariance/SmallDegree/PhaseIntegrand.lean:36	proved-in-listed-declaration		
display	display:L3773	3773	display:L3773	BorceaVariance.unit_cube_difference_bound; BorceaVariance.phase_integrand_bound	BorceaVariance/SmallDegree/PhaseIntegrand.lean:32; BorceaVariance/SmallDegree/PhaseIntegrand.lean:36	proved-in-listed-declaration		
display	display:L3781	3781	display:L3781	BorceaVariance.phase_integrand_bound	BorceaVariance/SmallDegree/PhaseIntegrand.lean:36	proved-in-listed-declaration		
display	eq:phase-first-term	3787	eq:phase-first-term	BorceaVariance.unit_cube_difference_bound; BorceaVariance.phase_integrand_bound	BorceaVariance/SmallDegree/PhaseIntegrand.lean:32; BorceaVariance/SmallDegree/PhaseIntegrand.lean:36	proved-in-listed-declaration		
display	eq:phase-second-term	3795	eq:phase-second-term	BorceaVariance.complex_pow_difference_bound; BorceaVariance.phase_integrand_bound	BorceaVariance/SmallDegree/PhaseIntegrand.lean:9; BorceaVariance/SmallDegree/PhaseIntegrand.lean:36	proved-in-listed-declaration		
display	display:L3808	3808	display:L3808	BorceaVariance.phase_integrand_bound	BorceaVariance/SmallDegree/PhaseIntegrand.lean:36	proved-in-listed-declaration		
display	display:L3818	3818	display:L3818	BorceaVariance.mean_phase_integral_bound; BorceaVariance.phase_integral_bound	BorceaVariance/SmallDegree/Phase.lean:19; BorceaVariance/SmallDegree/PhaseKernel.lean:31	proved-in-listed-declaration		
display	display:L3839	3839	display:L3839	BorceaVariance.elementarySymmetric_meanPhase	BorceaVariance/SmallDegree/QuadraticSign.lean:21	proved-in-listed-declaration		
display	display:L3845	3845	display:L3845	BorceaVariance.real_product_perturbation_lower; BorceaVariance.quadratic_phase_signed_lower	BorceaVariance/SmallDegree/QuadraticSign.lean:51; BorceaVariance/SmallDegree/Phase.lean:30	proved-in-listed-declaration		
display	display:L3865	3865	display:L3865	BorceaVariance.rotated_quadratic_norm	BorceaVariance/SmallDegree/QuadraticSign.lean:41	proved-in-listed-declaration		
display	eq:quadratic-signed-lower	3871	eq:quadratic-signed-lower	BorceaVariance.quadratic_phase_signed_lower	BorceaVariance/SmallDegree/Phase.lean:30	proved-in-listed-declaration		
display	display:L3879	3879	display:L3879	BorceaVariance.signed_integral_norm_test; BorceaVariance.coefficient_tail_integral_bound	BorceaVariance/SmallDegree/QuadraticSplit.lean:54; BorceaVariance/SmallDegree/CoefficientTail.lean:56	proved-in-listed-declaration		
display	display:L3900	3900	display:L3900	BorceaVariance.normalized_signed_coefficient_test; BorceaVariance.signed_coefficient_integral_test	BorceaVariance/SmallDegree/Phase.lean:69; BorceaVariance/SmallDegree/Phase.lean:47	proved-in-listed-declaration		
display	display:L3916	3916	display:L3916	BorceaVariance.normalized_signed_coefficient_test; BorceaVariance.signed_coefficient_integral_test	BorceaVariance/SmallDegree/Phase.lean:69; BorceaVariance/SmallDegree/Phase.lean:47	proved-in-listed-declaration		
lem	lem:near	3933	lem:near	BorceaVariance.no_normalized_counterexample_near_uniform	BorceaVariance/SmallDegree/NearEquality.lean	proved	lem:radial-bounds;eq:near-a-mu;eq:near-controls;eq:K2;eq:near-linear-factor;eq:near-K2;eq:quadratic-real;eq:real-variance;lem:coefficients;eq:near-K2-phase;lem:coefficient-test;eq:near-tau;eq:core;eq:near-quadratic;eq:near-higher;eq:center-identity;eq:near-final	
display	display:L3951	3951	display:L3951	BorceaVariance.near_mean_variance_bounds	BorceaVariance/SmallDegree/NearGeometry.lean:7	proved-in-listed-declaration		
display	display:L3975	3975	display:L3975	BorceaVariance.near_radial_distance; BorceaVariance.reciprocal_sq_lower	BorceaVariance/SmallDegree/NearGeometry.lean:21; BorceaVariance/SmallDegree/RadialBounds.lean:32	proved-in-listed-declaration		
display	display:L3986	3986	display:L3986	BorceaVariance.near_radial_distance; BorceaVariance.reciprocal_sq_lower	BorceaVariance/SmallDegree/NearGeometry.lean:21; BorceaVariance/SmallDegree/RadialBounds.lean:32	proved-in-listed-declaration		
display	eq:near-a-mu	3991	eq:near-a-mu	BorceaVariance.near_radial_distance; BorceaVariance.reciprocal_sq_lower	BorceaVariance/SmallDegree/NearGeometry.lean:21; BorceaVariance/SmallDegree/RadialBounds.lean:32	proved-in-listed-declaration		
display	display:L4007	4007	display:L4007	BorceaVariance.near_complex_controls	BorceaVariance/SmallDegree/NearGeometry.lean:49	proved-in-listed-declaration		
display	display:L4026	4026	display:L4026	BorceaVariance.near_complex_controls	BorceaVariance/SmallDegree/NearGeometry.lean:49	proved-in-listed-declaration		
display	display:L4032	4032	display:L4032	BorceaVariance.near_complex_controls	BorceaVariance/SmallDegree/NearGeometry.lean:49	proved-in-listed-declaration		
display	display:L4043	4043	display:L4043	BorceaVariance.near_complex_controls	BorceaVariance/SmallDegree/NearGeometry.lean:49	proved-in-listed-declaration		
display	display:L4053	4053	display:L4053	BorceaVariance.near_complex_controls	BorceaVariance/SmallDegree/NearGeometry.lean:49	proved-in-listed-declaration		
display	eq:near-controls	4062	eq:near-controls	BorceaVariance.near_complex_controls	BorceaVariance/SmallDegree/NearGeometry.lean:49	proved-in-listed-declaration		
display	eq:near-linear-factor	4076	eq:near-linear-factor	BorceaVariance.near_kernel_integrand	BorceaVariance/SmallDegree/NearKernel.lean:30	proved-in-listed-declaration		
display	display:L4086	4086	display:L4086	BorceaVariance.quadraticKernel_one	BorceaVariance/SmallDegree/NearKernel.lean:15	proved-in-listed-declaration		
display	display:L4095	4095	display:L4095	BorceaVariance.quadraticKernel_near_one	BorceaVariance/SmallDegree/NearKernel.lean:61	proved-in-listed-declaration		
display	eq:near-K2	4113	eq:near-K2	BorceaVariance.quadraticKernel_near_one	BorceaVariance/SmallDegree/NearKernel.lean:61	proved-in-listed-declaration		
display	display:L4120	4120	display:L4120	BorceaVariance.near_kernel_phase_bound	BorceaVariance/SmallDegree/NearQuadratic.lean:20	proved-in-listed-declaration		
display	display:L4128	4128	display:L4128	BorceaVariance.near_kernel_one_bounds	BorceaVariance/SmallDegree/NearQuadratic.lean:7	proved-in-listed-declaration		
display	eq:near-K2-phase	4136	eq:near-K2-phase	BorceaVariance.near_kernel_phase_bound	BorceaVariance/SmallDegree/NearQuadratic.lean:20	proved-in-listed-declaration		
display	display:L4149	4149	display:L4149	BorceaVariance.near_quadratic_lower	BorceaVariance/SmallDegree/NearQuadratic.lean:56	proved-in-listed-declaration		
display	display:L4159	4159	display:L4159	BorceaVariance.rotated_quadratic_real	BorceaVariance/SmallDegree/QuadraticReal.lean:66	proved-in-listed-declaration		
display	display:L4165	4165	display:L4165	BorceaVariance.finite_real_variance_bound	BorceaVariance/SmallDegree/RealCoordinateVariance.lean:83	proved-in-listed-declaration		
display	display:L4169	4169	display:L4169	BorceaVariance.near_quadratic_lower	BorceaVariance/SmallDegree/NearQuadratic.lean:56	proved-in-listed-declaration		
display	display:L4180	4180	display:L4180	BorceaVariance.rotated_quadratic_norm	BorceaVariance/SmallDegree/QuadraticSign.lean:41	proved-in-listed-declaration		
display	eq:near-quadratic	4186	eq:near-quadratic	BorceaVariance.near_quadratic_lower	BorceaVariance/SmallDegree/NearQuadratic.lean:56	proved-in-listed-declaration		
display	display:L4197	4197	display:L4197	BorceaVariance.near_quadratic_lower	BorceaVariance/SmallDegree/NearQuadratic.lean:56	proved-in-listed-declaration		
display	eq:near-tau	4217	eq:near-tau	BorceaVariance.near_tau_bounds	BorceaVariance/SmallDegree/NearTail.lean:18	proved-in-listed-declaration		
display	display:L4229	4229	display:L4229	BorceaVariance.near_integralPowerSum	BorceaVariance/SmallDegree/NearPowerSum.lean:19	finite-sum-bound		The finite polynomial is bounded directly; the infinite binomial-series identity is not required.
display	display:L4247	4247	display:L4247	BorceaVariance.near_coefficient_sum	BorceaVariance/SmallDegree/NearTail.lean:57	proved-in-listed-declaration		
display	display:L4251	4251	display:L4251	BorceaVariance.near_coefficient_sum; BorceaVariance.near_tail_integral	BorceaVariance/SmallDegree/NearTail.lean:57; BorceaVariance/SmallDegree/NearTail.lean:101	stronger-bound-proved		The formal bound is 40*delta*sqrt(delta), which implies the manuscript's 128*delta^(3/2) bound for delta>0.
display	eq:near-higher	4267	eq:near-higher	BorceaVariance.near_coefficient_sum; BorceaVariance.near_tail_integral	BorceaVariance/SmallDegree/NearTail.lean:57; BorceaVariance/SmallDegree/NearTail.lean:101	stronger-bound-proved		The formal bound is 40*delta*sqrt(delta), which implies the manuscript's 128*delta^(3/2) bound for delta>0.
display	display:L4287	4287	display:L4287	BorceaVariance.no_normalized_counterexample_near_uniform	BorceaVariance/SmallDegree/NearEquality.lean:23	proved-final-assembly-estimates		
display	display:L4296	4296	display:L4296	BorceaVariance.no_normalized_counterexample_near_uniform	BorceaVariance/SmallDegree/NearEquality.lean:23	proved-final-assembly-estimates		
display	eq:near-final	4304	eq:near-final	BorceaVariance.near_final_impossible; BorceaVariance.no_normalized_counterexample_near_uniform	BorceaVariance/SmallDegree/NearEquality.lean:11; BorceaVariance/SmallDegree/NearEquality.lean:23	proved-in-listed-declaration		
display	display:L4313	4313	display:L4313	BorceaVariance.near_final_impossible; BorceaVariance.no_normalized_counterexample_near_uniform	BorceaVariance/SmallDegree/NearEquality.lean:11; BorceaVariance/SmallDegree/NearEquality.lean:23	proved-in-listed-declaration		
display	display:L4321	4321	display:L4321	BorceaVariance.near_final_impossible; BorceaVariance.no_normalized_counterexample_near_uniform	BorceaVariance/SmallDegree/NearEquality.lean:11; BorceaVariance/SmallDegree/NearEquality.lean:23	proved-in-listed-declaration		
lem	lem:compact	4341	lem:compact	BorceaVariance.normalized_compact	BorceaVariance/Compactness.lean	proved-for-actual-polynomial	CompactBounds; PsiShape; normalized_direct_test	
display	display:L4350	4350	display:L4350	BorceaVariance.compact_moment_bounds	BorceaVariance/CompactBounds.lean:9	proved-in-listed-declaration		
display	display:L4354	4354	display:L4354	BorceaVariance.compact_moment_bounds	BorceaVariance/CompactBounds.lean:9	proved-in-listed-declaration		
display	display:L4362	4362	display:L4362	BorceaVariance.compact_moment_bounds	BorceaVariance/CompactBounds.lean:9	proved-in-listed-declaration		
display	display:L4366	4366	display:L4366	BorceaVariance.compact_moment_bounds	BorceaVariance/CompactBounds.lean:9	proved-in-listed-declaration		
display	display:L4374	4374	display:L4374	BorceaVariance.compact_moment_bounds	BorceaVariance/CompactBounds.lean:9	proved-in-listed-declaration		
display	display:L4380	4380	display:L4380	BorceaVariance.compact_moment_bounds	BorceaVariance/CompactBounds.lean:9	proved-in-listed-declaration		
display	eq:compact-bounds	4388	eq:compact-bounds	BorceaVariance.compact_moment_bounds	BorceaVariance/CompactBounds.lean:9	proved-in-listed-declaration		
display	display:L4401	4401	display:L4401	BorceaVariance.normalized_compact; BorceaVariance.factorMean_endpoint_sq_le; BorceaVariance.originProduct_endpoint_bound	BorceaVariance/Compactness.lean:9; BorceaVariance/Integral/Majorants.lean:24; BorceaVariance/Integral/DirectTest.lean:8	proved-in-listed-declaration		
display	display:L4409	4409	display:L4409	BorceaVariance.normalized_compact; BorceaVariance.factorMean_endpoint_sq_le; BorceaVariance.originProduct_endpoint_bound	BorceaVariance/Compactness.lean:9; BorceaVariance/Integral/Majorants.lean:24; BorceaVariance/Integral/DirectTest.lean:8	proved-in-listed-declaration		
display	eq:compact-F	4415	eq:compact-F	BorceaVariance.normalized_compact; BorceaVariance.factorMean_endpoint_sq_le; BorceaVariance.originProduct_endpoint_bound	BorceaVariance/Compactness.lean:9; BorceaVariance/Integral/Majorants.lean:24; BorceaVariance/Integral/DirectTest.lean:8	proved-in-listed-declaration		
display	display:L4426	4426	display:L4426	BorceaVariance.direct_linear_integral_bound; BorceaVariance.normalized_compact	BorceaVariance/CompactBounds.lean:44; BorceaVariance/Compactness.lean:9	proved-in-listed-declaration		
display	eq:compact-R	4442	eq:compact-R	BorceaVariance.direct_linear_integral_bound; BorceaVariance.normalized_compact	BorceaVariance/CompactBounds.lean:44; BorceaVariance/Compactness.lean:9	proved-in-listed-declaration		
display	eq:compact-J	4463	eq:compact-J	BorceaVariance.norm_product_bound_of_secondMoment; BorceaVariance.normalized_compact	BorceaVariance/CompactBounds.lean:31; BorceaVariance/Compactness.lean:9	proved-in-listed-declaration		
display	display:L4476	4476	display:L4476	BorceaVariance.normalized_compact	BorceaVariance/Compactness.lean:9	proved-in-listed-declaration		
display	eq:parameter-box	4497	eq:parameter-box	BorceaVariance.Certificate.CounterexampleParameters.in_initialBox; BorceaVariance.Certificate.admissible_in_initialBox	BorceaVariance/Certificate/CompactDomain.lean:6; BorceaVariance/Certificate/CompactDomain.lean:17	proved-in-listed-declaration	normalized_compact;CounterexampleParameters.unit_parameters	
prop	prop:finite	4508	prop:finite	BorceaVariance.no_normalized_counterexample_finite; BorceaVariance.finite_degree_main	BorceaVariance/FiniteDegree.lean	proved	all_certificate_blocks_exclusion; finite_initialBox_exclusion; normalize_counterexample	All 33671 leaf acceptances and all 72 block exclusions are kernel-checked; the polynomial conclusion uses the proved normalization bridge.
display	eq:certificate-margins	4578	eq:certificate-margins	BorceaVariance.Certificate.leaf_check_sound	BorceaVariance/Certificate/Checker.lean:66	reproduction-metadata-not-proof-input		The two minimum-margin integers are reproduced at 100 bits in verification/exact-replay-100-and-160.json. Lean checks each strict inequality directly and does not assume the aggregate margin.
display	display:L4610	4610	display:L4610	BorceaVariance.normalized_critical_secondMoment_bound	BorceaVariance/Schoenberg.lean:71	proved-in-listed-declaration		
display	display:L4853	4853	display:L4853	BorceaVariance.Certificate.Box; BorceaVariance.Certificate.Box.Contains	BorceaVariance/Certificate/Types.lean:20; BorceaVariance/Certificate/Types.lean:22	definition		
display	display:L4859	4859	display:L4859	BorceaVariance.Certificate.Box; BorceaVariance.Certificate.Box.Contains	BorceaVariance/Certificate/Types.lean:20; BorceaVariance/Certificate/Types.lean:22	definition		
display	display:L4865	4865	display:L4865	BorceaVariance.Certificate.varianceBox_upper; BorceaVariance.Certificate.varianceBoxLower_bound; BorceaVariance.Certificate.distanceA_lower; BorceaVariance.Certificate.distanceB_lower	BorceaVariance/Certificate/BetaMajorant.lean:13; BorceaVariance/Certificate/RefinedEndpoint.lean:15; BorceaVariance/Certificate/Distances.lean:25; BorceaVariance/Certificate/Distances.lean:39	definitions-with-enclosure-proofs		
display	display:L4879	4879	display:L4879	BorceaVariance.Certificate.varianceBox_upper; BorceaVariance.Certificate.varianceBoxLower_bound	BorceaVariance/Certificate/BetaMajorant.lean:13; BorceaVariance/Certificate/RefinedEndpoint.lean:15	proved-in-listed-declaration		
display	display:L4918	4918	display:L4918	BorceaVariance.Certificate.radial_denominator_lower; BorceaVariance.Certificate.radial_mean_box_bound; BorceaVariance.Certificate.radial_variance_box_bound; BorceaVariance.Certificate.initial_variance_box_bound	BorceaVariance/Certificate/PrimitiveRadial.lean:17; BorceaVariance/Certificate/PrimitiveRadial.lean:38; BorceaVariance/Certificate/PrimitiveRadial.lean:59; BorceaVariance/Certificate/PrimitiveRadial.lean:85	proved-in-listed-declaration		
display	display:L4931	4931	display:L4931	BorceaVariance.Certificate.radial_denominator_lower; BorceaVariance.Certificate.radial_mean_box_bound; BorceaVariance.Certificate.radial_variance_box_bound; BorceaVariance.Certificate.initial_variance_box_bound	BorceaVariance/Certificate/PrimitiveRadial.lean:17; BorceaVariance/Certificate/PrimitiveRadial.lean:38; BorceaVariance/Certificate/PrimitiveRadial.lean:59; BorceaVariance/Certificate/PrimitiveRadial.lean:85	proved-in-listed-declaration		
display	display:L4939	4939	display:L4939	BorceaVariance.Certificate.radial_denominator_lower; BorceaVariance.Certificate.radial_mean_box_bound; BorceaVariance.Certificate.radial_variance_box_bound; BorceaVariance.Certificate.initial_variance_box_bound	BorceaVariance/Certificate/PrimitiveRadial.lean:17; BorceaVariance/Certificate/PrimitiveRadial.lean:38; BorceaVariance/Certificate/PrimitiveRadial.lean:59; BorceaVariance/Certificate/PrimitiveRadial.lean:85	proved-in-listed-declaration		
display	display:L4953	4953	display:L4953	BorceaVariance.Certificate.rootBUpper_bound; BorceaVariance.Certificate.rootCUpper_bound; BorceaVariance.Certificate.rootGap_lower	BorceaVariance/Certificate/RootBounds.lean:26; BorceaVariance/Certificate/RootBounds.lean:42; BorceaVariance/Certificate/RootBounds.lean:61	proved-in-listed-declaration		
display	display:L4971	4971	display:L4971	BorceaVariance.Certificate.rootProductLower_bound	BorceaVariance/Certificate/RootBounds.lean:108	proved-including-zero-upper-variance-branch		
display	display:L4984	4984	display:L4984	BorceaVariance.Certificate.rootProductLower_bound	BorceaVariance/Certificate/RootBounds.lean:108	proved-including-zero-upper-variance-branch		
display	display:L4990	4990	display:L4990	BorceaVariance.Certificate.rootBUpper_bound; BorceaVariance.Certificate.rootCUpper_bound; BorceaVariance.Certificate.rootGap_lower	BorceaVariance/Certificate/RootBounds.lean:26; BorceaVariance/Certificate/RootBounds.lean:42; BorceaVariance/Certificate/RootBounds.lean:61	proved-in-listed-declaration		
display	display:L4994	4994	display:L4994	BorceaVariance.Certificate.root_defect_factor; BorceaVariance.Certificate.rootGap_lower	BorceaVariance/Certificate/RootBounds.lean:89; BorceaVariance/Certificate/RootBounds.lean:61	proved-in-listed-declaration		
display	display:L5005	5005	display:L5005	BorceaVariance.Certificate.rootProductLower_bound	BorceaVariance/Certificate/RootBounds.lean:108	proved-including-zero-upper-variance-branch		
display	display:L5016	5016	display:L5016	BorceaVariance.Certificate.radialDistance_lower	BorceaVariance/Certificate/PrimitiveStableProduct.lean:15	definition-and-distance-enclosure		
display	display:L5031	5031	display:L5031	BorceaVariance.Certificate.stableBoxLoss_lower; BorceaVariance.Certificate.product_stable_sound; BorceaVariance.reciprocal_radial_loss	BorceaVariance/Certificate/PrimitiveStableProduct.lean:48; BorceaVariance/Certificate/PrimitiveStableProduct.lean:86; BorceaVariance/SmallDegree/RadialLoss.lean:54	proved-in-listed-declaration		
display	eq:box-loss	5037	eq:box-loss	BorceaVariance.Certificate.stableBoxLoss_lower; BorceaVariance.Certificate.product_stable_sound; BorceaVariance.reciprocal_radial_loss	BorceaVariance/Certificate/PrimitiveStableProduct.lean:48; BorceaVariance/Certificate/PrimitiveStableProduct.lean:86; BorceaVariance/SmallDegree/RadialLoss.lean:54	proved-in-listed-declaration		
display	eq:box-packed	5055	eq:box-packed	BorceaVariance.Certificate.packed_variance_box_bound; BorceaVariance.Certificate.packed_distance_box_bound	BorceaVariance/Certificate/PackedBounds.lean:14; BorceaVariance/Certificate/PackedBounds.lean:29	proved-in-listed-declaration	packing_box_bounds;initial_variance_box_bound	
display	eq:T32	5077	eq:T32	BorceaVariance.Certificate.taylor32_le_exp; BorceaVariance.Certificate.taylor32_one_le	BorceaVariance/Certificate/Arithmetic.lean:49; BorceaVariance/Certificate/StableCore.lean:62	proved-in-listed-declaration	Real.sum_le_exp_of_nonneg	
display	display:L5084	5084	display:L5084	BorceaVariance.Certificate.taylor32_le_exp; BorceaVariance.Certificate.taylor32_one_le	BorceaVariance/Certificate/Arithmetic.lean:49; BorceaVariance/Certificate/StableCore.lean:62	proved-in-listed-declaration		
display	display:L5148	5148	display:L5148	BorceaVariance.Certificate.radial_denominator_lower; BorceaVariance.Certificate.radial_mean_box_bound; BorceaVariance.Certificate.radial_variance_box_bound; BorceaVariance.Certificate.initial_variance_box_bound	BorceaVariance/Certificate/PrimitiveRadial.lean:17; BorceaVariance/Certificate/PrimitiveRadial.lean:38; BorceaVariance/Certificate/PrimitiveRadial.lean:59; BorceaVariance/Certificate/PrimitiveRadial.lean:85	proved-in-listed-declaration		
display	display:L5159	5159	display:L5159	BorceaVariance.Certificate.refined_rho_lower	BorceaVariance/Certificate/RefinedRho.lean:33	proved-in-listed-declaration		
display	display:L5170	5170	display:L5170	BorceaVariance.Certificate.refined_rho_lower	BorceaVariance/Certificate/RefinedRho.lean:33	proved-in-listed-declaration		
display	display:L5175	5175	display:L5175	BorceaVariance.Certificate.refined_rho_lower	BorceaVariance/Certificate/RefinedRho.lean:33	proved-in-listed-declaration		
display	display:L5179	5179	display:L5179	BorceaVariance.Certificate.rho_distance_lower	BorceaVariance/Certificate/RefinedBeta.lean:60	proved-in-listed-declaration		
display	display:L5191	5191	display:L5191	BorceaVariance.Certificate.refined_beta_majorant	BorceaVariance/Certificate/RefinedRho.lean:64	proved-in-listed-declaration		
display	display:L5201	5201	display:L5201	BorceaVariance.Certificate.refined_rho_nonneg; BorceaVariance.Certificate.refined_beta_negative_sound; BorceaVariance.Certificate.beta_box_unit_bounds	BorceaVariance/Certificate/RefinedRho.lean:51; BorceaVariance/Certificate/PrimitiveRefinedBeta.lean:34; BorceaVariance/Certificate/EndpointBounds.lean:57	nonnegativity-or-proved-exclusion		Negative endpoint or interior beta bounds trigger a sound exclusion; admissible boxes satisfy the remaining inequalities.
display	eq:box-endpoint	5218	eq:box-endpoint	BorceaVariance.Certificate.refined_endpoint_square_upper; BorceaVariance.Certificate.refined_kappa_bound; BorceaVariance.Certificate.linear_majorant_box	BorceaVariance/Certificate/RefinedEndpoint.lean:29; BorceaVariance/Certificate/IntegralEnvelopes.lean:41; BorceaVariance/Certificate/EndpointBounds.lean:42	proved-in-listed-declaration	refined_rho_lower;refined_variance_bound	
display	display:L5244	5244	display:L5244	BorceaVariance.Certificate.refined_endpoint_square_upper; BorceaVariance.Certificate.refined_kappa_bound; BorceaVariance.Certificate.linear_majorant_box	BorceaVariance/Certificate/RefinedEndpoint.lean:29; BorceaVariance/Certificate/IntegralEnvelopes.lean:41; BorceaVariance/Certificate/EndpointBounds.lean:42	proved-in-listed-declaration		
display	display:L5267	5267	display:L5267	BorceaVariance.Certificate.stable_core_rounded	BorceaVariance/Certificate/StableCore.lean:74	proved-in-listed-declaration		
display	display:L5290	5290	display:L5290	BorceaVariance.Certificate.center_denominator_lower	BorceaVariance/Certificate/CenterDenominator.lean:8	proved-in-listed-declaration		
display	display:L5296	5296	display:L5296	BorceaVariance.Certificate.center_denominator_lower	BorceaVariance/Certificate/CenterDenominator.lean:8	proved-in-listed-declaration		
display	display:L5315	5315	display:L5315	BorceaVariance.Certificate.center_integral_factor_bounds; BorceaVariance.Certificate.center_integral_term_upper	BorceaVariance/Certificate/CenterScalarBounds.lean:41; BorceaVariance/Certificate/CenterScalarBounds.lean:63	proved-in-listed-declaration		
display	display:L5321	5321	display:L5321	BorceaVariance.Certificate.center_integral_factor_bounds; BorceaVariance.Certificate.center_integral_term_upper	BorceaVariance/Certificate/CenterScalarBounds.lean:41; BorceaVariance/Certificate/CenterScalarBounds.lean:63	proved-in-listed-declaration		
display	display:L5333	5333	display:L5333	BorceaVariance.Certificate.positive_sound; BorceaVariance.Certificate.positive_h_bounds	BorceaVariance/Certificate/PrimitivePositive.lean:22; BorceaVariance/Certificate/PositiveKernel.lean:24	checked-domain-guards		The positive test explicitly checks positive r_lower and h_upper<=1 before applying its estimates.
display	display:L5345	5345	display:L5345	BorceaVariance.Certificate.positive_pointwise_lower; BorceaVariance.Certificate.positive_real_variance_upper; BorceaVariance.Certificate.positive_quadratic_lower	BorceaVariance/Certificate/PositiveGeometry.lean:14; BorceaVariance/Certificate/PositiveGeometry.lean:67; BorceaVariance/Certificate/PositiveGeometry.lean:121	proved-in-listed-declaration		
display	display:L5372	5372	display:L5372	BorceaVariance.Certificate.positive_pointwise_lower; BorceaVariance.Certificate.positive_real_variance_upper; BorceaVariance.Certificate.positive_quadratic_lower	BorceaVariance/Certificate/PositiveGeometry.lean:14; BorceaVariance/Certificate/PositiveGeometry.lean:67; BorceaVariance/Certificate/PositiveGeometry.lean:121	proved-in-listed-declaration		
display	display:L5381	5381	display:L5381	BorceaVariance.Certificate.positive_mean_real_lower; BorceaVariance.Certificate.positive_phase_rounded_upper; BorceaVariance.Certificate.positive_kernel_lower	BorceaVariance/Certificate/PositivePhase.lean:12; BorceaVariance/Certificate/PositivePhase.lean:68; BorceaVariance/Certificate/PositiveKernel.lean:43	proved-in-listed-declaration		
display	display:L5414	5414	display:L5414	BorceaVariance.Certificate.positive_kernel_lower; BorceaVariance.Certificate.integral_polynomial_mono	BorceaVariance/Certificate/PositiveKernel.lean:43; BorceaVariance/Certificate/PositiveKernel.lean:16	proved-in-listed-declaration		
display	display:L5425	5425	display:L5425	BorceaVariance.Certificate.positive_kernel_lower; BorceaVariance.Certificate.integral_polynomial_mono	BorceaVariance/Certificate/PositiveKernel.lean:43; BorceaVariance/Certificate/PositiveKernel.lean:16	proved-in-listed-declaration		
display	display:L5441	5441	display:L5441	BorceaVariance.Certificate.DegreeBlock.Contains	BorceaVariance/Certificate/Types.lean:38	degree-block-definition		Stored endpoints are polynomial degrees. M and N in the manuscript are one less than the respective stored endpoints.
display	display:L5456	5456	display:L5456	BorceaVariance.Certificate.refined_rho_lower; BorceaVariance.Certificate.refined_beta_majorant	BorceaVariance/Certificate/RefinedRho.lean:33; BorceaVariance/Certificate/RefinedRho.lean:64	proved-in-listed-declaration		
display	display:L5467	5467	display:L5467	BorceaVariance.Certificate.varianceUpper_bounds; BorceaVariance.normalized_critical_secondMoment_bound	BorceaVariance/Certificate/PrimitiveMoments.lean:8; BorceaVariance/Schoenberg.lean:71	proved-in-listed-declaration		
display	display:L5489	5489	display:L5489	BorceaVariance.Certificate.phi_box_upper; BorceaVariance.Certificate.core_box_upper; BorceaVariance.Certificate.coreRounded_upper	BorceaVariance/Certificate/CoreBounds.lean:16; BorceaVariance/Certificate/CoreBounds.lean:58; BorceaVariance/Certificate/RoundedCore.lean:45	proved-in-listed-declaration		
display	display:L5502	5502	display:L5502	BorceaVariance.Certificate.product_sound	BorceaVariance/Certificate/PrimitiveProduct.lean:45	degree-block-product-exclusion		
display	display:L5513	5513	display:L5513	BorceaVariance.Certificate.product_sound	BorceaVariance/Certificate/PrimitiveProduct.lean:45	degree-block-product-exclusion		
display	display:L5520	5520	display:L5520	BorceaVariance.Certificate.direct_coefficients_bounds; BorceaVariance.Certificate.direct_box_pointwise	BorceaVariance/Certificate/DirectPointwise.lean:12; BorceaVariance/Certificate/DirectPointwise.lean:37	proved-in-listed-declaration		
display	display:L5526	5526	display:L5526	BorceaVariance.Certificate.direct_coefficients_bounds; BorceaVariance.Certificate.direct_box_pointwise	BorceaVariance/Certificate/DirectPointwise.lean:12; BorceaVariance/Certificate/DirectPointwise.lean:37	proved-in-listed-declaration		
display	display:L5533	5533	display:L5533	BorceaVariance.Certificate.refined_endpoint_power_upper; BorceaVariance.Certificate.direct_sound	BorceaVariance/Certificate/PrimitiveDirect.lean:12; BorceaVariance/Certificate/PrimitiveDirect.lean:91	proved-in-listed-declaration		
display	display:L5539	5539	display:L5539	BorceaVariance.Certificate.beta_box_unit_bounds; BorceaVariance.Certificate.refined_kappa_bound	BorceaVariance/Certificate/EndpointBounds.lean:57; BorceaVariance/Certificate/IntegralEnvelopes.lean:41	proved-in-listed-declaration		
display	display:L5548	5548	display:L5548	BorceaVariance.retained_factor_lower; BorceaVariance.Certificate.retained_factor_moment_lower	BorceaVariance/Integral/DirectRetained.lean:19; BorceaVariance/Certificate/RetainedEnvelopes.lean:76	proved-in-listed-declaration		
display	display:L5555	5555	display:L5555	BorceaVariance.retained_factor_lower; BorceaVariance.Certificate.retained_factor_moment_lower	BorceaVariance/Integral/DirectRetained.lean:19; BorceaVariance/Certificate/RetainedEnvelopes.lean:76	proved-in-listed-declaration		
display	display:L5561	5561	display:L5561	BorceaVariance.retained_base_antitone_degree; BorceaVariance.retained_block_power_bound; BorceaVariance.retained_block_nat_power_bound	BorceaVariance/Integral/BlockPowers.lean:12; BorceaVariance/Integral/BlockPowers.lean:22; BorceaVariance/Integral/BlockPowers.lean:32	proved-with-both-degree-endpoint-powers		Bases above one are covered by the maximum of both endpoint powers.
display	display:L5568	5568	display:L5568	BorceaVariance.retained_base_antitone_degree; BorceaVariance.retained_block_power_bound; BorceaVariance.retained_block_nat_power_bound	BorceaVariance/Integral/BlockPowers.lean:12; BorceaVariance/Integral/BlockPowers.lean:22; BorceaVariance/Integral/BlockPowers.lean:32	proved-with-both-degree-endpoint-powers		Bases above one are covered by the maximum of both endpoint powers.
display	eq:block-retained-powers	5578	eq:block-retained-powers	BorceaVariance.retained_base_antitone_degree; BorceaVariance.retained_block_power_bound; BorceaVariance.retained_block_nat_power_bound	BorceaVariance/Integral/BlockPowers.lean:12; BorceaVariance/Integral/BlockPowers.lean:22; BorceaVariance/Integral/BlockPowers.lean:32	proved-with-both-degree-endpoint-powers	See verification/integrated-269-theorems-build.log	Bases above one are covered by the maximum of both endpoint powers.
display	display:L5590	5590	display:L5590	BorceaVariance.Certificate.center_first_coefficients_bounds; BorceaVariance.Certificate.center_second_coefficients_bounds; BorceaVariance.Certificate.center_first_box_pointwise; BorceaVariance.Certificate.center_second_box_pointwise	BorceaVariance/Certificate/CenterFirstPointwise.lean:12; BorceaVariance/Certificate/CenterSecondPointwise.lean:13; BorceaVariance/Certificate/CenterFirstPointwise.lean:30; BorceaVariance/Certificate/CenterSecondPointwise.lean:28	proved-in-listed-declaration		
display	display:L5600	5600	display:L5600	BorceaVariance.Certificate.center_first_coefficients_bounds; BorceaVariance.Certificate.center_second_coefficients_bounds; BorceaVariance.Certificate.center_first_box_pointwise; BorceaVariance.Certificate.center_second_box_pointwise	BorceaVariance/Certificate/CenterFirstPointwise.lean:12; BorceaVariance/Certificate/CenterSecondPointwise.lean:13; BorceaVariance/Certificate/CenterFirstPointwise.lean:30; BorceaVariance/Certificate/CenterSecondPointwise.lean:28	proved-in-listed-declaration		
display	display:L5611	5611	display:L5611	BorceaVariance.Certificate.center_integral_factor_bounds; BorceaVariance.Certificate.center_integral_term_upper	BorceaVariance/Certificate/CenterScalarBounds.lean:41; BorceaVariance/Certificate/CenterScalarBounds.lean:63	proved-in-listed-declaration		
display	display:L5621	5621	display:L5621	BorceaVariance.Certificate.center_endpoint_power_upper; BorceaVariance.Certificate.half_power_unit_box	BorceaVariance/Certificate/CenterScalarBounds.lean:27; BorceaVariance/Certificate/CenterScalarBounds.lean:7	proved-in-listed-declaration		
display	display:L5627	5627	display:L5627	BorceaVariance.Certificate.center_ratio_sound	BorceaVariance/Certificate/PrimitiveCenterRatio.lean:15	proved-in-listed-declaration		
display	display:L5674	5674	display:L5674	BorceaVariance.Certificate.dyadicMesh; BorceaVariance.Certificate.dyadicMeshSegments; BorceaVariance.Certificate.meshCheck_sound	BorceaVariance/Certificate/MeshData.lean:6; BorceaVariance/Certificate/MeshData.lean:13; BorceaVariance/Certificate/Mesh.lean:13	concrete-mesh-checked-with-each-test		The generator transports the chosen level and refinement; mesh endpoints, ordering and range are checked inside the certified test.
display	display:L5684	5684	display:L5684	BorceaVariance.Certificate.dyadicMesh; BorceaVariance.Certificate.dyadicMeshSegments; BorceaVariance.Certificate.meshCheck_sound	BorceaVariance/Certificate/MeshData.lean:6; BorceaVariance/Certificate/MeshData.lean:13; BorceaVariance/Certificate/Mesh.lean:13	concrete-mesh-checked-with-each-test		The generator transports the chosen level and refinement; mesh endpoints, ordering and range are checked inside the certified test.
display	eq:rounding	5714	eq:rounding	BorceaVariance.Certificate.multiplyUp_sound; BorceaVariance.Certificate.subtractDown_sound; QuadraticTangZhang.cast_le_roundUp	BorceaVariance/Certificate/Arithmetic.lean:18; BorceaVariance/Certificate/Arithmetic.lean:26; QuadraticTangZhang/DyadicSoundness.lean:33	proved-directed-rational-enclosures	QuadraticTangZhang.cast_le_roundUp;QuadraticTangZhang.roundDown_cast_le	
display	display:L5730	5730	display:L5730	BorceaVariance.Certificate.upperSqrt_sound; BorceaVariance.Certificate.upperHalfPower_sound	BorceaVariance/Certificate/Arithmetic.lean:37; BorceaVariance/Certificate/Arithmetic.lean:41	proved-in-listed-declaration		
display	display:L5832	5832	display:L5832	BorceaVariance.Certificate.Generated.concrete_low_leaf_count; BorceaVariance.Certificate.Generated.concrete_mid_leaf_count; BorceaVariance.Certificate.Generated.concrete_total_leaf_count	BorceaVariance/Certificate/Generated/Counts.lean:11; BorceaVariance/Certificate/Generated/Counts.lean:15; BorceaVariance/Certificate/Generated/Counts.lean:19	proved-counts-of-original-typed-trees		The 12821 low-degree and 20850 mid-degree leaves (33671 total) are counted directly in the original typed Lean certificate trees by kernel reduction.
display	eq:exp-series-bounds	5852	eq:exp-series-bounds	BorceaVariance.exponential_series_bounds	BorceaVariance/ExponentialSeries.lean:9	proved-in-listed-declaration		General x>=0 and x<k+2; this identity is independently proved, while earlier numerical comparisons already have kernel proofs.
display	display:L5870	5870	display:L5870	QuadraticTangZhang.exp_one_bounds; BorceaVariance.omission_one_constant_bounds; BorceaVariance.omission_two_constant_bounds	QuadraticTangZhang/AnalyticConstants.lean:13; BorceaVariance/Integral/Constants.lean:25; BorceaVariance/Integral/Constants.lean:33	proved-in-listed-declaration		
display	display:L5876	5876	display:L5876	Real.add_one_le_exp	Mathlib/Analysis/SpecialFunctions/Exp.lean (external)	mathlib-theorem		Apply at -u and rewrite -u+1=1-u.
display	display:L5880	5880	display:L5880	BorceaVariance.central_second_coefficient	BorceaVariance/LargeDegree/CentralConstants.lean:28	proved-exponential-series-term-lower-bound
